num_eventos;fecha_f;;;;;;;;;;;num_eventos;fecha_f;;2 años;731;;;;;;;;;;Etiquetas de fila;Cuenta de num_eventos;;2 años;731;;;;;1826;100;;;;;
3;31/07/2024;;;;;;;;;;;3;3/07/2024;;;;;;;;;;;;;28/07/2011;1;;;;;;;;1265;;;;;;
1;30/07/2024;;;Gobierno;Inicio;Corte;Suma;;;;;4;4/07/2024;;Gobierno;Inicio;Corte;Fin de gobierno;Suma_corte;Suma_fin;;;;;;29/07/2011;1;;Gobierno;Inicio;Corte;fin de periodo;Suma_3er año;Días totales trabajados;Total de días;;;;;;
2;29/07/2024;;;Ollanta Humala;28/07/2011;27/07/2016;2299;1826;1.3;;;1;5/07/2024;;Ollanta Humala;28/07/2011;28/07/2013;27/07/2016;847;2299;1826;1.2;;;;30/07/2011;1;;Ollanta Humala;28/07/2011;28/07/2013;27/07/2016;480;1265;1826;0.7;251;561;1.4;69;66
3;28/07/2024;;;Pedro Pablo Kuczynski;28/07/2016;22/03/2018;884;602;1.5;;;1;6/07/2024;;Pedro Pablo Kuczynski;28/07/2016;29/07/2018;22/03/2018;1106;884;602;1.5;;;;1/08/2011;1;;Pedro Pablo Kuczynski;28/07/2016;29/07/2018;22/03/2018;;338;602;;;264;1.8;56;0
1;27/07/2024;;;Martín Vizcarra;23/03/2018;9/11/2020;1331;962;1.4;;;2;8/07/2024;;Martín Vizcarra;23/03/2018;9/11/2020;9/11/2020;1331;1331;962;1.8;;;;2/08/2011;1;;Martín Vizcarra;23/03/2018;23/03/2020;9/11/2020;444;583;962;0.6;287;379;1.7;61;61
2;26/07/2024;;;Merino;10/11/2020;16/11/2020;3;6;0.5;;;1;9/07/2024;;Merino;10/11/2020;16/11/2020;16/11/2020;3;3;6;;;;;3/08/2011;1;;Merino;10/11/2020;16/11/2020;16/11/2020;;3;6;;;3;;50;0
2;25/07/2024;;;Sagasti;17/11/2020;27/07/2021;249;252;1.0;;;1;10/07/2024;;Sagasti;17/11/2020;27/07/2021;27/07/2021;249;249;252;;;;;4/08/2011;1;;Sagasti;17/11/2020;27/07/2021;27/07/2021;;156;252;;;96;;62;0
1;24/07/2024;;;Pedro Castillo;28/07/2021;6/12/2022;1381;496;2.8;;;1;11/07/2024;;Pedro Castillo;28/07/2021;6/12/2022;6/12/2022;1381;1381;496;1.9;;;;7/08/2011;1;;Pedro Castillo;28/07/2021;6/12/2022;6/12/2022;;384;496;;;112;1.3;77;0
1;23/07/2024;;;Dina Boluarte;7/12/2022;5/12/2024;1113;729;1.5;;;1;12/07/2024;;Dina Boluarte;7/12/2022;7/12/2024;7/12/2024;1241;1241;731;1.7;;;;9/08/2011;1;;Dina Boluarte;7/12/2022;7/12/2024;7/12/2024;530;530;731;0.7;201;201;1.4;73;73
4;22/07/2024;;;;;;7260;;;;;2;15/07/2024;;;;;;6158;;;;;;;10/08/2011;1;;;;;;1454;3259;;;;;;;
1;21/07/2024;;;;;;;;;;;3;16/07/2024;;;;;;;;;;;;;12/08/2011;1;;;;;;;;;;;;;;
1;20/07/2024;;;;;;;;;;;3;17/07/2024;;;;;;;;;;;;;13/08/2011;1;;;;;;;;;;;;;;
1;19/07/2024;;;;;;;;;;;3;18/07/2024;;;;;;;;;;;;;14/08/2011;1;;;;;;;;;;;;;;
3;18/07/2024;;;;;;;;;;;4;22/07/2024;;;;;;;;;;;;;15/08/2011;1;;;;;;;;;;;;;;
3;17/07/2024;;;;;;;;;;;1;23/07/2024;;;;;;;;;;;;;17/08/2011;1;;;;;;;;;;;;;;
3;16/07/2024;;;;;;;;;;;1;24/07/2024;;;;;;;;;;;;;18/08/2011;1;;;;;;;;;;;;;;
2;15/07/2024;;;;;;;;;;;2;25/07/2024;;;;;;;;;;;;;19/08/2011;1;;;;;;;;;;;;;;
1;14/07/2024;;;;;;;;;;;2;26/07/2024;;;;;;;;;;;;;21/08/2011;1;;;;;;;;;;;;;;
1;13/07/2024;;;;;;;;;;;3;28/07/2024;;;;;;;;;;;;;22/08/2011;1;;;;;;;;;;;;;;
1;12/07/2024;;;;;;;;;;;2;29/07/2024;;;;;;;;;;;;;23/08/2011;1;;;;;;;;;;;;;;
1;11/07/2024;;;;;;;;;;;3;31/07/2024;;;;;;;;;;;;;24/08/2011;1;;;;;;;;;;;;;;
1;10/07/2024;;;;;;;;;;;2;4/06/2024;;;;;;;;;;;;;26/08/2011;1;;;;;;;;;;;;;;
1;9/07/2024;;;;;;;;;;;5;5/06/2024;;;;;;;;;;;;;28/08/2011;1;;;;;;;;;;;;;;
2;8/07/2024;;;;;;;;;;;1;7/06/2024;;;;;;;;;;;;;31/08/2011;1;;;;;;;;;;;;;;
1;7/07/2024;;;;;;;;;;;3;10/06/2024;;;;;;;;;;;;;1/09/2011;1;;;;;;;;;;;;;;
1;6/07/2024;;;;;;;;;;;1;11/06/2024;;;;;;;;;;;;;2/09/2011;1;;;;;;;;;;;;;;
1;5/07/2024;;;;;;;;;;;2;12/06/2024;;;;;;;;;;;;;3/09/2011;1;;;;;;;;;;;;;;
4;4/07/2024;;;;;;;;;;;3;13/06/2024;;;;;;;;;;;;;6/09/2011;1;;;;;;;;;;;;;;
3;3/07/2024;;;;;;;;;;;1;14/06/2024;;;;;;;;;;;;;7/09/2011;1;;;;;;;;;;;;;;
1;2/07/2024;;;;;;;;;;;1;17/06/2024;;;;;;;;;;;;;8/09/2011;1;;;;;;;;;;;;;;
1;1/07/2024;;;;;;;;;;;1;18/06/2024;;;;;;;;;;;;;9/09/2011;1;;;;;;;;;;;;;;
1;30/06/2024;;;;;;;;;;;2;19/06/2024;;;;;;;;;;;;;11/09/2011;1;;;;;;;;;;;;;;
1;29/06/2024;;;;;;;;;;;3;20/06/2024;;;;;;;;;;;;;12/09/2011;1;;;;;;;;;;;;;;
7;28/06/2024;;;;;;;;;;;2;21/06/2024;;;;;;;;;;;;;13/09/2011;1;;;;;;;;;;;;;;
4;27/06/2024;;;;;;;;;;;1;23/06/2024;;;;;;;;;;;;;14/09/2011;1;;;;;;;;;;;;;;
10;26/06/2024;;;;;;;;;;;3;24/06/2024;;;;;;;;;;;;;15/09/2011;1;;;;;;;;;;;;;;
5;25/06/2024;;;;;;;;;;;5;25/06/2024;;;;;;;;;;;;;16/09/2011;1;;;;;;;;;;;;;;
3;24/06/2024;;;;;;;;;;;10;26/06/2024;;;;;;;;;;;;;17/09/2011;1;;;;;;;;;;;;;;
1;23/06/2024;;;;;;;;;;;4;27/06/2024;;;;;;;;;;;;;18/09/2011;1;;;;;;;;;;;;;;
1;22/06/2024;;;;;;;;;;;7;28/06/2024;;;;;;;;;;;;;19/09/2011;1;;;;;;;;;;;;;;
2;21/06/2024;;;;;;;;;;;1;29/06/2024;;;;;;;;;;;;;20/09/2011;1;;;;;;;;;;;;;;
3;20/06/2024;;;;;;;;;;;1;30/06/2024;;;;;;;;;;;;;21/09/2011;1;;;;;;;;;;;;;;
2;19/06/2024;;;;;;;;;;;2;1/05/2024;;;;;;;;;;;;;22/09/2011;1;;;;;;;;;;;;;;
1;18/06/2024;;;;;;;;;;;1;2/05/2024;;;;;;;;;;;;;23/09/2011;1;;;;;;;;;;;;;;
1;17/06/2024;;;;;;;;;;;2;3/05/2024;;;;;;;;;;;;;25/09/2011;1;;;;;;;;;;;;;;
1;16/06/2024;;;;;;;;;;;2;6/05/2024;;;;;;;;;;;;;28/09/2011;1;;;;;;;;;;;;;;
1;15/06/2024;;;;;;;;;;;4;7/05/2024;;;;;;;;;;;;;29/09/2011;1;;;;;;;;;;;;;;
1;14/06/2024;;;;;;;;;;;3;8/05/2024;;;;;;;;;;;;;30/09/2011;1;;;;;;;;;;;;;;
3;13/06/2024;;;;;;;;;;;2;10/05/2024;;;;;;;;;;;;;2/10/2011;1;;;;;;;;;;;;;;
2;12/06/2024;;;;;;;;;;;1;13/05/2024;;;;;;;;;;;;;4/10/2011;1;;;;;;;;;;;;;;
1;11/06/2024;;;;;;;;;;;1;14/05/2024;;;;;;;;;;;;;5/10/2011;1;;;;;;;;;;;;;;
3;10/06/2024;;;;;;;;;;;2;15/05/2024;;;;;;;;;;;;;7/10/2011;1;;;;;;;;;;;;;;
1;9/06/2024;;;;;;;;;;;2;16/05/2024;;;;;;;;;;;;;8/10/2011;1;;;;;;;;;;;;;;
1;8/06/2024;;;;;;;;;;;1;17/05/2024;;;;;;;;;;;;;12/10/2011;1;;;;;;;;;;;;;;
1;7/06/2024;;;;;;;;;;;2;19/05/2024;;;;;;;;;;;;;13/10/2011;1;;;;;;;;;;;;;;
1;6/06/2024;;;;;;;;;;;3;20/05/2024;;;;;;;;;;;;;14/10/2011;1;;;;;;;;;;;;;;
5;5/06/2024;;;;;;;;;;;2;21/05/2024;;;;;;;;;;;;;15/10/2011;1;;;;;;;;;;;;;;
2;4/06/2024;;;;;;;;;;;1;22/05/2024;;;;;;;;;;;;;17/10/2011;1;;;;;;;;;;;;;;
1;3/06/2024;;;;;;;;;;;1;23/05/2024;;;;;;;;;;;;;18/10/2011;1;;;;;;;;;;;;;;
1;2/06/2024;;;;;;;;;;;2;24/05/2024;;;;;;;;;;;;;19/10/2011;1;;;;;;;;;;;;;;
1;1/06/2024;;;;;;;;;;;1;26/05/2024;;;;;;;;;;;;;20/10/2011;1;;;;;;;;;;;;;;
1;31/05/2024;;;;;;;;;;;2;28/05/2024;;;;;;;;;;;;;21/10/2011;1;;;;;;;;;;;;;;
1;30/05/2024;;;;;;;;;;;4;29/05/2024;;;;;;;;;;;;;22/10/2011;1;;;;;;;;;;;;;;
4;29/05/2024;;;;;;;;;;;1;30/05/2024;;;;;;;;;;;;;24/10/2011;1;;;;;;;;;;;;;;
2;28/05/2024;;;;;;;;;;;1;31/05/2024;;;;;;;;;;;;;25/10/2011;1;;;;;;;;;;;;;;
1;27/05/2024;;;;;;;;;;;2;1/04/2024;;;;;;;;;;;;;26/10/2011;1;;;;;;;;;;;;;;
1;26/05/2024;;;;;;;;;;;1;2/04/2024;;;;;;;;;;;;;27/10/2011;1;;;;;;;;;;;;;;
1;25/05/2024;;;;;;;;;;;1;3/04/2024;;;;;;;;;;;;;28/10/2011;1;;;;;;;;;;;;;;
2;24/05/2024;;;;;;;;;;;1;4/04/2024;;;;;;;;;;;;;29/10/2011;1;;;;;;;;;;;;;;
1;23/05/2024;;;;;;;;;;;1;5/04/2024;;;;;;;;;;;;;30/10/2011;1;;;;;;;;;;;;;;
1;22/05/2024;;;;;;;;;;;1;9/04/2024;;;;;;;;;;;;;2/11/2011;1;;;;;;;;;;;;;;
2;21/05/2024;;;;;;;;;;;4;10/04/2024;;;;;;;;;;;;;3/11/2011;1;;;;;;;;;;;;;;
3;20/05/2024;;;;;;;;;;;2;11/04/2024;;;;;;;;;;;;;4/11/2011;1;;;;;;;;;;;;;;
2;19/05/2024;;;;;;;;;;;2;12/04/2024;;;;;;;;;;;;;5/11/2011;1;;;;;;;;;;;;;;
1;18/05/2024;;;;;;;;;;;1;13/04/2024;;;;;;;;;;;;;6/11/2011;1;;;;;;;;;;;;;;
1;17/05/2024;;;;;;;;;;;4;15/04/2024;;;;;;;;;;;;;7/11/2011;1;;;;;;;;;;;;;;
2;16/05/2024;;;;;;;;;;;3;16/04/2024;;;;;;;;;;;;;8/11/2011;1;;;;;;;;;;;;;;
2;15/05/2024;;;;;;;;;;;2;17/04/2024;;;;;;;;;;;;;9/11/2011;1;;;;;;;;;;;;;;
1;14/05/2024;;;;;;;;;;;1;18/04/2024;;;;;;;;;;;;;10/11/2011;1;;;;;;;;;;;;;;
1;13/05/2024;;;;;;;;;;;2;19/04/2024;;;;;;;;;;;;;11/11/2011;1;;;;;;;;;;;;;;
1;12/05/2024;;;;;;;;;;;1;22/04/2024;;;;;;;;;;;;;12/11/2011;1;;;;;;;;;;;;;;
1;11/05/2024;;;;;;;;;;;1;23/04/2024;;;;;;;;;;;;;13/11/2011;1;;;;;;;;;;;;;;
2;10/05/2024;;;;;;;;;;;2;25/04/2024;;;;;;;;;;;;;16/11/2011;1;;;;;;;;;;;;;;
1;9/05/2024;;;;;;;;;;;2;29/04/2024;;;;;;;;;;;;;18/11/2011;1;;;;;;;;;;;;;;
3;8/05/2024;;;;;;;;;;;2;30/04/2024;;;;;;;;;;;;;21/11/2011;1;;;;;;;;;;;;;;
4;7/05/2024;;;;;;;;;;;2;1/03/2024;;;;;;;;;;;;;22/11/2011;1;;;;;;;;;;;;;;
2;6/05/2024;;;;;;;;;;;2;4/03/2024;;;;;;;;;;;;;23/11/2011;1;;;;;;;;;;;;;;
1;5/05/2024;;;;;;;;;;;2;6/03/2024;;;;;;;;;;;;;24/11/2011;1;;;;;;;;;;;;;;
1;4/05/2024;;;;;;;;;;;3;7/03/2024;;;;;;;;;;;;;25/11/2011;1;;;;;;;;;;;;;;
2;3/05/2024;;;;;;;;;;;3;8/03/2024;;;;;;;;;;;;;26/11/2011;1;;;;;;;;;;;;;;
1;2/05/2024;;;;;;;;;;;2;11/03/2024;;;;;;;;;;;;;28/11/2011;1;;;;;;;;;;;;;;
2;1/05/2024;;;;;;;;;;;1;12/03/2024;;;;;;;;;;;;;29/11/2011;1;;;;;;;;;;;;;;
2;30/04/2024;;;;;;;;;;;2;13/03/2024;;;;;;;;;;;;;30/11/2011;1;;;;;;;;;;;;;;
2;29/04/2024;;;;;;;;;;;1;14/03/2024;;;;;;;;;;;;;1/12/2011;1;;;;;;;;;;;;;;
1;28/04/2024;;;;;;;;;;;3;15/03/2024;;;;;;;;;;;;;4/12/2011;1;;;;;;;;;;;;;;
1;27/04/2024;;;;;;;;;;;1;18/03/2024;;;;;;;;;;;;;6/12/2011;1;;;;;;;;;;;;;;
1;26/04/2024;;;;;;;;;;;1;20/03/2024;;;;;;;;;;;;;7/12/2011;1;;;;;;;;;;;;;;
2;25/04/2024;;;;;;;;;;;1;21/03/2024;;;;;;;;;;;;;9/12/2011;1;;;;;;;;;;;;;;
1;24/04/2024;;;;;;;;;;;4;22/03/2024;;;;;;;;;;;;;11/12/2011;1;;;;;;;;;;;;;;
1;23/04/2024;;;;;;;;;;;1;25/03/2024;;;;;;;;;;;;;12/12/2011;1;;;;;;;;;;;;;;
1;22/04/2024;;;;;;;;;;;1;26/03/2024;;;;;;;;;;;;;13/12/2011;1;;;;;;;;;;;;;;
1;21/04/2024;;;;;;;;;;;3;27/03/2024;;;;;;;;;;;;;14/12/2011;1;;;;;;;;;;;;;;
1;20/04/2024;;;;;;;;;;;1;30/03/2024;;;;;;;;;;;;;16/12/2011;1;;;;;;;;;;;;;;
2;19/04/2024;;;;;;;;;;;1;31/03/2024;;;;;;;;;;;;;17/12/2011;1;;;;;;;;;;;;;;
1;18/04/2024;;;;;;;;;;;3;1/02/2024;;;;;;;;;;;;;18/12/2011;1;;;;;;;;;;;;;;
2;17/04/2024;;;;;;;;;;;1;2/02/2024;;;;;;;;;;;;;20/12/2011;1;;;;;;;;;;;;;;
3;16/04/2024;;;;;;;;;;;1;5/02/2024;;;;;;;;;;;;;21/12/2011;1;;;;;;;;;;;;;;
4;15/04/2024;;;;;;;;;;;1;6/02/2024;;;;;;;;;;;;;22/12/2011;1;;;;;;;;;;;;;;
1;14/04/2024;;;;;;;;;;;1;7/02/2024;;;;;;;;;;;;;23/12/2011;1;;;;;;;;;;;;;;
1;13/04/2024;;;;;;;;;;;1;8/02/2024;;;;;;;;;;;;;28/12/2011;1;;;;;;;;;;;;;;
2;12/04/2024;;;;;;;;;;;1;9/02/2024;;;;;;;;;;;;;29/12/2011;1;;;;;;;;;;;;;;
2;11/04/2024;;;;;;;;;;;1;12/02/2024;;;;;;;;;;;;;30/12/2011;1;;;;;;;;;;;;;;
4;10/04/2024;;;;;;;;;;;2;13/02/2024;;;;;;;;;;;;;7/01/2012;1;;;;;;;;;;;;;;
1;9/04/2024;;;;;;;;;;;1;15/02/2024;;;;;;;;;;;;;10/01/2012;1;;;;;;;;;;;;;;
1;8/04/2024;;;;;;;;;;;1;16/02/2024;;;;;;;;;;;;;12/01/2012;1;;;;;;;;;;;;;;
1;7/04/2024;;;;;;;;;;;3;19/02/2024;;;;;;;;;;;;;15/01/2012;1;;;;;;;;;;;;;;
1;6/04/2024;;;;;;;;;;;1;20/02/2024;;;;;;;;;;;;;17/01/2012;1;;;;;;;;;;;;;;
1;5/04/2024;;;;;;;;;;;2;21/02/2024;;;;;;;;;;;;;18/01/2012;1;;;;;;;;;;;;;;
1;4/04/2024;;;;;;;;;;;1;22/02/2024;;;;;;;;;;;;;20/01/2012;1;;;;;;;;;;;;;;
1;3/04/2024;;;;;;;;;;;1;23/02/2024;;;;;;;;;;;;;21/01/2012;1;;;;;;;;;;;;;;
1;2/04/2024;;;;;;;;;;;1;26/02/2024;;;;;;;;;;;;;22/01/2012;1;;;;;;;;;;;;;;
2;1/04/2024;;;;;;;;;;;2;27/02/2024;;;;;;;;;;;;;23/01/2012;1;;;;;;;;;;;;;;
1;31/03/2024;;;;;;;;;;;5;28/02/2024;;;;;;;;;;;;;24/01/2012;1;;;;;;;;;;;;;;
1;30/03/2024;;;;;;;;;;;4;29/02/2024;;;;;;;;;;;;;25/01/2012;1;;;;;;;;;;;;;;
1;29/03/2024;;;;;;;;;;;3;3/01/2024;;;;;;;;;;;;;26/01/2012;1;;;;;;;;;;;;;;
1;28/03/2024;;;;;;;;;;;1;6/01/2024;;;;;;;;;;;;;27/01/2012;1;;;;;;;;;;;;;;
3;27/03/2024;;;;;;;;;;;2;8/01/2024;;;;;;;;;;;;;28/01/2012;1;;;;;;;;;;;;;;
1;26/03/2024;;;;;;;;;;;1;9/01/2024;;;;;;;;;;;;;31/01/2012;1;;;;;;;;;;;;;;
1;25/03/2024;;;;;;;;;;;1;10/01/2024;;;;;;;;;;;;;2/02/2012;1;;;;;;;;;;;;;;
1;24/03/2024;;;;;;;;;;;1;11/01/2024;;;;;;;;;;;;;4/02/2012;1;;;;;;;;;;;;;;
1;23/03/2024;;;;;;;;;;;1;12/01/2024;;;;;;;;;;;;;5/02/2012;1;;;;;;;;;;;;;;
4;22/03/2024;;;;;;;;;;;1;15/01/2024;;;;;;;;;;;;;9/02/2012;1;;;;;;;;;;;;;;
1;21/03/2024;;;;;;;;;;;2;16/01/2024;;;;;;;;;;;;;11/02/2012;1;;;;;;;;;;;;;;
1;20/03/2024;;;;;;;;;;;3;17/01/2024;;;;;;;;;;;;;12/02/2012;1;;;;;;;;;;;;;;
1;19/03/2024;;;;;;;;;;;2;18/01/2024;;;;;;;;;;;;;15/02/2012;1;;;;;;;;;;;;;;
1;18/03/2024;;;;;;;;;;;1;19/01/2024;;;;;;;;;;;;;16/02/2012;1;;;;;;;;;;;;;;
1;17/03/2024;;;;;;;;;;;2;20/01/2024;;;;;;;;;;;;;17/02/2012;1;;;;;;;;;;;;;;
1;16/03/2024;;;;;;;;;;;1;21/01/2024;;;;;;;;;;;;;24/02/2012;1;;;;;;;;;;;;;;
3;15/03/2024;;;;;;;;;;;1;22/01/2024;;;;;;;;;;;;;28/02/2012;1;;;;;;;;;;;;;;
1;14/03/2024;;;;;;;;;;;1;23/01/2024;;;;;;;;;;;;;29/02/2012;1;;;;;;;;;;;;;;
2;13/03/2024;;;;;;;;;;;2;25/01/2024;;;;;;;;;;;;;1/03/2012;1;;;;;;;;;;;;;;
1;12/03/2024;;;;;;;;;;;1;26/01/2024;;;;;;;;;;;;;2/03/2012;1;;;;;;;;;;;;;;
2;11/03/2024;;;;;;;;;;;1;27/01/2024;;;;;;;;;;;;;3/03/2012;1;;;;;;;;;;;;;;
1;10/03/2024;;;;;;;;;;;2;29/01/2024;;;;;;;;;;;;;5/03/2012;1;;;;;;;;;;;;;;
1;9/03/2024;;;;;;;;;;;2;30/01/2024;;;;;;;;;;;;;7/03/2012;1;;;;;;;;;;;;;;
3;8/03/2024;;;;;;;;;;;1;31/01/2024;;;;;;;;;;;;;8/03/2012;1;;;;;;;;;;;;;;
3;7/03/2024;;;;;;;;;;;3;1/12/2023;;;;;;;;;;;;;9/03/2012;1;;;;;;;;;;;;;;
2;6/03/2024;;;;;;;;;;;2;3/12/2023;;;;;;;;;;;;;10/03/2012;1;;;;;;;;;;;;;;
1;5/03/2024;;;;;;;;;;;3;4/12/2023;;;;;;;;;;;;;12/03/2012;1;;;;;;;;;;;;;;
2;4/03/2024;;;;;;;;;;;1;5/12/2023;;;;;;;;;;;;;13/03/2012;1;;;;;;;;;;;;;;
1;3/03/2024;;;;;;;;;;;3;6/12/2023;;;;;;;;;;;;;15/03/2012;1;;;;;;;;;;;;;;
1;2/03/2024;;;;;;;;;;;2;7/12/2023;;;;;;;;;;;;;16/03/2012;1;;;;;;;;;;;;;;
2;1/03/2024;;;;;;;;;;;1;9/12/2023;;;;;;;;;;;;;17/03/2012;1;;;;;;;;;;;;;;
4;29/02/2024;;;;;;;;;;;2;11/12/2023;;;;;;;;;;;;;18/03/2012;1;;;;;;;;;;;;;;
5;28/02/2024;;;;;;;;;;;5;13/12/2023;;;;;;;;;;;;;21/03/2012;1;;;;;;;;;;;;;;
2;27/02/2024;;;;;;;;;;;1;14/12/2023;;;;;;;;;;;;;22/03/2012;1;;;;;;;;;;;;;;
1;26/02/2024;;;;;;;;;;;3;15/12/2023;;;;;;;;;;;;;24/03/2012;1;;;;;;;;;;;;;;
1;25/02/2024;;;;;;;;;;;1;16/12/2023;;;;;;;;;;;;;25/03/2012;1;;;;;;;;;;;;;;
1;24/02/2024;;;;;;;;;;;3;18/12/2023;;;;;;;;;;;;;26/03/2012;1;;;;;;;;;;;;;;
1;23/02/2024;;;;;;;;;;;3;19/12/2023;;;;;;;;;;;;;29/03/2012;1;;;;;;;;;;;;;;
1;22/02/2024;;;;;;;;;;;3;20/12/2023;;;;;;;;;;;;;30/03/2012;1;;;;;;;;;;;;;;
2;21/02/2024;;;;;;;;;;;4;21/12/2023;;;;;;;;;;;;;1/04/2012;1;;;;;;;;;;;;;;
1;20/02/2024;;;;;;;;;;;3;22/12/2023;;;;;;;;;;;;;3/04/2012;1;;;;;;;;;;;;;;
3;19/02/2024;;;;;;;;;;;3;23/12/2023;;;;;;;;;;;;;4/04/2012;1;;;;;;;;;;;;;;
1;18/02/2024;;;;;;;;;;;1;24/12/2023;;;;;;;;;;;;;5/04/2012;1;;;;;;;;;;;;;;
1;17/02/2024;;;;;;;;;;;1;27/12/2023;;;;;;;;;;;;;6/04/2012;1;;;;;;;;;;;;;;
1;16/02/2024;;;;;;;;;;;3;28/12/2023;;;;;;;;;;;;;9/04/2012;1;;;;;;;;;;;;;;
1;15/02/2024;;;;;;;;;;;1;29/12/2023;;;;;;;;;;;;;10/04/2012;1;;;;;;;;;;;;;;
1;14/02/2024;;;;;;;;;;;2;31/12/2023;;;;;;;;;;;;;11/04/2012;1;;;;;;;;;;;;;;
2;13/02/2024;;;;;;;;;;;4;1/11/2023;;;;;;;;;;;;;12/04/2012;1;;;;;;;;;;;;;;
1;12/02/2024;;;;;;;;;;;8;2/11/2023;;;;;;;;;;;;;13/04/2012;1;;;;;;;;;;;;;;
1;11/02/2024;;;;;;;;;;;4;3/11/2023;;;;;;;;;;;;;14/04/2012;1;;;;;;;;;;;;;;
1;10/02/2024;;;;;;;;;;;1;4/11/2023;;;;;;;;;;;;;15/04/2012;1;;;;;;;;;;;;;;
1;9/02/2024;;;;;;;;;;;3;6/11/2023;;;;;;;;;;;;;18/04/2012;1;;;;;;;;;;;;;;
1;8/02/2024;;;;;;;;;;;2;7/11/2023;;;;;;;;;;;;;21/04/2012;1;;;;;;;;;;;;;;
1;7/02/2024;;;;;;;;;;;1;8/11/2023;;;;;;;;;;;;;27/04/2012;1;;;;;;;;;;;;;;
1;6/02/2024;;;;;;;;;;;3;9/11/2023;;;;;;;;;;;;;29/04/2012;1;;;;;;;;;;;;;;
1;5/02/2024;;;;;;;;;;;1;10/11/2023;;;;;;;;;;;;;3/05/2012;1;;;;;;;;;;;;;;
1;4/02/2024;;;;;;;;;;;2;13/11/2023;;;;;;;;;;;;;4/05/2012;1;;;;;;;;;;;;;;
1;3/02/2024;;;;;;;;;;;3;14/11/2023;;;;;;;;;;;;;5/05/2012;1;;;;;;;;;;;;;;
1;2/02/2024;;;;;;;;;;;8;15/11/2023;;;;;;;;;;;;;6/05/2012;1;;;;;;;;;;;;;;
3;1/02/2024;;;;;;;;;;;11;16/11/2023;;;;;;;;;;;;;8/05/2012;1;;;;;;;;;;;;;;
1;31/01/2024;;;;;;;;;;;5;17/11/2023;;;;;;;;;;;;;9/05/2012;1;;;;;;;;;;;;;;
2;30/01/2024;;;;;;;;;;;1;18/11/2023;;;;;;;;;;;;;10/05/2012;1;;;;;;;;;;;;;;
2;29/01/2024;;;;;;;;;;;2;20/11/2023;;;;;;;;;;;;;11/05/2012;1;;;;;;;;;;;;;;
1;28/01/2024;;;;;;;;;;;2;21/11/2023;;;;;;;;;;;;;12/05/2012;1;;;;;;;;;;;;;;
1;27/01/2024;;;;;;;;;;;3;22/11/2023;;;;;;;;;;;;;14/05/2012;1;;;;;;;;;;;;;;
1;26/01/2024;;;;;;;;;;;3;23/11/2023;;;;;;;;;;;;;17/05/2012;1;;;;;;;;;;;;;;
2;25/01/2024;;;;;;;;;;;1;24/11/2023;;;;;;;;;;;;;18/05/2012;1;;;;;;;;;;;;;;
1;24/01/2024;;;;;;;;;;;1;25/11/2023;;;;;;;;;;;;;20/05/2012;1;;;;;;;;;;;;;;
1;23/01/2024;;;;;;;;;;;1;26/11/2023;;;;;;;;;;;;;21/05/2012;1;;;;;;;;;;;;;;
1;22/01/2024;;;;;;;;;;;4;27/11/2023;;;;;;;;;;;;;22/05/2012;1;;;;;;;;;;;;;;
1;21/01/2024;;;;;;;;;;;3;28/11/2023;;;;;;;;;;;;;24/05/2012;1;;;;;;;;;;;;;;
2;20/01/2024;;;;;;;;;;;2;29/11/2023;;;;;;;;;;;;;26/05/2012;1;;;;;;;;;;;;;;
1;19/01/2024;;;;;;;;;;;1;30/11/2023;;;;;;;;;;;;;28/05/2012;1;;;;;;;;;;;;;;
2;18/01/2024;;;;;;;;;;;2;1/10/2023;;;;;;;;;;;;;30/05/2012;1;;;;;;;;;;;;;;
3;17/01/2024;;;;;;;;;;;1;2/10/2023;;;;;;;;;;;;;31/05/2012;1;;;;;;;;;;;;;;
2;16/01/2024;;;;;;;;;;;3;4/10/2023;;;;;;;;;;;;;1/06/2012;1;;;;;;;;;;;;;;
1;15/01/2024;;;;;;;;;;;1;5/10/2023;;;;;;;;;;;;;4/06/2012;1;;;;;;;;;;;;;;
1;14/01/2024;;;;;;;;;;;3;6/10/2023;;;;;;;;;;;;;5/06/2012;1;;;;;;;;;;;;;;
1;13/01/2024;;;;;;;;;;;1;8/10/2023;;;;;;;;;;;;;6/06/2012;1;;;;;;;;;;;;;;
1;12/01/2024;;;;;;;;;;;1;9/10/2023;;;;;;;;;;;;;7/06/2012;1;;;;;;;;;;;;;;
1;11/01/2024;;;;;;;;;;;2;10/10/2023;;;;;;;;;;;;;8/06/2012;1;;;;;;;;;;;;;;
1;10/01/2024;;;;;;;;;;;3;11/10/2023;;;;;;;;;;;;;10/06/2012;1;;;;;;;;;;;;;;
1;9/01/2024;;;;;;;;;;;4;12/10/2023;;;;;;;;;;;;;11/06/2012;1;;;;;;;;;;;;;;
2;8/01/2024;;;;;;;;;;;7;13/10/2023;;;;;;;;;;;;;12/06/2012;1;;;;;;;;;;;;;;
1;7/01/2024;;;;;;;;;;;4;14/10/2023;;;;;;;;;;;;;13/06/2012;1;;;;;;;;;;;;;;
1;6/01/2024;;;;;;;;;;;2;15/10/2023;;;;;;;;;;;;;14/06/2012;1;;;;;;;;;;;;;;
1;5/01/2024;;;;;;;;;;;1;16/10/2023;;;;;;;;;;;;;15/06/2012;1;;;;;;;;;;;;;;
1;4/01/2024;;;;;;;;;;;1;17/10/2023;;;;;;;;;;;;;16/06/2012;1;;;;;;;;;;;;;;
3;3/01/2024;;;;;;;;;;;1;18/10/2023;;;;;;;;;;;;;17/06/2012;1;;;;;;;;;;;;;;
1;2/01/2024;;;;;;;;;;;1;19/10/2023;;;;;;;;;;;;;18/06/2012;1;;;;;;;;;;;;;;
1;1/01/2024;;;;;;;;;;;3;20/10/2023;;;;;;;;;;;;;19/06/2012;1;;;;;;;;;;;;;;
2;31/12/2023;;;;;;;;;;;1;23/10/2023;;;;;;;;;;;;;21/06/2012;1;;;;;;;;;;;;;;
1;30/12/2023;;;;;;;;;;;4;24/10/2023;;;;;;;;;;;;;24/06/2012;1;;;;;;;;;;;;;;
1;29/12/2023;;;;;;;;;;;6;25/10/2023;;;;;;;;;;;;;25/06/2012;1;;;;;;;;;;;;;;
3;28/12/2023;;;;;;;;;;;2;26/10/2023;;;;;;;;;;;;;26/06/2012;1;;;;;;;;;;;;;;
1;27/12/2023;;;;;;;;;;;4;27/10/2023;;;;;;;;;;;;;27/06/2012;1;;;;;;;;;;;;;;
1;26/12/2023;;;;;;;;;;;4;30/10/2023;;;;;;;;;;;;;28/06/2012;1;;;;;;;;;;;;;;
1;25/12/2023;;;;;;;;;;;1;31/10/2023;;;;;;;;;;;;;2/07/2012;1;;;;;;;;;;;;;;
1;24/12/2023;;;;;;;;;;;2;1/09/2023;;;;;;;;;;;;;3/07/2012;1;;;;;;;;;;;;;;
3;23/12/2023;;;;;;;;;;;1;4/09/2023;;;;;;;;;;;;;4/07/2012;1;;;;;;;;;;;;;;
3;22/12/2023;;;;;;;;;;;2;5/09/2023;;;;;;;;;;;;;6/07/2012;1;;;;;;;;;;;;;;
4;21/12/2023;;;;;;;;;;;2;6/09/2023;;;;;;;;;;;;;7/07/2012;1;;;;;;;;;;;;;;
3;20/12/2023;;;;;;;;;;;2;7/09/2023;;;;;;;;;;;;;10/07/2012;1;;;;;;;;;;;;;;
3;19/12/2023;;;;;;;;;;;5;8/09/2023;;;;;;;;;;;;;11/07/2012;1;;;;;;;;;;;;;;
3;18/12/2023;;;;;;;;;;;1;10/09/2023;;;;;;;;;;;;;12/07/2012;1;;;;;;;;;;;;;;
1;17/12/2023;;;;;;;;;;;3;11/09/2023;;;;;;;;;;;;;14/07/2012;1;;;;;;;;;;;;;;
1;16/12/2023;;;;;;;;;;;1;12/09/2023;;;;;;;;;;;;;17/07/2012;1;;;;;;;;;;;;;;
3;15/12/2023;;;;;;;;;;;3;13/09/2023;;;;;;;;;;;;;19/07/2012;1;;;;;;;;;;;;;;
1;14/12/2023;;;;;;;;;;;1;14/09/2023;;;;;;;;;;;;;20/07/2012;1;;;;;;;;;;;;;;
5;13/12/2023;;;;;;;;;;;2;15/09/2023;;;;;;;;;;;;;21/07/2012;1;;;;;;;;;;;;;;
1;12/12/2023;;;;;;;;;;;3;17/09/2023;;;;;;;;;;;;;23/07/2012;1;;;;;;;;;;;;;;
2;11/12/2023;;;;;;;;;;;6;18/09/2023;;;;;;;;;;;;;24/07/2012;1;;;;;;;;;;;;;;
1;10/12/2023;;;;;;;;;;;6;19/09/2023;;;;;;;;;;;;;26/07/2012;1;;;;;;;;;;;;;;
1;9/12/2023;;;;;;;;;;;9;20/09/2023;;;;;;;;;;;;;28/07/2012;1;;;;;;;;;;;;;;
1;8/12/2023;;;;;;;;;;;1;21/09/2023;;;;;;;;;;;;;29/07/2012;1;;;;;;;;;;;;;;
2;7/12/2023;;;;;;;;;;;3;22/09/2023;;;;;;;;;;;;;1/08/2012;1;;;;;;;;;;;;;;
3;6/12/2023;;;;;;;;;;;1;25/09/2023;;;;;;;;;;;;;4/08/2012;1;;;;;;;;;;;;;;
1;5/12/2023;;;;;;;;;;;1;26/09/2023;;;;;;;;;;;;;6/08/2012;1;;;;;;;;;;;;;;
3;4/12/2023;;;;;;;;;;;2;27/09/2023;;;;;;;;;;;;;7/08/2012;1;;;;;;;;;;;;;;
2;3/12/2023;;;;;;;;;;;1;28/09/2023;;;;;;;;;;;;;10/08/2012;1;;;;;;;;;;;;;;
1;2/12/2023;;;;;;;;;;;1;1/08/2023;;;;;;;;;;;;;11/08/2012;1;;;;;;;;;;;;;;
3;1/12/2023;;;;;;;;;;;2;2/08/2023;;;;;;;;;;;;;13/08/2012;1;;;;;;;;;;;;;;
1;30/11/2023;;;;;;;;;;;2;3/08/2023;;;;;;;;;;;;;14/08/2012;1;;;;;;;;;;;;;;
2;29/11/2023;;;;;;;;;;;3;4/08/2023;;;;;;;;;;;;;15/08/2012;1;;;;;;;;;;;;;;
3;28/11/2023;;;;;;;;;;;1;6/08/2023;;;;;;;;;;;;;17/08/2012;1;;;;;;;;;;;;;;
4;27/11/2023;;;;;;;;;;;4;7/08/2023;;;;;;;;;;;;;18/08/2012;1;;;;;;;;;;;;;;
1;26/11/2023;;;;;;;;;;;7;8/08/2023;;;;;;;;;;;;;19/08/2012;1;;;;;;;;;;;;;;
1;25/11/2023;;;;;;;;;;;2;9/08/2023;;;;;;;;;;;;;22/08/2012;1;;;;;;;;;;;;;;
1;24/11/2023;;;;;;;;;;;1;10/08/2023;;;;;;;;;;;;;23/08/2012;1;;;;;;;;;;;;;;
3;23/11/2023;;;;;;;;;;;2;11/08/2023;;;;;;;;;;;;;24/08/2012;1;;;;;;;;;;;;;;
3;22/11/2023;;;;;;;;;;;2;13/08/2023;;;;;;;;;;;;;27/08/2012;1;;;;;;;;;;;;;;
2;21/11/2023;;;;;;;;;;;2;14/08/2023;;;;;;;;;;;;;3/09/2012;1;;;;;;;;;;;;;;
2;20/11/2023;;;;;;;;;;;1;15/08/2023;;;;;;;;;;;;;5/09/2012;1;;;;;;;;;;;;;;
1;19/11/2023;;;;;;;;;;;2;16/08/2023;;;;;;;;;;;;;6/09/2012;1;;;;;;;;;;;;;;
1;18/11/2023;;;;;;;;;;;1;17/08/2023;;;;;;;;;;;;;7/09/2012;1;;;;;;;;;;;;;;
5;17/11/2023;;;;;;;;;;;2;18/08/2023;;;;;;;;;;;;;8/09/2012;1;;;;;;;;;;;;;;
11;16/11/2023;;;;;;;;;;;2;21/08/2023;;;;;;;;;;;;;9/09/2012;1;;;;;;;;;;;;;;
8;15/11/2023;;;;;;;;;;;2;22/08/2023;;;;;;;;;;;;;10/09/2012;1;;;;;;;;;;;;;;
3;14/11/2023;;;;;;;;;;;2;23/08/2023;;;;;;;;;;;;;12/09/2012;1;;;;;;;;;;;;;;
2;13/11/2023;;;;;;;;;;;1;24/08/2023;;;;;;;;;;;;;13/09/2012;1;;;;;;;;;;;;;;
1;12/11/2023;;;;;;;;;;;1;25/08/2023;;;;;;;;;;;;;14/09/2012;1;;;;;;;;;;;;;;
1;11/11/2023;;;;;;;;;;;1;27/08/2023;;;;;;;;;;;;;16/09/2012;1;;;;;;;;;;;;;;
1;10/11/2023;;;;;;;;;;;1;28/08/2023;;;;;;;;;;;;;18/09/2012;1;;;;;;;;;;;;;;
3;9/11/2023;;;;;;;;;;;1;29/08/2023;;;;;;;;;;;;;19/09/2012;1;;;;;;;;;;;;;;
1;8/11/2023;;;;;;;;;;;1;30/08/2023;;;;;;;;;;;;;23/09/2012;1;;;;;;;;;;;;;;
2;7/11/2023;;;;;;;;;;;1;31/08/2023;;;;;;;;;;;;;1/10/2012;1;;;;;;;;;;;;;;
3;6/11/2023;;;;;;;;;;;1;5/07/2023;;;;;;;;;;;;;2/10/2012;1;;;;;;;;;;;;;;
1;5/11/2023;;;;;;;;;;;2;10/07/2023;;;;;;;;;;;;;3/10/2012;1;;;;;;;;;;;;;;
1;4/11/2023;;;;;;;;;;;2;11/07/2023;;;;;;;;;;;;;4/10/2012;1;;;;;;;;;;;;;;
4;3/11/2023;;;;;;;;;;;1;12/07/2023;;;;;;;;;;;;;5/10/2012;1;;;;;;;;;;;;;;
8;2/11/2023;;;;;;;;;;;2;13/07/2023;;;;;;;;;;;;;9/10/2012;1;;;;;;;;;;;;;;
4;1/11/2023;;;;;;;;;;;2;14/07/2023;;;;;;;;;;;;;10/10/2012;1;;;;;;;;;;;;;;
1;31/10/2023;;;;;;;;;;;1;17/07/2023;;;;;;;;;;;;;15/10/2012;1;;;;;;;;;;;;;;
4;30/10/2023;;;;;;;;;;;3;18/07/2023;;;;;;;;;;;;;16/10/2012;1;;;;;;;;;;;;;;
1;29/10/2023;;;;;;;;;;;1;19/07/2023;;;;;;;;;;;;;18/10/2012;1;;;;;;;;;;;;;;
1;28/10/2023;;;;;;;;;;;1;20/07/2023;;;;;;;;;;;;;19/10/2012;1;;;;;;;;;;;;;;
4;27/10/2023;;;;;;;;;;;2;21/07/2023;;;;;;;;;;;;;21/10/2012;1;;;;;;;;;;;;;;
2;26/10/2023;;;;;;;;;;;1;23/07/2023;;;;;;;;;;;;;22/10/2012;1;;;;;;;;;;;;;;
6;25/10/2023;;;;;;;;;;;2;24/07/2023;;;;;;;;;;;;;24/10/2012;1;;;;;;;;;;;;;;
4;24/10/2023;;;;;;;;;;;2;25/07/2023;;;;;;;;;;;;;26/10/2012;1;;;;;;;;;;;;;;
1;23/10/2023;;;;;;;;;;;3;26/07/2023;;;;;;;;;;;;;30/10/2012;1;;;;;;;;;;;;;;
1;22/10/2023;;;;;;;;;;;5;28/07/2023;;;;;;;;;;;;;31/10/2012;1;;;;;;;;;;;;;;
1;21/10/2023;;;;;;;;;;;2;29/07/2023;;;;;;;;;;;;;6/11/2012;1;;;;;;;;;;;;;;
3;20/10/2023;;;;;;;;;;;1;5/06/2023;;;;;;;;;;;;;9/11/2012;1;;;;;;;;;;;;;;
1;19/10/2023;;;;;;;;;;;3;7/06/2023;;;;;;;;;;;;;10/11/2012;1;;;;;;;;;;;;;;
1;18/10/2023;;;;;;;;;;;1;8/06/2023;;;;;;;;;;;;;11/11/2012;1;;;;;;;;;;;;;;
1;17/10/2023;;;;;;;;;;;4;9/06/2023;;;;;;;;;;;;;12/11/2012;1;;;;;;;;;;;;;;
1;16/10/2023;;;;;;;;;;;1;12/06/2023;;;;;;;;;;;;;13/11/2012;1;;;;;;;;;;;;;;
2;15/10/2023;;;;;;;;;;;1;13/06/2023;;;;;;;;;;;;;14/11/2012;1;;;;;;;;;;;;;;
4;14/10/2023;;;;;;;;;;;1;14/06/2023;;;;;;;;;;;;;15/11/2012;1;;;;;;;;;;;;;;
7;13/10/2023;;;;;;;;;;;4;15/06/2023;;;;;;;;;;;;;16/11/2012;1;;;;;;;;;;;;;;
4;12/10/2023;;;;;;;;;;;2;16/06/2023;;;;;;;;;;;;;17/11/2012;1;;;;;;;;;;;;;;
3;11/10/2023;;;;;;;;;;;2;17/06/2023;;;;;;;;;;;;;18/11/2012;1;;;;;;;;;;;;;;
2;10/10/2023;;;;;;;;;;;1;19/06/2023;;;;;;;;;;;;;19/11/2012;1;;;;;;;;;;;;;;
1;9/10/2023;;;;;;;;;;;1;20/06/2023;;;;;;;;;;;;;21/11/2012;1;;;;;;;;;;;;;;
1;8/10/2023;;;;;;;;;;;1;21/06/2023;;;;;;;;;;;;;23/11/2012;1;;;;;;;;;;;;;;
1;7/10/2023;;;;;;;;;;;1;23/06/2023;;;;;;;;;;;;;24/11/2012;1;;;;;;;;;;;;;;
3;6/10/2023;;;;;;;;;;;1;24/06/2023;;;;;;;;;;;;;25/11/2012;1;;;;;;;;;;;;;;
1;5/10/2023;;;;;;;;;;;1;26/06/2023;;;;;;;;;;;;;26/11/2012;1;;;;;;;;;;;;;;
3;4/10/2023;;;;;;;;;;;2;27/06/2023;;;;;;;;;;;;;27/11/2012;1;;;;;;;;;;;;;;
1;3/10/2023;;;;;;;;;;;2;28/06/2023;;;;;;;;;;;;;28/11/2012;1;;;;;;;;;;;;;;
1;2/10/2023;;;;;;;;;;;1;1/05/2023;;;;;;;;;;;;;29/11/2012;1;;;;;;;;;;;;;;
2;1/10/2023;;;;;;;;;;;3;2/05/2023;;;;;;;;;;;;;30/11/2012;1;;;;;;;;;;;;;;
1;30/09/2023;;;;;;;;;;;3;3/05/2023;;;;;;;;;;;;;3/12/2012;1;;;;;;;;;;;;;;
1;29/09/2023;;;;;;;;;;;2;4/05/2023;;;;;;;;;;;;;4/12/2012;1;;;;;;;;;;;;;;
1;28/09/2023;;;;;;;;;;;2;5/05/2023;;;;;;;;;;;;;5/12/2012;1;;;;;;;;;;;;;;
2;27/09/2023;;;;;;;;;;;2;8/05/2023;;;;;;;;;;;;;6/12/2012;1;;;;;;;;;;;;;;
1;26/09/2023;;;;;;;;;;;1;9/05/2023;;;;;;;;;;;;;8/12/2012;1;;;;;;;;;;;;;;
1;25/09/2023;;;;;;;;;;;1;10/05/2023;;;;;;;;;;;;;9/12/2012;1;;;;;;;;;;;;;;
1;24/09/2023;;;;;;;;;;;3;11/05/2023;;;;;;;;;;;;;10/12/2012;1;;;;;;;;;;;;;;
1;23/09/2023;;;;;;;;;;;2;12/05/2023;;;;;;;;;;;;;11/12/2012;1;;;;;;;;;;;;;;
3;22/09/2023;;;;;;;;;;;2;13/05/2023;;;;;;;;;;;;;12/12/2012;1;;;;;;;;;;;;;;
1;21/09/2023;;;;;;;;;;;3;15/05/2023;;;;;;;;;;;;;13/12/2012;1;;;;;;;;;;;;;;
9;20/09/2023;;;;;;;;;;;1;16/05/2023;;;;;;;;;;;;;15/12/2012;1;;;;;;;;;;;;;;
6;19/09/2023;;;;;;;;;;;1;17/05/2023;;;;;;;;;;;;;16/12/2012;1;;;;;;;;;;;;;;
6;18/09/2023;;;;;;;;;;;5;18/05/2023;;;;;;;;;;;;;17/12/2012;1;;;;;;;;;;;;;;
3;17/09/2023;;;;;;;;;;;1;19/05/2023;;;;;;;;;;;;;18/12/2012;1;;;;;;;;;;;;;;
1;16/09/2023;;;;;;;;;;;2;24/05/2023;;;;;;;;;;;;;19/12/2012;1;;;;;;;;;;;;;;
2;15/09/2023;;;;;;;;;;;1;25/05/2023;;;;;;;;;;;;;20/12/2012;1;;;;;;;;;;;;;;
1;14/09/2023;;;;;;;;;;;2;26/05/2023;;;;;;;;;;;;;21/12/2012;1;;;;;;;;;;;;;;
3;13/09/2023;;;;;;;;;;;1;29/05/2023;;;;;;;;;;;;;22/12/2012;1;;;;;;;;;;;;;;
1;12/09/2023;;;;;;;;;;;1;30/05/2023;;;;;;;;;;;;;24/12/2012;1;;;;;;;;;;;;;;
3;11/09/2023;;;;;;;;;;;2;31/05/2023;;;;;;;;;;;;;27/12/2012;1;;;;;;;;;;;;;;
1;10/09/2023;;;;;;;;;;;2;3/04/2023;;;;;;;;;;;;;28/12/2012;1;;;;;;;;;;;;;;
1;9/09/2023;;;;;;;;;;;3;4/04/2023;;;;;;;;;;;;;29/12/2012;1;;;;;;;;;;;;;;
5;8/09/2023;;;;;;;;;;;3;5/04/2023;;;;;;;;;;;;;30/12/2012;1;;;;;;;;;;;;;;
2;7/09/2023;;;;;;;;;;;4;7/04/2023;;;;;;;;;;;;;2/01/2013;1;;;;;;;;;;;;;;
2;6/09/2023;;;;;;;;;;;1;10/04/2023;;;;;;;;;;;;;3/01/2013;1;;;;;;;;;;;;;;
2;5/09/2023;;;;;;;;;;;1;11/04/2023;;;;;;;;;;;;;4/01/2013;1;;;;;;;;;;;;;;
1;4/09/2023;;;;;;;;;;;2;12/04/2023;;;;;;;;;;;;;5/01/2013;1;;;;;;;;;;;;;;
1;3/09/2023;;;;;;;;;;;1;13/04/2023;;;;;;;;;;;;;7/01/2013;1;;;;;;;;;;;;;;
1;2/09/2023;;;;;;;;;;;2;14/04/2023;;;;;;;;;;;;;8/01/2013;1;;;;;;;;;;;;;;
2;1/09/2023;;;;;;;;;;;1;17/04/2023;;;;;;;;;;;;;9/01/2013;1;;;;;;;;;;;;;;
1;31/08/2023;;;;;;;;;;;3;18/04/2023;;;;;;;;;;;;;10/01/2013;1;;;;;;;;;;;;;;
1;30/08/2023;;;;;;;;;;;1;19/04/2023;;;;;;;;;;;;;12/01/2013;1;;;;;;;;;;;;;;
1;29/08/2023;;;;;;;;;;;2;20/04/2023;;;;;;;;;;;;;14/01/2013;1;;;;;;;;;;;;;;
1;28/08/2023;;;;;;;;;;;2;21/04/2023;;;;;;;;;;;;;15/01/2013;1;;;;;;;;;;;;;;
1;27/08/2023;;;;;;;;;;;1;23/04/2023;;;;;;;;;;;;;16/01/2013;1;;;;;;;;;;;;;;
1;26/08/2023;;;;;;;;;;;1;24/04/2023;;;;;;;;;;;;;17/01/2013;1;;;;;;;;;;;;;;
1;25/08/2023;;;;;;;;;;;4;25/04/2023;;;;;;;;;;;;;18/01/2013;1;;;;;;;;;;;;;;
1;24/08/2023;;;;;;;;;;;3;26/04/2023;;;;;;;;;;;;;20/01/2013;1;;;;;;;;;;;;;;
2;23/08/2023;;;;;;;;;;;1;27/04/2023;;;;;;;;;;;;;22/01/2013;1;;;;;;;;;;;;;;
2;22/08/2023;;;;;;;;;;;1;29/04/2023;;;;;;;;;;;;;23/01/2013;1;;;;;;;;;;;;;;
2;21/08/2023;;;;;;;;;;;3;1/03/2023;;;;;;;;;;;;;24/01/2013;1;;;;;;;;;;;;;;
1;20/08/2023;;;;;;;;;;;3;2/03/2023;;;;;;;;;;;;;26/01/2013;1;;;;;;;;;;;;;;
1;19/08/2023;;;;;;;;;;;1;3/03/2023;;;;;;;;;;;;;27/01/2013;1;;;;;;;;;;;;;;
2;18/08/2023;;;;;;;;;;;3;6/03/2023;;;;;;;;;;;;;29/01/2013;1;;;;;;;;;;;;;;
1;17/08/2023;;;;;;;;;;;1;7/03/2023;;;;;;;;;;;;;30/01/2013;1;;;;;;;;;;;;;;
2;16/08/2023;;;;;;;;;;;2;8/03/2023;;;;;;;;;;;;;31/01/2013;1;;;;;;;;;;;;;;
1;15/08/2023;;;;;;;;;;;3;9/03/2023;;;;;;;;;;;;;1/02/2013;1;;;;;;;;;;;;;;
2;14/08/2023;;;;;;;;;;;3;10/03/2023;;;;;;;;;;;;;4/02/2013;1;;;;;;;;;;;;;;
2;13/08/2023;;;;;;;;;;;4;11/03/2023;;;;;;;;;;;;;7/02/2013;1;;;;;;;;;;;;;;
1;12/08/2023;;;;;;;;;;;1;12/03/2023;;;;;;;;;;;;;8/02/2013;1;;;;;;;;;;;;;;
2;11/08/2023;;;;;;;;;;;2;13/03/2023;;;;;;;;;;;;;9/02/2013;1;;;;;;;;;;;;;;
1;10/08/2023;;;;;;;;;;;4;14/03/2023;;;;;;;;;;;;;10/02/2013;1;;;;;;;;;;;;;;
2;9/08/2023;;;;;;;;;;;2;15/03/2023;;;;;;;;;;;;;11/02/2013;1;;;;;;;;;;;;;;
7;8/08/2023;;;;;;;;;;;2;16/03/2023;;;;;;;;;;;;;12/02/2013;1;;;;;;;;;;;;;;
4;7/08/2023;;;;;;;;;;;2;17/03/2023;;;;;;;;;;;;;13/02/2013;1;;;;;;;;;;;;;;
1;6/08/2023;;;;;;;;;;;2;20/03/2023;;;;;;;;;;;;;14/02/2013;1;;;;;;;;;;;;;;
1;5/08/2023;;;;;;;;;;;1;21/03/2023;;;;;;;;;;;;;15/02/2013;1;;;;;;;;;;;;;;
3;4/08/2023;;;;;;;;;;;1;22/03/2023;;;;;;;;;;;;;17/02/2013;1;;;;;;;;;;;;;;
2;3/08/2023;;;;;;;;;;;4;23/03/2023;;;;;;;;;;;;;18/02/2013;1;;;;;;;;;;;;;;
2;2/08/2023;;;;;;;;;;;5;24/03/2023;;;;;;;;;;;;;19/02/2013;1;;;;;;;;;;;;;;
1;1/08/2023;;;;;;;;;;;2;27/03/2023;;;;;;;;;;;;;20/02/2013;1;;;;;;;;;;;;;;
1;31/07/2023;;;;;;;;;;;1;28/03/2023;;;;;;;;;;;;;21/02/2013;1;;;;;;;;;;;;;;
1;30/07/2023;;;;;;;;;;;6;29/03/2023;;;;;;;;;;;;;23/02/2013;1;;;;;;;;;;;;;;
2;29/07/2023;;;;;;;;;;;3;30/03/2023;;;;;;;;;;;;;24/02/2013;1;;;;;;;;;;;;;;
5;28/07/2023;;;;;;;;;;;3;31/03/2023;;;;;;;;;;;;;25/02/2013;1;;;;;;;;;;;;;;
1;27/07/2023;;;;;;;;;;;4;1/02/2023;;;;;;;;;;;;;27/02/2013;1;;;;;;;;;;;;;;
3;26/07/2023;;;;;;;;;;;2;2/02/2023;;;;;;;;;;;;;28/02/2013;1;;;;;;;;;;;;;;
2;25/07/2023;;;;;;;;;;;4;3/02/2023;;;;;;;;;;;;;1/03/2013;1;;;;;;;;;;;;;;
2;24/07/2023;;;;;;;;;;;3;6/02/2023;;;;;;;;;;;;;2/03/2013;1;;;;;;;;;;;;;;
1;23/07/2023;;;;;;;;;;;1;7/02/2023;;;;;;;;;;;;;4/03/2013;1;;;;;;;;;;;;;;
1;22/07/2023;;;;;;;;;;;3;8/02/2023;;;;;;;;;;;;;5/03/2013;1;;;;;;;;;;;;;;
2;21/07/2023;;;;;;;;;;;3;9/02/2023;;;;;;;;;;;;;7/03/2013;1;;;;;;;;;;;;;;
1;20/07/2023;;;;;;;;;;;4;10/02/2023;;;;;;;;;;;;;8/03/2013;1;;;;;;;;;;;;;;
1;19/07/2023;;;;;;;;;;;1;11/02/2023;;;;;;;;;;;;;10/03/2013;1;;;;;;;;;;;;;;
3;18/07/2023;;;;;;;;;;;1;13/02/2023;;;;;;;;;;;;;11/03/2013;1;;;;;;;;;;;;;;
1;17/07/2023;;;;;;;;;;;2;14/02/2023;;;;;;;;;;;;;12/03/2013;1;;;;;;;;;;;;;;
1;16/07/2023;;;;;;;;;;;8;15/02/2023;;;;;;;;;;;;;13/03/2013;1;;;;;;;;;;;;;;
1;15/07/2023;;;;;;;;;;;7;16/02/2023;;;;;;;;;;;;;15/03/2013;1;;;;;;;;;;;;;;
2;14/07/2023;;;;;;;;;;;3;17/02/2023;;;;;;;;;;;;;16/03/2013;1;;;;;;;;;;;;;;
2;13/07/2023;;;;;;;;;;;1;18/02/2023;;;;;;;;;;;;;18/03/2013;1;;;;;;;;;;;;;;
1;12/07/2023;;;;;;;;;;;1;19/02/2023;;;;;;;;;;;;;19/03/2013;1;;;;;;;;;;;;;;
2;11/07/2023;;;;;;;;;;;5;20/02/2023;;;;;;;;;;;;;20/03/2013;1;;;;;;;;;;;;;;
2;10/07/2023;;;;;;;;;;;4;21/02/2023;;;;;;;;;;;;;22/03/2013;1;;;;;;;;;;;;;;
1;9/07/2023;;;;;;;;;;;3;22/02/2023;;;;;;;;;;;;;26/03/2013;1;;;;;;;;;;;;;;
1;8/07/2023;;;;;;;;;;;4;24/02/2023;;;;;;;;;;;;;27/03/2013;1;;;;;;;;;;;;;;
1;7/07/2023;;;;;;;;;;;4;27/02/2023;;;;;;;;;;;;;28/03/2013;1;;;;;;;;;;;;;;
1;6/07/2023;;;;;;;;;;;1;1/01/2023;;;;;;;;;;;;;29/03/2013;1;;;;;;;;;;;;;;
1;5/07/2023;;;;;;;;;;;2;2/01/2023;;;;;;;;;;;;;2/04/2013;1;;;;;;;;;;;;;;
1;4/07/2023;;;;;;;;;;;1;3/01/2023;;;;;;;;;;;;;3/04/2013;1;;;;;;;;;;;;;;
1;3/07/2023;;;;;;;;;;;8;4/01/2023;;;;;;;;;;;;;4/04/2013;1;;;;;;;;;;;;;;
1;2/07/2023;;;;;;;;;;;2;5/01/2023;;;;;;;;;;;;;5/04/2013;1;;;;;;;;;;;;;;
1;1/07/2023;;;;;;;;;;;4;6/01/2023;;;;;;;;;;;;;6/04/2013;1;;;;;;;;;;;;;;
2;28/06/2023;;;;;;;;;;;1;8/01/2023;;;;;;;;;;;;;7/04/2013;1;;;;;;;;;;;;;;
2;27/06/2023;;;;;;;;;;;3;9/01/2023;;;;;;;;;;;;;8/04/2013;1;;;;;;;;;;;;;;
1;26/06/2023;;;;;;;;;;;1;11/01/2023;;;;;;;;;;;;;9/04/2013;1;;;;;;;;;;;;;;
1;25/06/2023;;;;;;;;;;;3;12/01/2023;;;;;;;;;;;;;10/04/2013;1;;;;;;;;;;;;;;
1;24/06/2023;;;;;;;;;;;4;13/01/2023;;;;;;;;;;;;;11/04/2013;1;;;;;;;;;;;;;;
1;23/06/2023;;;;;;;;;;;1;16/01/2023;;;;;;;;;;;;;13/04/2013;1;;;;;;;;;;;;;;
1;22/06/2023;;;;;;;;;;;5;17/01/2023;;;;;;;;;;;;;15/04/2013;1;;;;;;;;;;;;;;
1;21/06/2023;;;;;;;;;;;2;18/01/2023;;;;;;;;;;;;;16/04/2013;1;;;;;;;;;;;;;;
1;20/06/2023;;;;;;;;;;;2;19/01/2023;;;;;;;;;;;;;17/04/2013;1;;;;;;;;;;;;;;
1;19/06/2023;;;;;;;;;;;1;20/01/2023;;;;;;;;;;;;;18/04/2013;1;;;;;;;;;;;;;;
2;17/06/2023;;;;;;;;;;;2;23/01/2023;;;;;;;;;;;;;19/04/2013;1;;;;;;;;;;;;;;
2;16/06/2023;;;;;;;;;;;2;24/01/2023;;;;;;;;;;;;;20/04/2013;1;;;;;;;;;;;;;;
4;15/06/2023;;;;;;;;;;;5;25/01/2023;;;;;;;;;;;;;21/04/2013;1;;;;;;;;;;;;;;
1;14/06/2023;;;;;;;;;;;3;26/01/2023;;;;;;;;;;;;;22/04/2013;1;;;;;;;;;;;;;;
1;13/06/2023;;;;;;;;;;;5;27/01/2023;;;;;;;;;;;;;23/04/2013;1;;;;;;;;;;;;;;
1;12/06/2023;;;;;;;;;;;1;29/01/2023;;;;;;;;;;;;;24/04/2013;1;;;;;;;;;;;;;;
4;9/06/2023;;;;;;;;;;;4;30/01/2023;;;;;;;;;;;;;26/04/2013;1;;;;;;;;;;;;;;
1;8/06/2023;;;;;;;;;;;1;31/01/2023;;;;;;;;;;;;;29/04/2013;1;;;;;;;;;;;;;;
3;7/06/2023;;;;;;;;;;;1;1/12/2022;;;;;;;;;;;;;30/04/2013;1;;;;;;;;;;;;;;
1;5/06/2023;;;;;;;;;;;1;2/12/2022;;;;;;;;;;;;;1/05/2013;1;;;;;;;;;;;;;;
2;31/05/2023;;;;;;;;;;;1;5/12/2022;;;;;;;;;;;;;2/05/2013;1;;;;;;;;;;;;;;
1;30/05/2023;;;;;;;;;;;2;6/12/2022;;;;;;;;;;;;;3/05/2013;1;;;;;;;;;;;;;;
1;29/05/2023;;;;;;;;;;;3;7/12/2022;;;;;;;;;;;;;4/05/2013;1;;;;;;;;;;;;;;
2;26/05/2023;;;;;;;;;;;8;8/12/2022;;;;;;;;;;;;;5/05/2013;1;;;;;;;;;;;;;;
1;25/05/2023;;;;;;;;;;;8;9/12/2022;;;;;;;;;;;;;8/05/2013;1;;;;;;;;;;;;;;
2;24/05/2023;;;;;;;;;;;2;10/12/2022;;;;;;;;;;;;;9/05/2013;1;;;;;;;;;;;;;;
1;19/05/2023;;;;;;;;;;;1;11/12/2022;;;;;;;;;;;;;10/05/2013;1;;;;;;;;;;;;;;
5;18/05/2023;;;;;;;;;;;3;12/12/2022;;;;;;;;;;;;;14/05/2013;1;;;;;;;;;;;;;;
1;17/05/2023;;;;;;;;;;;9;13/12/2022;;;;;;;;;;;;;15/05/2013;1;;;;;;;;;;;;;;
1;16/05/2023;;;;;;;;;;;6;14/12/2022;;;;;;;;;;;;;16/05/2013;1;;;;;;;;;;;;;;
3;15/05/2023;;;;;;;;;;;1;15/12/2022;;;;;;;;;;;;;17/05/2013;1;;;;;;;;;;;;;;
2;13/05/2023;;;;;;;;;;;3;16/12/2022;;;;;;;;;;;;;18/05/2013;1;;;;;;;;;;;;;;
2;12/05/2023;;;;;;;;;;;1;17/12/2022;;;;;;;;;;;;;19/05/2013;1;;;;;;;;;;;;;;
3;11/05/2023;;;;;;;;;;;6;18/12/2022;;;;;;;;;;;;;20/05/2013;1;;;;;;;;;;;;;;
1;10/05/2023;;;;;;;;;;;2;19/12/2022;;;;;;;;;;;;;22/05/2013;1;;;;;;;;;;;;;;
1;9/05/2023;;;;;;;;;;;2;20/12/2022;;;;;;;;;;;;;23/05/2013;1;;;;;;;;;;;;;;
2;8/05/2023;;;;;;;;;;;2;21/12/2022;;;;;;;;;;;;;27/05/2013;1;;;;;;;;;;;;;;
2;5/05/2023;;;;;;;;;;;2;22/12/2022;;;;;;;;;;;;;28/05/2013;1;;;;;;;;;;;;;;
2;4/05/2023;;;;;;;;;;;1;24/12/2022;;;;;;;;;;;;;30/05/2013;1;;;;;;;;;;;;;;
3;3/05/2023;;;;;;;;;;;3;27/12/2022;;;;;;;;;;;;;31/05/2013;1;;;;;;;;;;;;;;
3;2/05/2023;;;;;;;;;;;3;28/12/2022;;;;;;;;;;;;;3/06/2013;1;;;;;;;;;;;;;;
1;1/05/2023;;;;;;;;;;;3;29/12/2022;;;;;;;;;;;;;4/06/2013;1;;;;;;;;;;;;;;
1;29/04/2023;;;;;;;;;;;2;30/12/2022;;;;;;;;;;;;;5/06/2013;1;;;;;;;;;;;;;;
1;27/04/2023;;;;;;;;;;;1;31/12/2022;;;;;;;;;;;;;6/06/2013;1;;;;;;;;;;;;;;
3;26/04/2023;;;;;;;;;;;1;1/11/2022;;;;;;;;;;;;;7/06/2013;1;;;;;;;;;;;;;;
4;25/04/2023;;;;;;;;;;;1;2/11/2022;;;;;;;;;;;;;8/06/2013;1;;;;;;;;;;;;;;
1;24/04/2023;;;;;;;;;;;4;3/11/2022;;;;;;;;;;;;;9/06/2013;1;;;;;;;;;;;;;;
1;23/04/2023;;;;;;;;;;;2;4/11/2022;;;;;;;;;;;;;10/06/2013;1;;;;;;;;;;;;;;
2;21/04/2023;;;;;;;;;;;1;5/11/2022;;;;;;;;;;;;;11/06/2013;1;;;;;;;;;;;;;;
2;20/04/2023;;;;;;;;;;;2;7/11/2022;;;;;;;;;;;;;12/06/2013;1;;;;;;;;;;;;;;
1;19/04/2023;;;;;;;;;;;2;8/11/2022;;;;;;;;;;;;;13/06/2013;1;;;;;;;;;;;;;;
3;18/04/2023;;;;;;;;;;;5;9/11/2022;;;;;;;;;;;;;14/06/2013;1;;;;;;;;;;;;;;
1;17/04/2023;;;;;;;;;;;4;10/11/2022;;;;;;;;;;;;;15/06/2013;1;;;;;;;;;;;;;;
2;14/04/2023;;;;;;;;;;;2;11/11/2022;;;;;;;;;;;;;17/06/2013;1;;;;;;;;;;;;;;
1;13/04/2023;;;;;;;;;;;1;12/11/2022;;;;;;;;;;;;;18/06/2013;1;;;;;;;;;;;;;;
2;12/04/2023;;;;;;;;;;;6;14/11/2022;;;;;;;;;;;;;19/06/2013;1;;;;;;;;;;;;;;
1;11/04/2023;;;;;;;;;;;3;15/11/2022;;;;;;;;;;;;;20/06/2013;1;;;;;;;;;;;;;;
1;10/04/2023;;;;;;;;;;;2;16/11/2022;;;;;;;;;;;;;21/06/2013;1;;;;;;;;;;;;;;
4;7/04/2023;;;;;;;;;;;3;17/11/2022;;;;;;;;;;;;;22/06/2013;1;;;;;;;;;;;;;;
3;5/04/2023;;;;;;;;;;;1;18/11/2022;;;;;;;;;;;;;23/06/2013;1;;;;;;;;;;;;;;
3;4/04/2023;;;;;;;;;;;2;19/11/2022;;;;;;;;;;;;;24/06/2013;1;;;;;;;;;;;;;;
2;3/04/2023;;;;;;;;;;;3;21/11/2022;;;;;;;;;;;;;25/06/2013;1;;;;;;;;;;;;;;
3;31/03/2023;;;;;;;;;;;2;22/11/2022;;;;;;;;;;;;;26/06/2013;1;;;;;;;;;;;;;;
3;30/03/2023;;;;;;;;;;;3;23/11/2022;;;;;;;;;;;;;27/06/2013;1;;;;;;;;;;;;;;
6;29/03/2023;;;;;;;;;;;2;24/11/2022;;;;;;;;;;;;;1/07/2013;1;;;;;;;;;;;;;;
1;28/03/2023;;;;;;;;;;;3;25/11/2022;;;;;;;;;;;;;3/07/2013;1;;;;;;;;;;;;;;
2;27/03/2023;;;;;;;;;;;1;26/11/2022;;;;;;;;;;;;;4/07/2013;1;;;;;;;;;;;;;;
5;24/03/2023;;;;;;;;;;;1;28/11/2022;;;;;;;;;;;;;6/07/2013;1;;;;;;;;;;;;;;
4;23/03/2023;;;;;;;;;;;8;29/11/2022;;;;;;;;;;;;;9/07/2013;1;;;;;;;;;;;;;;
1;22/03/2023;;;;;;;;;;;2;30/11/2022;;;;;;;;;;;;;10/07/2013;1;;;;;;;;;;;;;;
1;21/03/2023;;;;;;;;;;;1;2/10/2022;;;;;;;;;;;;;11/07/2013;1;;;;;;;;;;;;;;
2;20/03/2023;;;;;;;;;;;2;3/10/2022;;;;;;;;;;;;;12/07/2013;1;;;;;;;;;;;;;;
2;17/03/2023;;;;;;;;;;;2;4/10/2022;;;;;;;;;;;;;13/07/2013;1;;;;;;;;;;;;;;
2;16/03/2023;;;;;;;;;;;3;5/10/2022;;;;;;;;;;;;;14/07/2013;1;;;;;;;;;;;;;;
2;15/03/2023;;;;;;;;;;;3;6/10/2022;;;;;;;;;;;;;16/07/2013;1;;;;;;;;;;;;;;
4;14/03/2023;;;;;;;;;;;1;8/10/2022;;;;;;;;;;;;;17/07/2013;1;;;;;;;;;;;;;;
2;13/03/2023;;;;;;;;;;;1;9/10/2022;;;;;;;;;;;;;20/07/2013;1;;;;;;;;;;;;;;
1;12/03/2023;;;;;;;;;;;3;10/10/2022;;;;;;;;;;;;;21/07/2013;1;;;;;;;;;;;;;;
4;11/03/2023;;;;;;;;;;;3;11/10/2022;;;;;;;;;;;;;23/07/2013;1;;;;;;;;;;;;;;
3;10/03/2023;;;;;;;;;;;2;12/10/2022;;;;;;;;;;;;;24/07/2013;1;;;;;;;;;;;;;;
3;9/03/2023;;;;;;;;;;;4;13/10/2022;;;;;;;;;;;;;25/07/2013;1;;;;;;;;;;;;;;
2;8/03/2023;;;;;;;;;;;1;14/10/2022;;;;;;;;;;;;;26/07/2013;1;;;;;;;;;;;;;;
1;7/03/2023;;;;;;;;;;;2;15/10/2022;;;;;;;;;;;;;28/07/2013;1;;;;;;;;;;;;;;
3;6/03/2023;;;;;;;;;;;1;16/10/2022;;;;;;;;;;;;;29/07/2013;1;;;;;;;;;;;;;;
1;3/03/2023;;;;;;;;;;;4;17/10/2022;;;;;;;;;;;;;2/08/2013;1;;;;;;;;;;;;;;
3;2/03/2023;;;;;;;;;;;1;18/10/2022;;;;;;;;;;;;;5/08/2013;1;;;;;;;;;;;;;;
3;1/03/2023;;;;;;;;;;;2;19/10/2022;;;;;;;;;;;;;6/08/2013;1;;;;;;;;;;;;;;
4;27/02/2023;;;;;;;;;;;2;20/10/2022;;;;;;;;;;;;;7/08/2013;1;;;;;;;;;;;;;;
4;24/02/2023;;;;;;;;;;;2;21/10/2022;;;;;;;;;;;;;8/08/2013;1;;;;;;;;;;;;;;
3;22/02/2023;;;;;;;;;;;2;22/10/2022;;;;;;;;;;;;;9/08/2013;1;;;;;;;;;;;;;;
4;21/02/2023;;;;;;;;;;;1;23/10/2022;;;;;;;;;;;;;10/08/2013;1;;;;;;;;;;;;;;
5;20/02/2023;;;;;;;;;;;2;24/10/2022;;;;;;;;;;;;;12/08/2013;1;;;;;;;;;;;;;;
1;19/02/2023;;;;;;;;;;;4;25/10/2022;;;;;;;;;;;;;13/08/2013;1;;;;;;;;;;;;;;
1;18/02/2023;;;;;;;;;;;2;26/10/2022;;;;;;;;;;;;;14/08/2013;1;;;;;;;;;;;;;;
3;17/02/2023;;;;;;;;;;;2;27/10/2022;;;;;;;;;;;;;17/08/2013;1;;;;;;;;;;;;;;
7;16/02/2023;;;;;;;;;;;4;28/10/2022;;;;;;;;;;;;;18/08/2013;1;;;;;;;;;;;;;;
8;15/02/2023;;;;;;;;;;;3;29/10/2022;;;;;;;;;;;;;19/08/2013;1;;;;;;;;;;;;;;
2;14/02/2023;;;;;;;;;;;1;2/09/2022;;;;;;;;;;;;;20/08/2013;1;;;;;;;;;;;;;;
1;13/02/2023;;;;;;;;;;;2;5/09/2022;;;;;;;;;;;;;21/08/2013;1;;;;;;;;;;;;;;
1;11/02/2023;;;;;;;;;;;1;6/09/2022;;;;;;;;;;;;;22/08/2013;1;;;;;;;;;;;;;;
4;10/02/2023;;;;;;;;;;;4;7/09/2022;;;;;;;;;;;;;24/08/2013;1;;;;;;;;;;;;;;
3;9/02/2023;;;;;;;;;;;1;8/09/2022;;;;;;;;;;;;;26/08/2013;1;;;;;;;;;;;;;;
3;8/02/2023;;;;;;;;;;;4;9/09/2022;;;;;;;;;;;;;28/08/2013;1;;;;;;;;;;;;;;
1;7/02/2023;;;;;;;;;;;1;11/09/2022;;;;;;;;;;;;;29/08/2013;1;;;;;;;;;;;;;;
3;6/02/2023;;;;;;;;;;;2;12/09/2022;;;;;;;;;;;;;30/08/2013;1;;;;;;;;;;;;;;
4;3/02/2023;;;;;;;;;;;4;13/09/2022;;;;;;;;;;;;;31/08/2013;1;;;;;;;;;;;;;;
2;2/02/2023;;;;;;;;;;;3;14/09/2022;;;;;;;;;;;;;2/09/2013;1;;;;;;;;;;;;;;
4;1/02/2023;;;;;;;;;;;3;15/09/2022;;;;;;;;;;;;;4/09/2013;1;;;;;;;;;;;;;;
1;31/01/2023;;;;;;;;;;;2;16/09/2022;;;;;;;;;;;;;5/09/2013;1;;;;;;;;;;;;;;
4;30/01/2023;;;;;;;;;;;1;18/09/2022;;;;;;;;;;;;;6/09/2013;1;;;;;;;;;;;;;;
1;29/01/2023;;;;;;;;;;;6;19/09/2022;;;;;;;;;;;;;9/09/2013;1;;;;;;;;;;;;;;
5;27/01/2023;;;;;;;;;;;5;20/09/2022;;;;;;;;;;;;;10/09/2013;1;;;;;;;;;;;;;;
3;26/01/2023;;;;;;;;;;;5;21/09/2022;;;;;;;;;;;;;11/09/2013;1;;;;;;;;;;;;;;
5;25/01/2023;;;;;;;;;;;5;23/09/2022;;;;;;;;;;;;;12/09/2013;1;;;;;;;;;;;;;;
2;24/01/2023;;;;;;;;;;;2;24/09/2022;;;;;;;;;;;;;13/09/2013;1;;;;;;;;;;;;;;
2;23/01/2023;;;;;;;;;;;2;26/09/2022;;;;;;;;;;;;;15/09/2013;1;;;;;;;;;;;;;;
1;20/01/2023;;;;;;;;;;;2;27/09/2022;;;;;;;;;;;;;16/09/2013;1;;;;;;;;;;;;;;
2;19/01/2023;;;;;;;;;;;1;28/09/2022;;;;;;;;;;;;;18/09/2013;1;;;;;;;;;;;;;;
2;18/01/2023;;;;;;;;;;;1;29/09/2022;;;;;;;;;;;;;19/09/2013;1;;;;;;;;;;;;;;
5;17/01/2023;;;;;;;;;;;2;3/08/2022;;;;;;;;;;;;;20/09/2013;1;;;;;;;;;;;;;;
1;16/01/2023;;;;;;;;;;;1;5/08/2022;;;;;;;;;;;;;21/09/2013;1;;;;;;;;;;;;;;
4;13/01/2023;;;;;;;;;;;1;6/08/2022;;;;;;;;;;;;;23/09/2013;1;;;;;;;;;;;;;;
3;12/01/2023;;;;;;;;;;;2;8/08/2022;;;;;;;;;;;;;24/09/2013;1;;;;;;;;;;;;;;
1;11/01/2023;;;;;;;;;;;2;9/08/2022;;;;;;;;;;;;;25/09/2013;1;;;;;;;;;;;;;;
3;9/01/2023;;;;;;;;;;;3;10/08/2022;;;;;;;;;;;;;26/09/2013;1;;;;;;;;;;;;;;
1;8/01/2023;;;;;;;;;;;1;11/08/2022;;;;;;;;;;;;;27/09/2013;1;;;;;;;;;;;;;;
4;6/01/2023;;;;;;;;;;;2;12/08/2022;;;;;;;;;;;;;30/09/2013;1;;;;;;;;;;;;;;
2;5/01/2023;;;;;;;;;;;2;13/08/2022;;;;;;;;;;;;;3/10/2013;1;;;;;;;;;;;;;;
8;4/01/2023;;;;;;;;;;;5;14/08/2022;;;;;;;;;;;;;4/10/2013;1;;;;;;;;;;;;;;
1;3/01/2023;;;;;;;;;;;4;15/08/2022;;;;;;;;;;;;;5/10/2013;1;;;;;;;;;;;;;;
2;2/01/2023;;;;;;;;;;;3;16/08/2022;;;;;;;;;;;;;6/10/2013;1;;;;;;;;;;;;;;
1;1/01/2023;;;;;;;;;;;3;17/08/2022;;;;;;;;;;;;;7/10/2013;1;;;;;;;;;;;;;;
1;31/12/2022;;;;;;;;;;;3;18/08/2022;;;;;;;;;;;;;8/10/2013;1;;;;;;;;;;;;;;
2;30/12/2022;;;;;;;;;;;6;19/08/2022;;;;;;;;;;;;;10/10/2013;1;;;;;;;;;;;;;;
3;29/12/2022;;;;;;;;;;;1;21/08/2022;;;;;;;;;;;;;14/10/2013;1;;;;;;;;;;;;;;
3;28/12/2022;;;;;;;;;;;2;22/08/2022;;;;;;;;;;;;;15/10/2013;1;;;;;;;;;;;;;;
3;27/12/2022;;;;;;;;;;;3;23/08/2022;;;;;;;;;;;;;16/10/2013;1;;;;;;;;;;;;;;
1;24/12/2022;;;;;;;;;;;2;24/08/2022;;;;;;;;;;;;;17/10/2013;1;;;;;;;;;;;;;;
2;22/12/2022;;;;;;;;;;;3;25/08/2022;;;;;;;;;;;;;18/10/2013;1;;;;;;;;;;;;;;
2;21/12/2022;;;;;;;;;;;1;26/08/2022;;;;;;;;;;;;;21/10/2013;1;;;;;;;;;;;;;;
2;20/12/2022;;;;;;;;;;;6;28/08/2022;;;;;;;;;;;;;22/10/2013;1;;;;;;;;;;;;;;
2;19/12/2022;;;;;;;;;;;4;29/08/2022;;;;;;;;;;;;;23/10/2013;1;;;;;;;;;;;;;;
6;18/12/2022;;;;;;;;;;;2;31/08/2022;;;;;;;;;;;;;28/10/2013;1;;;;;;;;;;;;;;
1;17/12/2022;;;;;;;;;;;1;1/07/2022;;;;;;;;;;;;;29/10/2013;1;;;;;;;;;;;;;;
3;16/12/2022;;;;;;;;;;;3;4/07/2022;;;;;;;;;;;;;30/10/2013;1;;;;;;;;;;;;;;
1;15/12/2022;;;;;;;;;;;2;5/07/2022;;;;;;;;;;;;;31/10/2013;1;;;;;;;;;;;;;;
6;14/12/2022;;;;;;;;;;;2;6/07/2022;;;;;;;;;;;;;2/11/2013;1;;;;;;;;;;;;;;
9;13/12/2022;;;;;;;;;;;2;7/07/2022;;;;;;;;;;;;;4/11/2013;1;;;;;;;;;;;;;;
3;12/12/2022;;;;;;;;;;;3;8/07/2022;;;;;;;;;;;;;5/11/2013;1;;;;;;;;;;;;;;
1;11/12/2022;;;;;;;;;;;1;9/07/2022;;;;;;;;;;;;;6/11/2013;1;;;;;;;;;;;;;;
2;10/12/2022;;;;;;;;;;;1;12/07/2022;;;;;;;;;;;;;7/11/2013;1;;;;;;;;;;;;;;
8;9/12/2022;;;;;;;;;;;1;14/07/2022;;;;;;;;;;;;;8/11/2013;1;;;;;;;;;;;;;;
8;8/12/2022;;;;;;;;;;;1;16/07/2022;;;;;;;;;;;;;9/11/2013;1;;;;;;;;;;;;;;
3;7/12/2022;;;;;;;;;;;4;19/07/2022;;;;;;;;;;;;;11/11/2013;1;;;;;;;;;;;;;;
2;6/12/2022;;;;;;;;;;;2;20/07/2022;;;;;;;;;;;;;12/11/2013;1;;;;;;;;;;;;;;
1;5/12/2022;;;;;;;;;;;4;21/07/2022;;;;;;;;;;;;;14/11/2013;1;;;;;;;;;;;;;;
1;2/12/2022;;;;;;;;;;;2;22/07/2022;;;;;;;;;;;;;15/11/2013;1;;;;;;;;;;;;;;
1;1/12/2022;;;;;;;;;;;1;25/07/2022;;;;;;;;;;;;;16/11/2013;1;;;;;;;;;;;;;;
2;30/11/2022;;;;;;;;;;;3;26/07/2022;;;;;;;;;;;;;17/11/2013;1;;;;;;;;;;;;;;
8;29/11/2022;;;;;;;;;;;1;27/07/2022;;;;;;;;;;;;;19/11/2013;1;;;;;;;;;;;;;;
1;28/11/2022;;;;;;;;;;;6;28/07/2022;;;;;;;;;;;;;20/11/2013;1;;;;;;;;;;;;;;
1;26/11/2022;;;;;;;;;;;3;29/07/2022;;;;;;;;;;;;;22/11/2013;1;;;;;;;;;;;;;;
3;25/11/2022;;;;;;;;;;;1;30/07/2022;;;;;;;;;;;;;25/11/2013;1;;;;;;;;;;;;;;
2;24/11/2022;;;;;;;;;;;1;1/06/2022;;;;;;;;;;;;;29/11/2013;1;;;;;;;;;;;;;;
3;23/11/2022;;;;;;;;;;;1;3/06/2022;;;;;;;;;;;;;30/11/2013;1;;;;;;;;;;;;;;
2;22/11/2022;;;;;;;;;;;1;4/06/2022;;;;;;;;;;;;;1/12/2013;1;;;;;;;;;;;;;;
3;21/11/2022;;;;;;;;;;;1;6/06/2022;;;;;;;;;;;;;2/12/2013;1;;;;;;;;;;;;;;
2;19/11/2022;;;;;;;;;;;1;7/06/2022;;;;;;;;;;;;;4/12/2013;1;;;;;;;;;;;;;;
1;18/11/2022;;;;;;;;;;;6;8/06/2022;;;;;;;;;;;;;5/12/2013;1;;;;;;;;;;;;;;
3;17/11/2022;;;;;;;;;;;5;9/06/2022;;;;;;;;;;;;;6/12/2013;1;;;;;;;;;;;;;;
2;16/11/2022;;;;;;;;;;;7;10/06/2022;;;;;;;;;;;;;7/12/2013;1;;;;;;;;;;;;;;
3;15/11/2022;;;;;;;;;;;1;11/06/2022;;;;;;;;;;;;;9/12/2013;1;;;;;;;;;;;;;;
6;14/11/2022;;;;;;;;;;;1;12/06/2022;;;;;;;;;;;;;10/12/2013;1;;;;;;;;;;;;;;
1;12/11/2022;;;;;;;;;;;1;14/06/2022;;;;;;;;;;;;;11/12/2013;1;;;;;;;;;;;;;;
2;11/11/2022;;;;;;;;;;;2;15/06/2022;;;;;;;;;;;;;12/12/2013;1;;;;;;;;;;;;;;
4;10/11/2022;;;;;;;;;;;1;16/06/2022;;;;;;;;;;;;;13/12/2013;1;;;;;;;;;;;;;;
5;9/11/2022;;;;;;;;;;;1;17/06/2022;;;;;;;;;;;;;14/12/2013;1;;;;;;;;;;;;;;
2;8/11/2022;;;;;;;;;;;1;18/06/2022;;;;;;;;;;;;;15/12/2013;1;;;;;;;;;;;;;;
2;7/11/2022;;;;;;;;;;;3;20/06/2022;;;;;;;;;;;;;16/12/2013;1;;;;;;;;;;;;;;
1;5/11/2022;;;;;;;;;;;2;21/06/2022;;;;;;;;;;;;;17/12/2013;1;;;;;;;;;;;;;;
2;4/11/2022;;;;;;;;;;;1;22/06/2022;;;;;;;;;;;;;18/12/2013;1;;;;;;;;;;;;;;
4;3/11/2022;;;;;;;;;;;3;23/06/2022;;;;;;;;;;;;;20/12/2013;1;;;;;;;;;;;;;;
1;2/11/2022;;;;;;;;;;;2;24/06/2022;;;;;;;;;;;;;21/12/2013;1;;;;;;;;;;;;;;
1;1/11/2022;;;;;;;;;;;2;27/06/2022;;;;;;;;;;;;;22/12/2013;1;;;;;;;;;;;;;;
3;29/10/2022;;;;;;;;;;;2;28/06/2022;;;;;;;;;;;;;23/12/2013;1;;;;;;;;;;;;;;
4;28/10/2022;;;;;;;;;;;1;29/06/2022;;;;;;;;;;;;;26/12/2013;1;;;;;;;;;;;;;;
2;27/10/2022;;;;;;;;;;;1;30/06/2022;;;;;;;;;;;;;28/12/2013;1;;;;;;;;;;;;;;
2;26/10/2022;;;;;;;;;;;1;1/05/2022;;;;;;;;;;;;;29/12/2013;1;;;;;;;;;;;;;;
4;25/10/2022;;;;;;;;;;;1;2/05/2022;;;;;;;;;;;;;2/01/2014;1;;;;;;;;;;;;;;
2;24/10/2022;;;;;;;;;;;1;4/05/2022;;;;;;;;;;;;;3/01/2014;1;;;;;;;;;;;;;;
1;23/10/2022;;;;;;;;;;;2;5/05/2022;;;;;;;;;;;;;4/01/2014;1;;;;;;;;;;;;;;
2;22/10/2022;;;;;;;;;;;1;6/05/2022;;;;;;;;;;;;;7/01/2014;1;;;;;;;;;;;;;;
2;21/10/2022;;;;;;;;;;;1;10/05/2022;;;;;;;;;;;;;8/01/2014;1;;;;;;;;;;;;;;
2;20/10/2022;;;;;;;;;;;1;11/05/2022;;;;;;;;;;;;;9/01/2014;1;;;;;;;;;;;;;;
2;19/10/2022;;;;;;;;;;;1;12/05/2022;;;;;;;;;;;;;10/01/2014;1;;;;;;;;;;;;;;
1;18/10/2022;;;;;;;;;;;1;13/05/2022;;;;;;;;;;;;;13/01/2014;1;;;;;;;;;;;;;;
4;17/10/2022;;;;;;;;;;;1;15/05/2022;;;;;;;;;;;;;16/01/2014;1;;;;;;;;;;;;;;
1;16/10/2022;;;;;;;;;;;1;16/05/2022;;;;;;;;;;;;;17/01/2014;1;;;;;;;;;;;;;;
2;15/10/2022;;;;;;;;;;;1;17/05/2022;;;;;;;;;;;;;18/01/2014;1;;;;;;;;;;;;;;
1;14/10/2022;;;;;;;;;;;1;18/05/2022;;;;;;;;;;;;;19/01/2014;1;;;;;;;;;;;;;;
4;13/10/2022;;;;;;;;;;;2;19/05/2022;;;;;;;;;;;;;21/01/2014;1;;;;;;;;;;;;;;
2;12/10/2022;;;;;;;;;;;5;20/05/2022;;;;;;;;;;;;;22/01/2014;1;;;;;;;;;;;;;;
3;11/10/2022;;;;;;;;;;;1;22/05/2022;;;;;;;;;;;;;23/01/2014;1;;;;;;;;;;;;;;
3;10/10/2022;;;;;;;;;;;1;23/05/2022;;;;;;;;;;;;;24/01/2014;1;;;;;;;;;;;;;;
1;9/10/2022;;;;;;;;;;;1;24/05/2022;;;;;;;;;;;;;27/01/2014;1;;;;;;;;;;;;;;
1;8/10/2022;;;;;;;;;;;1;25/05/2022;;;;;;;;;;;;;29/01/2014;1;;;;;;;;;;;;;;
3;6/10/2022;;;;;;;;;;;2;27/05/2022;;;;;;;;;;;;;30/01/2014;1;;;;;;;;;;;;;;
3;5/10/2022;;;;;;;;;;;2;28/05/2022;;;;;;;;;;;;;31/01/2014;1;;;;;;;;;;;;;;
2;4/10/2022;;;;;;;;;;;1;29/05/2022;;;;;;;;;;;;;1/02/2014;1;;;;;;;;;;;;;;
2;3/10/2022;;;;;;;;;;;1;30/05/2022;;;;;;;;;;;;;4/02/2014;1;;;;;;;;;;;;;;
1;2/10/2022;;;;;;;;;;;4;31/05/2022;;;;;;;;;;;;;5/02/2014;1;;;;;;;;;;;;;;
1;29/09/2022;;;;;;;;;;;1;1/04/2022;;;;;;;;;;;;;6/02/2014;1;;;;;;;;;;;;;;
1;28/09/2022;;;;;;;;;;;4;2/04/2022;;;;;;;;;;;;;7/02/2014;1;;;;;;;;;;;;;;
2;27/09/2022;;;;;;;;;;;1;3/04/2022;;;;;;;;;;;;;8/02/2014;1;;;;;;;;;;;;;;
2;26/09/2022;;;;;;;;;;;1;4/04/2022;;;;;;;;;;;;;9/02/2014;1;;;;;;;;;;;;;;
2;24/09/2022;;;;;;;;;;;1;5/04/2022;;;;;;;;;;;;;10/02/2014;1;;;;;;;;;;;;;;
5;23/09/2022;;;;;;;;;;;1;6/04/2022;;;;;;;;;;;;;11/02/2014;1;;;;;;;;;;;;;;
5;21/09/2022;;;;;;;;;;;2;7/04/2022;;;;;;;;;;;;;12/02/2014;1;;;;;;;;;;;;;;
5;20/09/2022;;;;;;;;;;;3;8/04/2022;;;;;;;;;;;;;14/02/2014;1;;;;;;;;;;;;;;
6;19/09/2022;;;;;;;;;;;1;12/04/2022;;;;;;;;;;;;;15/02/2014;1;;;;;;;;;;;;;;
1;18/09/2022;;;;;;;;;;;2;13/04/2022;;;;;;;;;;;;;16/02/2014;1;;;;;;;;;;;;;;
2;16/09/2022;;;;;;;;;;;1;18/04/2022;;;;;;;;;;;;;17/02/2014;1;;;;;;;;;;;;;;
3;15/09/2022;;;;;;;;;;;3;19/04/2022;;;;;;;;;;;;;18/02/2014;1;;;;;;;;;;;;;;
3;14/09/2022;;;;;;;;;;;1;20/04/2022;;;;;;;;;;;;;19/02/2014;1;;;;;;;;;;;;;;
4;13/09/2022;;;;;;;;;;;1;21/04/2022;;;;;;;;;;;;;20/02/2014;1;;;;;;;;;;;;;;
2;12/09/2022;;;;;;;;;;;2;22/04/2022;;;;;;;;;;;;;21/02/2014;1;;;;;;;;;;;;;;
1;11/09/2022;;;;;;;;;;;1;25/04/2022;;;;;;;;;;;;;22/02/2014;1;;;;;;;;;;;;;;
4;9/09/2022;;;;;;;;;;;1;26/04/2022;;;;;;;;;;;;;24/02/2014;1;;;;;;;;;;;;;;
1;8/09/2022;;;;;;;;;;;2;27/04/2022;;;;;;;;;;;;;26/02/2014;1;;;;;;;;;;;;;;
4;7/09/2022;;;;;;;;;;;1;28/04/2022;;;;;;;;;;;;;27/02/2014;1;;;;;;;;;;;;;;
1;6/09/2022;;;;;;;;;;;7;29/04/2022;;;;;;;;;;;;;28/02/2014;1;;;;;;;;;;;;;;
2;5/09/2022;;;;;;;;;;;1;1/03/2022;;;;;;;;;;;;;1/03/2014;1;;;;;;;;;;;;;;
1;2/09/2022;;;;;;;;;;;1;2/03/2022;;;;;;;;;;;;;4/03/2014;1;;;;;;;;;;;;;;
2;31/08/2022;;;;;;;;;;;3;4/03/2022;;;;;;;;;;;;;5/03/2014;1;;;;;;;;;;;;;;
4;29/08/2022;;;;;;;;;;;2;5/03/2022;;;;;;;;;;;;;6/03/2014;1;;;;;;;;;;;;;;
6;28/08/2022;;;;;;;;;;;2;6/03/2022;;;;;;;;;;;;;7/03/2014;1;;;;;;;;;;;;;;
1;26/08/2022;;;;;;;;;;;6;7/03/2022;;;;;;;;;;;;;8/03/2014;1;;;;;;;;;;;;;;
3;25/08/2022;;;;;;;;;;;3;8/03/2022;;;;;;;;;;;;;10/03/2014;1;;;;;;;;;;;;;;
2;24/08/2022;;;;;;;;;;;4;9/03/2022;;;;;;;;;;;;;12/03/2014;1;;;;;;;;;;;;;;
3;23/08/2022;;;;;;;;;;;5;10/03/2022;;;;;;;;;;;;;13/03/2014;1;;;;;;;;;;;;;;
2;22/08/2022;;;;;;;;;;;5;11/03/2022;;;;;;;;;;;;;15/03/2014;1;;;;;;;;;;;;;;
1;21/08/2022;;;;;;;;;;;2;15/03/2022;;;;;;;;;;;;;16/03/2014;1;;;;;;;;;;;;;;
6;19/08/2022;;;;;;;;;;;2;16/03/2022;;;;;;;;;;;;;17/03/2014;1;;;;;;;;;;;;;;
3;18/08/2022;;;;;;;;;;;1;17/03/2022;;;;;;;;;;;;;18/03/2014;1;;;;;;;;;;;;;;
3;17/08/2022;;;;;;;;;;;1;18/03/2022;;;;;;;;;;;;;19/03/2014;1;;;;;;;;;;;;;;
3;16/08/2022;;;;;;;;;;;1;19/03/2022;;;;;;;;;;;;;20/03/2014;1;;;;;;;;;;;;;;
4;15/08/2022;;;;;;;;;;;2;21/03/2022;;;;;;;;;;;;;21/03/2014;1;;;;;;;;;;;;;;
5;14/08/2022;;;;;;;;;;;1;22/03/2022;;;;;;;;;;;;;22/03/2014;1;;;;;;;;;;;;;;
2;13/08/2022;;;;;;;;;;;2;23/03/2022;;;;;;;;;;;;;26/03/2014;1;;;;;;;;;;;;;;
2;12/08/2022;;;;;;;;;;;5;24/03/2022;;;;;;;;;;;;;27/03/2014;1;;;;;;;;;;;;;;
1;11/08/2022;;;;;;;;;;;3;25/03/2022;;;;;;;;;;;;;28/03/2014;1;;;;;;;;;;;;;;
3;10/08/2022;;;;;;;;;;;2;28/03/2022;;;;;;;;;;;;;1/04/2014;1;;;;;;;;;;;;;;
2;9/08/2022;;;;;;;;;;;3;30/03/2022;;;;;;;;;;;;;2/04/2014;1;;;;;;;;;;;;;;
2;8/08/2022;;;;;;;;;;;1;31/03/2022;;;;;;;;;;;;;3/04/2014;1;;;;;;;;;;;;;;
1;6/08/2022;;;;;;;;;;;1;1/02/2022;;;;;;;;;;;;;4/04/2014;1;;;;;;;;;;;;;;
1;5/08/2022;;;;;;;;;;;1;2/02/2022;;;;;;;;;;;;;5/04/2014;1;;;;;;;;;;;;;;
2;3/08/2022;;;;;;;;;;;4;3/02/2022;;;;;;;;;;;;;7/04/2014;1;;;;;;;;;;;;;;
1;30/07/2022;;;;;;;;;;;2;8/02/2022;;;;;;;;;;;;;8/04/2014;1;;;;;;;;;;;;;;
3;29/07/2022;;;;;;;;;;;2;9/02/2022;;;;;;;;;;;;;9/04/2014;1;;;;;;;;;;;;;;
6;28/07/2022;;;;;;;;;;;2;10/02/2022;;;;;;;;;;;;;10/04/2014;1;;;;;;;;;;;;;;
1;27/07/2022;;;;;;;;;;;1;12/02/2022;;;;;;;;;;;;;11/04/2014;1;;;;;;;;;;;;;;
3;26/07/2022;;;;;;;;;;;3;14/02/2022;;;;;;;;;;;;;12/04/2014;1;;;;;;;;;;;;;;
1;25/07/2022;;;;;;;;;;;1;16/02/2022;;;;;;;;;;;;;13/04/2014;1;;;;;;;;;;;;;;
2;22/07/2022;;;;;;;;;;;4;17/02/2022;;;;;;;;;;;;;14/04/2014;1;;;;;;;;;;;;;;
4;21/07/2022;;;;;;;;;;;5;18/02/2022;;;;;;;;;;;;;15/04/2014;1;;;;;;;;;;;;;;
2;20/07/2022;;;;;;;;;;;1;21/02/2022;;;;;;;;;;;;;16/04/2014;1;;;;;;;;;;;;;;
4;19/07/2022;;;;;;;;;;;4;22/02/2022;;;;;;;;;;;;;21/04/2014;1;;;;;;;;;;;;;;
1;16/07/2022;;;;;;;;;;;1;23/02/2022;;;;;;;;;;;;;22/04/2014;1;;;;;;;;;;;;;;
1;14/07/2022;;;;;;;;;;;3;24/02/2022;;;;;;;;;;;;;23/04/2014;1;;;;;;;;;;;;;;
1;12/07/2022;;;;;;;;;;;2;25/02/2022;;;;;;;;;;;;;24/04/2014;1;;;;;;;;;;;;;;
1;9/07/2022;;;;;;;;;;;1;27/02/2022;;;;;;;;;;;;;26/04/2014;1;;;;;;;;;;;;;;
3;8/07/2022;;;;;;;;;;;3;28/02/2022;;;;;;;;;;;;;28/04/2014;1;;;;;;;;;;;;;;
2;7/07/2022;;;;;;;;;;;1;4/01/2022;;;;;;;;;;;;;30/04/2014;1;;;;;;;;;;;;;;
2;6/07/2022;;;;;;;;;;;2;5/01/2022;;;;;;;;;;;;;1/05/2014;1;;;;;;;;;;;;;;
2;5/07/2022;;;;;;;;;;;2;6/01/2022;;;;;;;;;;;;;2/05/2014;1;;;;;;;;;;;;;;
3;4/07/2022;;;;;;;;;;;3;7/01/2022;;;;;;;;;;;;;4/05/2014;1;;;;;;;;;;;;;;
1;1/07/2022;;;;;;;;;;;1;8/01/2022;;;;;;;;;;;;;5/05/2014;1;;;;;;;;;;;;;;
1;30/06/2022;;;;;;;;;;;3;10/01/2022;;;;;;;;;;;;;6/05/2014;1;;;;;;;;;;;;;;
1;29/06/2022;;;;;;;;;;;1;11/01/2022;;;;;;;;;;;;;7/05/2014;1;;;;;;;;;;;;;;
2;28/06/2022;;;;;;;;;;;2;12/01/2022;;;;;;;;;;;;;9/05/2014;1;;;;;;;;;;;;;;
2;27/06/2022;;;;;;;;;;;4;13/01/2022;;;;;;;;;;;;;12/05/2014;1;;;;;;;;;;;;;;
2;24/06/2022;;;;;;;;;;;5;14/01/2022;;;;;;;;;;;;;14/05/2014;1;;;;;;;;;;;;;;
3;23/06/2022;;;;;;;;;;;1;15/01/2022;;;;;;;;;;;;;15/05/2014;1;;;;;;;;;;;;;;
1;22/06/2022;;;;;;;;;;;2;18/01/2022;;;;;;;;;;;;;16/05/2014;1;;;;;;;;;;;;;;
2;21/06/2022;;;;;;;;;;;2;19/01/2022;;;;;;;;;;;;;17/05/2014;1;;;;;;;;;;;;;;
3;20/06/2022;;;;;;;;;;;1;20/01/2022;;;;;;;;;;;;;18/05/2014;1;;;;;;;;;;;;;;
1;18/06/2022;;;;;;;;;;;2;21/01/2022;;;;;;;;;;;;;19/05/2014;1;;;;;;;;;;;;;;
1;17/06/2022;;;;;;;;;;;2;24/01/2022;;;;;;;;;;;;;21/05/2014;1;;;;;;;;;;;;;;
1;16/06/2022;;;;;;;;;;;2;25/01/2022;;;;;;;;;;;;;22/05/2014;1;;;;;;;;;;;;;;
2;15/06/2022;;;;;;;;;;;9;26/01/2022;;;;;;;;;;;;;23/05/2014;1;;;;;;;;;;;;;;
1;14/06/2022;;;;;;;;;;;1;27/01/2022;;;;;;;;;;;;;24/05/2014;1;;;;;;;;;;;;;;
1;12/06/2022;;;;;;;;;;;4;28/01/2022;;;;;;;;;;;;;27/05/2014;1;;;;;;;;;;;;;;
1;11/06/2022;;;;;;;;;;;4;29/01/2022;;;;;;;;;;;;;28/05/2014;1;;;;;;;;;;;;;;
7;10/06/2022;;;;;;;;;;;5;30/01/2022;;;;;;;;;;;;;29/05/2014;1;;;;;;;;;;;;;;
5;9/06/2022;;;;;;;;;;;6;1/12/2021;;;;;;;;;;;;;30/05/2014;1;;;;;;;;;;;;;;
6;8/06/2022;;;;;;;;;;;9;2/12/2021;;;;;;;;;;;;;3/06/2014;1;;;;;;;;;;;;;;
1;7/06/2022;;;;;;;;;;;10;3/12/2021;;;;;;;;;;;;;4/06/2014;1;;;;;;;;;;;;;;
1;6/06/2022;;;;;;;;;;;1;7/12/2021;;;;;;;;;;;;;5/06/2014;1;;;;;;;;;;;;;;
1;4/06/2022;;;;;;;;;;;3;8/12/2021;;;;;;;;;;;;;6/06/2014;1;;;;;;;;;;;;;;
1;3/06/2022;;;;;;;;;;;12;9/12/2021;;;;;;;;;;;;;7/06/2014;1;;;;;;;;;;;;;;
1;1/06/2022;;;;;;;;;;;6;10/12/2021;;;;;;;;;;;;;9/06/2014;1;;;;;;;;;;;;;;
4;31/05/2022;;;;;;;;;;;5;11/12/2021;;;;;;;;;;;;;11/06/2014;1;;;;;;;;;;;;;;
1;30/05/2022;;;;;;;;;;;2;12/12/2021;;;;;;;;;;;;;13/06/2014;1;;;;;;;;;;;;;;
1;29/05/2022;;;;;;;;;;;7;13/12/2021;;;;;;;;;;;;;14/06/2014;1;;;;;;;;;;;;;;
2;28/05/2022;;;;;;;;;;;7;14/12/2021;;;;;;;;;;;;;17/06/2014;1;;;;;;;;;;;;;;
2;27/05/2022;;;;;;;;;;;7;15/12/2021;;;;;;;;;;;;;18/06/2014;1;;;;;;;;;;;;;;
1;25/05/2022;;;;;;;;;;;7;16/12/2021;;;;;;;;;;;;;19/06/2014;1;;;;;;;;;;;;;;
1;24/05/2022;;;;;;;;;;;5;17/12/2021;;;;;;;;;;;;;20/06/2014;1;;;;;;;;;;;;;;
1;23/05/2022;;;;;;;;;;;2;19/12/2021;;;;;;;;;;;;;23/06/2014;1;;;;;;;;;;;;;;
1;22/05/2022;;;;;;;;;;;2;20/12/2021;;;;;;;;;;;;;24/06/2014;1;;;;;;;;;;;;;;
5;20/05/2022;;;;;;;;;;;1;21/12/2021;;;;;;;;;;;;;25/06/2014;1;;;;;;;;;;;;;;
2;19/05/2022;;;;;;;;;;;2;22/12/2021;;;;;;;;;;;;;26/06/2014;1;;;;;;;;;;;;;;
1;18/05/2022;;;;;;;;;;;1;27/12/2021;;;;;;;;;;;;;28/06/2014;1;;;;;;;;;;;;;;
1;17/05/2022;;;;;;;;;;;3;28/12/2021;;;;;;;;;;;;;29/06/2014;1;;;;;;;;;;;;;;
1;16/05/2022;;;;;;;;;;;5;29/12/2021;;;;;;;;;;;;;30/06/2014;1;;;;;;;;;;;;;;
1;15/05/2022;;;;;;;;;;;2;31/12/2021;;;;;;;;;;;;;1/07/2014;1;;;;;;;;;;;;;;
1;13/05/2022;;;;;;;;;;;6;2/11/2021;;;;;;;;;;;;;2/07/2014;1;;;;;;;;;;;;;;
1;12/05/2022;;;;;;;;;;;5;3/11/2021;;;;;;;;;;;;;4/07/2014;1;;;;;;;;;;;;;;
1;11/05/2022;;;;;;;;;;;4;4/11/2021;;;;;;;;;;;;;6/07/2014;1;;;;;;;;;;;;;;
1;10/05/2022;;;;;;;;;;;13;5/11/2021;;;;;;;;;;;;;7/07/2014;1;;;;;;;;;;;;;;
1;6/05/2022;;;;;;;;;;;4;6/11/2021;;;;;;;;;;;;;8/07/2014;1;;;;;;;;;;;;;;
2;5/05/2022;;;;;;;;;;;1;7/11/2021;;;;;;;;;;;;;9/07/2014;1;;;;;;;;;;;;;;
1;4/05/2022;;;;;;;;;;;1;8/11/2021;;;;;;;;;;;;;11/07/2014;1;;;;;;;;;;;;;;
1;2/05/2022;;;;;;;;;;;12;9/11/2021;;;;;;;;;;;;;13/07/2014;1;;;;;;;;;;;;;;
1;1/05/2022;;;;;;;;;;;1;10/11/2021;;;;;;;;;;;;;14/07/2014;1;;;;;;;;;;;;;;
7;29/04/2022;;;;;;;;;;;3;11/11/2021;;;;;;;;;;;;;15/07/2014;1;;;;;;;;;;;;;;
1;28/04/2022;;;;;;;;;;;12;12/11/2021;;;;;;;;;;;;;16/07/2014;1;;;;;;;;;;;;;;
2;27/04/2022;;;;;;;;;;;9;13/11/2021;;;;;;;;;;;;;17/07/2014;1;;;;;;;;;;;;;;
1;26/04/2022;;;;;;;;;;;3;14/11/2021;;;;;;;;;;;;;18/07/2014;1;;;;;;;;;;;;;;
1;25/04/2022;;;;;;;;;;;10;15/11/2021;;;;;;;;;;;;;20/07/2014;1;;;;;;;;;;;;;;
2;22/04/2022;;;;;;;;;;;11;16/11/2021;;;;;;;;;;;;;21/07/2014;1;;;;;;;;;;;;;;
1;21/04/2022;;;;;;;;;;;8;17/11/2021;;;;;;;;;;;;;22/07/2014;1;;;;;;;;;;;;;;
1;20/04/2022;;;;;;;;;;;8;18/11/2021;;;;;;;;;;;;;23/07/2014;1;;;;;;;;;;;;;;
3;19/04/2022;;;;;;;;;;;1;20/11/2021;;;;;;;;;;;;;24/07/2014;1;;;;;;;;;;;;;;
1;18/04/2022;;;;;;;;;;;2;22/11/2021;;;;;;;;;;;;;25/07/2014;1;;;;;;;;;;;;;;
2;13/04/2022;;;;;;;;;;;1;23/11/2021;;;;;;;;;;;;;28/07/2014;1;;;;;;;;;;;;;;
1;12/04/2022;;;;;;;;;;;9;24/11/2021;;;;;;;;;;;;;29/07/2014;1;;;;;;;;;;;;;;
3;8/04/2022;;;;;;;;;;;3;25/11/2021;;;;;;;;;;;;;30/07/2014;1;;;;;;;;;;;;;;
2;7/04/2022;;;;;;;;;;;6;26/11/2021;;;;;;;;;;;;;4/08/2014;1;;;;;;;;;;;;;;
1;6/04/2022;;;;;;;;;;;7;1/10/2021;;;;;;;;;;;;;5/08/2014;1;;;;;;;;;;;;;;
1;5/04/2022;;;;;;;;;;;4;2/10/2021;;;;;;;;;;;;;6/08/2014;1;;;;;;;;;;;;;;
1;4/04/2022;;;;;;;;;;;4;3/10/2021;;;;;;;;;;;;;7/08/2014;1;;;;;;;;;;;;;;
1;3/04/2022;;;;;;;;;;;2;4/10/2021;;;;;;;;;;;;;8/08/2014;1;;;;;;;;;;;;;;
4;2/04/2022;;;;;;;;;;;6;5/10/2021;;;;;;;;;;;;;9/08/2014;1;;;;;;;;;;;;;;
1;1/04/2022;;;;;;;;;;;4;6/10/2021;;;;;;;;;;;;;13/08/2014;1;;;;;;;;;;;;;;
1;31/03/2022;;;;;;;;;;;9;7/10/2021;;;;;;;;;;;;;14/08/2014;1;;;;;;;;;;;;;;
3;30/03/2022;;;;;;;;;;;10;8/10/2021;;;;;;;;;;;;;15/08/2014;1;;;;;;;;;;;;;;
2;28/03/2022;;;;;;;;;;;2;9/10/2021;;;;;;;;;;;;;17/08/2014;1;;;;;;;;;;;;;;
3;25/03/2022;;;;;;;;;;;1;11/10/2021;;;;;;;;;;;;;18/08/2014;1;;;;;;;;;;;;;;
5;24/03/2022;;;;;;;;;;;1;12/10/2021;;;;;;;;;;;;;21/08/2014;1;;;;;;;;;;;;;;
2;23/03/2022;;;;;;;;;;;6;13/10/2021;;;;;;;;;;;;;22/08/2014;1;;;;;;;;;;;;;;
1;22/03/2022;;;;;;;;;;;3;14/10/2021;;;;;;;;;;;;;23/08/2014;1;;;;;;;;;;;;;;
2;21/03/2022;;;;;;;;;;;17;15/10/2021;;;;;;;;;;;;;24/08/2014;1;;;;;;;;;;;;;;
1;19/03/2022;;;;;;;;;;;5;16/10/2021;;;;;;;;;;;;;25/08/2014;1;;;;;;;;;;;;;;
1;18/03/2022;;;;;;;;;;;1;19/10/2021;;;;;;;;;;;;;26/08/2014;1;;;;;;;;;;;;;;
1;17/03/2022;;;;;;;;;;;2;20/10/2021;;;;;;;;;;;;;27/08/2014;1;;;;;;;;;;;;;;
2;16/03/2022;;;;;;;;;;;14;21/10/2021;;;;;;;;;;;;;28/08/2014;1;;;;;;;;;;;;;;
2;15/03/2022;;;;;;;;;;;5;22/10/2021;;;;;;;;;;;;;29/08/2014;1;;;;;;;;;;;;;;
5;11/03/2022;;;;;;;;;;;3;23/10/2021;;;;;;;;;;;;;30/08/2014;1;;;;;;;;;;;;;;
5;10/03/2022;;;;;;;;;;;4;24/10/2021;;;;;;;;;;;;;1/09/2014;1;;;;;;;;;;;;;;
4;9/03/2022;;;;;;;;;;;2;25/10/2021;;;;;;;;;;;;;2/09/2014;1;;;;;;;;;;;;;;
3;8/03/2022;;;;;;;;;;;4;26/10/2021;;;;;;;;;;;;;3/09/2014;1;;;;;;;;;;;;;;
6;7/03/2022;;;;;;;;;;;8;28/10/2021;;;;;;;;;;;;;4/09/2014;1;;;;;;;;;;;;;;
2;6/03/2022;;;;;;;;;;;3;29/10/2021;;;;;;;;;;;;;9/09/2014;1;;;;;;;;;;;;;;
2;5/03/2022;;;;;;;;;;;1;30/10/2021;;;;;;;;;;;;;10/09/2014;1;;;;;;;;;;;;;;
3;4/03/2022;;;;;;;;;;;13;1/09/2021;;;;;;;;;;;;;11/09/2014;1;;;;;;;;;;;;;;
1;2/03/2022;;;;;;;;;;;17;2/09/2021;;;;;;;;;;;;;12/09/2014;1;;;;;;;;;;;;;;
1;1/03/2022;;;;;;;;;;;15;3/09/2021;;;;;;;;;;;;;13/09/2014;1;;;;;;;;;;;;;;
3;28/02/2022;;;;;;;;;;;2;4/09/2021;;;;;;;;;;;;;14/09/2014;1;;;;;;;;;;;;;;
1;27/02/2022;;;;;;;;;;;2;5/09/2021;;;;;;;;;;;;;16/09/2014;1;;;;;;;;;;;;;;
2;25/02/2022;;;;;;;;;;;9;6/09/2021;;;;;;;;;;;;;17/09/2014;1;;;;;;;;;;;;;;
3;24/02/2022;;;;;;;;;;;16;7/09/2021;;;;;;;;;;;;;18/09/2014;1;;;;;;;;;;;;;;
1;23/02/2022;;;;;;;;;;;18;8/09/2021;;;;;;;;;;;;;19/09/2014;1;;;;;;;;;;;;;;
4;22/02/2022;;;;;;;;;;;11;9/09/2021;;;;;;;;;;;;;22/09/2014;1;;;;;;;;;;;;;;
1;21/02/2022;;;;;;;;;;;13;10/09/2021;;;;;;;;;;;;;23/09/2014;1;;;;;;;;;;;;;;
5;18/02/2022;;;;;;;;;;;1;12/09/2021;;;;;;;;;;;;;24/09/2014;1;;;;;;;;;;;;;;
4;17/02/2022;;;;;;;;;;;5;13/09/2021;;;;;;;;;;;;;25/09/2014;1;;;;;;;;;;;;;;
1;16/02/2022;;;;;;;;;;;4;14/09/2021;;;;;;;;;;;;;26/09/2014;1;;;;;;;;;;;;;;
3;14/02/2022;;;;;;;;;;;9;15/09/2021;;;;;;;;;;;;;30/09/2014;1;;;;;;;;;;;;;;
1;12/02/2022;;;;;;;;;;;3;16/09/2021;;;;;;;;;;;;;1/10/2014;1;;;;;;;;;;;;;;
2;10/02/2022;;;;;;;;;;;3;17/09/2021;;;;;;;;;;;;;2/10/2014;1;;;;;;;;;;;;;;
2;9/02/2022;;;;;;;;;;;6;18/09/2021;;;;;;;;;;;;;3/10/2014;1;;;;;;;;;;;;;;
2;8/02/2022;;;;;;;;;;;5;19/09/2021;;;;;;;;;;;;;6/10/2014;1;;;;;;;;;;;;;;
4;3/02/2022;;;;;;;;;;;9;20/09/2021;;;;;;;;;;;;;8/10/2014;1;;;;;;;;;;;;;;
1;2/02/2022;;;;;;;;;;;9;21/09/2021;;;;;;;;;;;;;10/10/2014;1;;;;;;;;;;;;;;
1;1/02/2022;;;;;;;;;;;4;23/09/2021;;;;;;;;;;;;;11/10/2014;1;;;;;;;;;;;;;;
5;30/01/2022;;;;;;;;;;;4;24/09/2021;;;;;;;;;;;;;12/10/2014;1;;;;;;;;;;;;;;
4;29/01/2022;;;;;;;;;;;1;25/09/2021;;;;;;;;;;;;;13/10/2014;1;;;;;;;;;;;;;;
4;28/01/2022;;;;;;;;;;;4;26/09/2021;;;;;;;;;;;;;14/10/2014;1;;;;;;;;;;;;;;
1;27/01/2022;;;;;;;;;;;9;27/09/2021;;;;;;;;;;;;;15/10/2014;1;;;;;;;;;;;;;;
9;26/01/2022;;;;;;;;;;;7;28/09/2021;;;;;;;;;;;;;16/10/2014;1;;;;;;;;;;;;;;
2;25/01/2022;;;;;;;;;;;7;29/09/2021;;;;;;;;;;;;;17/10/2014;1;;;;;;;;;;;;;;
2;24/01/2022;;;;;;;;;;;9;30/09/2021;;;;;;;;;;;;;18/10/2014;1;;;;;;;;;;;;;;
2;21/01/2022;;;;;;;;;;;4;2/08/2021;;;;;;;;;;;;;19/10/2014;1;;;;;;;;;;;;;;
1;20/01/2022;;;;;;;;;;;8;3/08/2021;;;;;;;;;;;;;20/10/2014;1;;;;;;;;;;;;;;
2;19/01/2022;;;;;;;;;;;7;4/08/2021;;;;;;;;;;;;;21/10/2014;1;;;;;;;;;;;;;;
2;18/01/2022;;;;;;;;;;;11;5/08/2021;;;;;;;;;;;;;22/10/2014;1;;;;;;;;;;;;;;
1;15/01/2022;;;;;;;;;;;8;6/08/2021;;;;;;;;;;;;;23/10/2014;1;;;;;;;;;;;;;;
5;14/01/2022;;;;;;;;;;;3;7/08/2021;;;;;;;;;;;;;24/10/2014;1;;;;;;;;;;;;;;
4;13/01/2022;;;;;;;;;;;6;9/08/2021;;;;;;;;;;;;;25/10/2014;1;;;;;;;;;;;;;;
2;12/01/2022;;;;;;;;;;;9;10/08/2021;;;;;;;;;;;;;26/10/2014;1;;;;;;;;;;;;;;
1;11/01/2022;;;;;;;;;;;1;11/08/2021;;;;;;;;;;;;;27/10/2014;1;;;;;;;;;;;;;;
3;10/01/2022;;;;;;;;;;;12;12/08/2021;;;;;;;;;;;;;28/10/2014;1;;;;;;;;;;;;;;
1;8/01/2022;;;;;;;;;;;12;13/08/2021;;;;;;;;;;;;;29/10/2014;1;;;;;;;;;;;;;;
3;7/01/2022;;;;;;;;;;;6;14/08/2021;;;;;;;;;;;;;30/10/2014;1;;;;;;;;;;;;;;
2;6/01/2022;;;;;;;;;;;7;16/08/2021;;;;;;;;;;;;;31/10/2014;1;;;;;;;;;;;;;;
2;5/01/2022;;;;;;;;;;;17;17/08/2021;;;;;;;;;;;;;1/11/2014;1;;;;;;;;;;;;;;
1;4/01/2022;;;;;;;;;;;9;18/08/2021;;;;;;;;;;;;;2/11/2014;1;;;;;;;;;;;;;;
2;31/12/2021;;;;;;;;;;;11;19/08/2021;;;;;;;;;;;;;3/11/2014;1;;;;;;;;;;;;;;
5;29/12/2021;;;;;;;;;;;10;20/08/2021;;;;;;;;;;;;;4/11/2014;1;;;;;;;;;;;;;;
3;28/12/2021;;;;;;;;;;;4;21/08/2021;;;;;;;;;;;;;5/11/2014;1;;;;;;;;;;;;;;
1;27/12/2021;;;;;;;;;;;14;23/08/2021;;;;;;;;;;;;;6/11/2014;1;;;;;;;;;;;;;;
2;22/12/2021;;;;;;;;;;;3;24/08/2021;;;;;;;;;;;;;7/11/2014;1;;;;;;;;;;;;;;
1;21/12/2021;;;;;;;;;;;13;25/08/2021;;;;;;;;;;;;;8/11/2014;1;;;;;;;;;;;;;;
2;20/12/2021;;;;;;;;;;;1;26/08/2021;;;;;;;;;;;;;9/11/2014;1;;;;;;;;;;;;;;
2;19/12/2021;;;;;;;;;;;14;27/08/2021;;;;;;;;;;;;;10/11/2014;1;;;;;;;;;;;;;;
5;17/12/2021;;;;;;;;;;;2;28/08/2021;;;;;;;;;;;;;11/11/2014;1;;;;;;;;;;;;;;
7;16/12/2021;;;;;;;;;;;3;29/08/2021;;;;;;;;;;;;;12/11/2014;1;;;;;;;;;;;;;;
7;15/12/2021;;;;;;;;;;;8;30/08/2021;;;;;;;;;;;;;13/11/2014;1;;;;;;;;;;;;;;
7;14/12/2021;;;;;;;;;;;9;31/08/2021;;;;;;;;;;;;;14/11/2014;1;;;;;;;;;;;;;;
7;13/12/2021;;;;;;;;;;;3;1/07/2021;;;;;;;;;;;;;15/11/2014;1;;;;;;;;;;;;;;
2;12/12/2021;;;;;;;;;;;1;2/07/2021;;;;;;;;;;;;;17/11/2014;1;;;;;;;;;;;;;;
5;11/12/2021;;;;;;;;;;;1;5/07/2021;;;;;;;;;;;;;18/11/2014;1;;;;;;;;;;;;;;
6;10/12/2021;;;;;;;;;;;1;6/07/2021;;;;;;;;;;;;;19/11/2014;1;;;;;;;;;;;;;;
12;9/12/2021;;;;;;;;;;;3;7/07/2021;;;;;;;;;;;;;20/11/2014;1;;;;;;;;;;;;;;
3;8/12/2021;;;;;;;;;;;1;8/07/2021;;;;;;;;;;;;;21/11/2014;1;;;;;;;;;;;;;;
1;7/12/2021;;;;;;;;;;;2;9/07/2021;;;;;;;;;;;;;22/11/2014;1;;;;;;;;;;;;;;
10;3/12/2021;;;;;;;;;;;2;11/07/2021;;;;;;;;;;;;;25/11/2014;1;;;;;;;;;;;;;;
9;2/12/2021;;;;;;;;;;;2;12/07/2021;;;;;;;;;;;;;26/11/2014;1;;;;;;;;;;;;;;
6;1/12/2021;;;;;;;;;;;1;13/07/2021;;;;;;;;;;;;;27/11/2014;1;;;;;;;;;;;;;;
6;26/11/2021;;;;;;;;;;;2;14/07/2021;;;;;;;;;;;;;28/11/2014;1;;;;;;;;;;;;;;
3;25/11/2021;;;;;;;;;;;5;15/07/2021;;;;;;;;;;;;;29/11/2014;1;;;;;;;;;;;;;;
9;24/11/2021;;;;;;;;;;;3;16/07/2021;;;;;;;;;;;;;1/12/2014;1;;;;;;;;;;;;;;
1;23/11/2021;;;;;;;;;;;3;17/07/2021;;;;;;;;;;;;;2/12/2014;1;;;;;;;;;;;;;;
2;22/11/2021;;;;;;;;;;;2;19/07/2021;;;;;;;;;;;;;4/12/2014;1;;;;;;;;;;;;;;
1;20/11/2021;;;;;;;;;;;4;20/07/2021;;;;;;;;;;;;;5/12/2014;1;;;;;;;;;;;;;;
8;18/11/2021;;;;;;;;;;;4;21/07/2021;;;;;;;;;;;;;8/12/2014;1;;;;;;;;;;;;;;
8;17/11/2021;;;;;;;;;;;2;22/07/2021;;;;;;;;;;;;;9/12/2014;1;;;;;;;;;;;;;;
11;16/11/2021;;;;;;;;;;;2;23/07/2021;;;;;;;;;;;;;10/12/2014;1;;;;;;;;;;;;;;
10;15/11/2021;;;;;;;;;;;1;24/07/2021;;;;;;;;;;;;;11/12/2014;1;;;;;;;;;;;;;;
3;14/11/2021;;;;;;;;;;;3;25/07/2021;;;;;;;;;;;;;12/12/2014;1;;;;;;;;;;;;;;
9;13/11/2021;;;;;;;;;;;2;26/07/2021;;;;;;;;;;;;;13/12/2014;1;;;;;;;;;;;;;;
12;12/11/2021;;;;;;;;;;;2;27/07/2021;;;;;;;;;;;;;14/12/2014;1;;;;;;;;;;;;;;
3;11/11/2021;;;;;;;;;;;5;28/07/2021;;;;;;;;;;;;;15/12/2014;1;;;;;;;;;;;;;;
1;10/11/2021;;;;;;;;;;;2;29/07/2021;;;;;;;;;;;;;16/12/2014;1;;;;;;;;;;;;;;
12;9/11/2021;;;;;;;;;;;4;30/07/2021;;;;;;;;;;;;;17/12/2014;1;;;;;;;;;;;;;;
1;8/11/2021;;;;;;;;;;;1;31/07/2021;;;;;;;;;;;;;18/12/2014;1;;;;;;;;;;;;;;
1;7/11/2021;;;;;;;;;;;1;1/06/2021;;;;;;;;;;;;;19/12/2014;1;;;;;;;;;;;;;;
4;6/11/2021;;;;;;;;;;;2;2/06/2021;;;;;;;;;;;;;20/12/2014;1;;;;;;;;;;;;;;
13;5/11/2021;;;;;;;;;;;1;3/06/2021;;;;;;;;;;;;;21/12/2014;1;;;;;;;;;;;;;;
4;4/11/2021;;;;;;;;;;;1;6/06/2021;;;;;;;;;;;;;22/12/2014;1;;;;;;;;;;;;;;
5;3/11/2021;;;;;;;;;;;1;7/06/2021;;;;;;;;;;;;;23/12/2014;1;;;;;;;;;;;;;;
6;2/11/2021;;;;;;;;;;;1;9/06/2021;;;;;;;;;;;;;24/12/2014;1;;;;;;;;;;;;;;
1;30/10/2021;;;;;;;;;;;2;10/06/2021;;;;;;;;;;;;;29/12/2014;1;;;;;;;;;;;;;;
3;29/10/2021;;;;;;;;;;;1;14/06/2021;;;;;;;;;;;;;30/12/2014;1;;;;;;;;;;;;;;
8;28/10/2021;;;;;;;;;;;1;15/06/2021;;;;;;;;;;;;;4/01/2015;1;;;;;;;;;;;;;;
4;26/10/2021;;;;;;;;;;;1;16/06/2021;;;;;;;;;;;;;5/01/2015;1;;;;;;;;;;;;;;
2;25/10/2021;;;;;;;;;;;1;17/06/2021;;;;;;;;;;;;;6/01/2015;1;;;;;;;;;;;;;;
4;24/10/2021;;;;;;;;;;;3;18/06/2021;;;;;;;;;;;;;7/01/2015;1;;;;;;;;;;;;;;
3;23/10/2021;;;;;;;;;;;2;21/06/2021;;;;;;;;;;;;;8/01/2015;1;;;;;;;;;;;;;;
5;22/10/2021;;;;;;;;;;;1;22/06/2021;;;;;;;;;;;;;9/01/2015;1;;;;;;;;;;;;;;
14;21/10/2021;;;;;;;;;;;1;23/06/2021;;;;;;;;;;;;;10/01/2015;1;;;;;;;;;;;;;;
2;20/10/2021;;;;;;;;;;;1;24/06/2021;;;;;;;;;;;;;13/01/2015;1;;;;;;;;;;;;;;
1;19/10/2021;;;;;;;;;;;1;29/06/2021;;;;;;;;;;;;;14/01/2015;1;;;;;;;;;;;;;;
5;16/10/2021;;;;;;;;;;;2;30/06/2021;;;;;;;;;;;;;15/01/2015;1;;;;;;;;;;;;;;
17;15/10/2021;;;;;;;;;;;1;2/05/2021;;;;;;;;;;;;;16/01/2015;1;;;;;;;;;;;;;;
3;14/10/2021;;;;;;;;;;;2;3/05/2021;;;;;;;;;;;;;17/01/2015;1;;;;;;;;;;;;;;
6;13/10/2021;;;;;;;;;;;2;4/05/2021;;;;;;;;;;;;;19/01/2015;1;;;;;;;;;;;;;;
1;12/10/2021;;;;;;;;;;;1;6/05/2021;;;;;;;;;;;;;20/01/2015;1;;;;;;;;;;;;;;
1;11/10/2021;;;;;;;;;;;2;7/05/2021;;;;;;;;;;;;;21/01/2015;1;;;;;;;;;;;;;;
2;9/10/2021;;;;;;;;;;;1;10/05/2021;;;;;;;;;;;;;22/01/2015;1;;;;;;;;;;;;;;
10;8/10/2021;;;;;;;;;;;1;11/05/2021;;;;;;;;;;;;;23/01/2015;1;;;;;;;;;;;;;;
9;7/10/2021;;;;;;;;;;;1;12/05/2021;;;;;;;;;;;;;24/01/2015;1;;;;;;;;;;;;;;
4;6/10/2021;;;;;;;;;;;2;13/05/2021;;;;;;;;;;;;;26/01/2015;1;;;;;;;;;;;;;;
6;5/10/2021;;;;;;;;;;;2;14/05/2021;;;;;;;;;;;;;27/01/2015;1;;;;;;;;;;;;;;
2;4/10/2021;;;;;;;;;;;1;17/05/2021;;;;;;;;;;;;;28/01/2015;1;;;;;;;;;;;;;;
4;3/10/2021;;;;;;;;;;;1;19/05/2021;;;;;;;;;;;;;29/01/2015;1;;;;;;;;;;;;;;
4;2/10/2021;;;;;;;;;;;1;21/05/2021;;;;;;;;;;;;;30/01/2015;1;;;;;;;;;;;;;;
7;1/10/2021;;;;;;;;;;;1;22/05/2021;;;;;;;;;;;;;31/01/2015;1;;;;;;;;;;;;;;
9;30/09/2021;;;;;;;;;;;1;25/05/2021;;;;;;;;;;;;;1/02/2015;1;;;;;;;;;;;;;;
7;29/09/2021;;;;;;;;;;;2;26/05/2021;;;;;;;;;;;;;2/02/2015;1;;;;;;;;;;;;;;
7;28/09/2021;;;;;;;;;;;1;27/05/2021;;;;;;;;;;;;;3/02/2015;1;;;;;;;;;;;;;;
9;27/09/2021;;;;;;;;;;;2;28/05/2021;;;;;;;;;;;;;4/02/2015;1;;;;;;;;;;;;;;
4;26/09/2021;;;;;;;;;;;1;31/05/2021;;;;;;;;;;;;;5/02/2015;1;;;;;;;;;;;;;;
1;25/09/2021;;;;;;;;;;;1;3/04/2021;;;;;;;;;;;;;6/02/2015;1;;;;;;;;;;;;;;
4;24/09/2021;;;;;;;;;;;1;6/04/2021;;;;;;;;;;;;;7/02/2015;1;;;;;;;;;;;;;;
4;23/09/2021;;;;;;;;;;;1;7/04/2021;;;;;;;;;;;;;9/02/2015;1;;;;;;;;;;;;;;
9;21/09/2021;;;;;;;;;;;1;8/04/2021;;;;;;;;;;;;;10/02/2015;1;;;;;;;;;;;;;;
9;20/09/2021;;;;;;;;;;;1;9/04/2021;;;;;;;;;;;;;11/02/2015;1;;;;;;;;;;;;;;
5;19/09/2021;;;;;;;;;;;1;11/04/2021;;;;;;;;;;;;;12/02/2015;1;;;;;;;;;;;;;;
6;18/09/2021;;;;;;;;;;;2;14/04/2021;;;;;;;;;;;;;13/02/2015;1;;;;;;;;;;;;;;
3;17/09/2021;;;;;;;;;;;3;16/04/2021;;;;;;;;;;;;;14/02/2015;1;;;;;;;;;;;;;;
3;16/09/2021;;;;;;;;;;;1;18/04/2021;;;;;;;;;;;;;15/02/2015;1;;;;;;;;;;;;;;
9;15/09/2021;;;;;;;;;;;2;19/04/2021;;;;;;;;;;;;;16/02/2015;1;;;;;;;;;;;;;;
4;14/09/2021;;;;;;;;;;;1;20/04/2021;;;;;;;;;;;;;17/02/2015;1;;;;;;;;;;;;;;
5;13/09/2021;;;;;;;;;;;3;21/04/2021;;;;;;;;;;;;;18/02/2015;1;;;;;;;;;;;;;;
1;12/09/2021;;;;;;;;;;;2;22/04/2021;;;;;;;;;;;;;19/02/2015;1;;;;;;;;;;;;;;
13;10/09/2021;;;;;;;;;;;1;23/04/2021;;;;;;;;;;;;;21/02/2015;1;;;;;;;;;;;;;;
11;9/09/2021;;;;;;;;;;;1;28/04/2021;;;;;;;;;;;;;23/02/2015;1;;;;;;;;;;;;;;
18;8/09/2021;;;;;;;;;;;1;29/04/2021;;;;;;;;;;;;;24/02/2015;1;;;;;;;;;;;;;;
16;7/09/2021;;;;;;;;;;;3;30/04/2021;;;;;;;;;;;;;25/02/2015;1;;;;;;;;;;;;;;
9;6/09/2021;;;;;;;;;;;2;2/03/2021;;;;;;;;;;;;;26/02/2015;1;;;;;;;;;;;;;;
2;5/09/2021;;;;;;;;;;;1;3/03/2021;;;;;;;;;;;;;27/02/2015;1;;;;;;;;;;;;;;
2;4/09/2021;;;;;;;;;;;1;4/03/2021;;;;;;;;;;;;;1/03/2015;1;;;;;;;;;;;;;;
15;3/09/2021;;;;;;;;;;;3;5/03/2021;;;;;;;;;;;;;2/03/2015;1;;;;;;;;;;;;;;
17;2/09/2021;;;;;;;;;;;4;8/03/2021;;;;;;;;;;;;;3/03/2015;1;;;;;;;;;;;;;;
13;1/09/2021;;;;;;;;;;;2;9/03/2021;;;;;;;;;;;;;4/03/2015;1;;;;;;;;;;;;;;
9;31/08/2021;;;;;;;;;;;3;10/03/2021;;;;;;;;;;;;;5/03/2015;1;;;;;;;;;;;;;;
8;30/08/2021;;;;;;;;;;;1;12/03/2021;;;;;;;;;;;;;6/03/2015;1;;;;;;;;;;;;;;
3;29/08/2021;;;;;;;;;;;2;17/03/2021;;;;;;;;;;;;;9/03/2015;1;;;;;;;;;;;;;;
2;28/08/2021;;;;;;;;;;;2;18/03/2021;;;;;;;;;;;;;10/03/2015;1;;;;;;;;;;;;;;
14;27/08/2021;;;;;;;;;;;2;19/03/2021;;;;;;;;;;;;;11/03/2015;1;;;;;;;;;;;;;;
1;26/08/2021;;;;;;;;;;;3;22/03/2021;;;;;;;;;;;;;12/03/2015;1;;;;;;;;;;;;;;
13;25/08/2021;;;;;;;;;;;1;23/03/2021;;;;;;;;;;;;;13/03/2015;1;;;;;;;;;;;;;;
3;24/08/2021;;;;;;;;;;;1;24/03/2021;;;;;;;;;;;;;14/03/2015;1;;;;;;;;;;;;;;
14;23/08/2021;;;;;;;;;;;1;25/03/2021;;;;;;;;;;;;;15/03/2015;1;;;;;;;;;;;;;;
4;21/08/2021;;;;;;;;;;;1;29/03/2021;;;;;;;;;;;;;16/03/2015;1;;;;;;;;;;;;;;
10;20/08/2021;;;;;;;;;;;1;30/03/2021;;;;;;;;;;;;;18/03/2015;1;;;;;;;;;;;;;;
11;19/08/2021;;;;;;;;;;;2;31/03/2021;;;;;;;;;;;;;19/03/2015;1;;;;;;;;;;;;;;
9;18/08/2021;;;;;;;;;;;1;3/02/2021;;;;;;;;;;;;;20/03/2015;1;;;;;;;;;;;;;;
17;17/08/2021;;;;;;;;;;;3;4/02/2021;;;;;;;;;;;;;21/03/2015;1;;;;;;;;;;;;;;
7;16/08/2021;;;;;;;;;;;1;5/02/2021;;;;;;;;;;;;;23/03/2015;1;;;;;;;;;;;;;;
6;14/08/2021;;;;;;;;;;;1;7/02/2021;;;;;;;;;;;;;24/03/2015;1;;;;;;;;;;;;;;
12;13/08/2021;;;;;;;;;;;1;8/02/2021;;;;;;;;;;;;;25/03/2015;1;;;;;;;;;;;;;;
12;12/08/2021;;;;;;;;;;;1;9/02/2021;;;;;;;;;;;;;26/03/2015;1;;;;;;;;;;;;;;
1;11/08/2021;;;;;;;;;;;1;10/02/2021;;;;;;;;;;;;;27/03/2015;1;;;;;;;;;;;;;;
9;10/08/2021;;;;;;;;;;;2;11/02/2021;;;;;;;;;;;;;28/03/2015;1;;;;;;;;;;;;;;
6;9/08/2021;;;;;;;;;;;4;15/02/2021;;;;;;;;;;;;;30/03/2015;1;;;;;;;;;;;;;;
3;7/08/2021;;;;;;;;;;;1;16/02/2021;;;;;;;;;;;;;1/04/2015;1;;;;;;;;;;;;;;
8;6/08/2021;;;;;;;;;;;2;17/02/2021;;;;;;;;;;;;;2/04/2015;1;;;;;;;;;;;;;;
11;5/08/2021;;;;;;;;;;;1;18/02/2021;;;;;;;;;;;;;6/04/2015;1;;;;;;;;;;;;;;
7;4/08/2021;;;;;;;;;;;1;23/02/2021;;;;;;;;;;;;;7/04/2015;1;;;;;;;;;;;;;;
8;3/08/2021;;;;;;;;;;;1;24/02/2021;;;;;;;;;;;;;8/04/2015;1;;;;;;;;;;;;;;
4;2/08/2021;;;;;;;;;;;1;25/02/2021;;;;;;;;;;;;;9/04/2015;1;;;;;;;;;;;;;;
1;31/07/2021;;;;;;;;;;;1;26/02/2021;;;;;;;;;;;;;10/04/2015;1;;;;;;;;;;;;;;
4;30/07/2021;;;;;;;;;;;2;28/02/2021;;;;;;;;;;;;;11/04/2015;1;;;;;;;;;;;;;;
2;29/07/2021;;;;;;;;;;;1;4/01/2021;;;;;;;;;;;;;13/04/2015;1;;;;;;;;;;;;;;
5;28/07/2021;;;;;;;;;;;1;5/01/2021;;;;;;;;;;;;;14/04/2015;1;;;;;;;;;;;;;;
2;27/07/2021;;;;;;;;;;;3;6/01/2021;;;;;;;;;;;;;15/04/2015;1;;;;;;;;;;;;;;
2;26/07/2021;;;;;;;;;;;1;9/01/2021;;;;;;;;;;;;;18/04/2015;1;;;;;;;;;;;;;;
3;25/07/2021;;;;;;;;;;;1;11/01/2021;;;;;;;;;;;;;19/04/2015;1;;;;;;;;;;;;;;
1;24/07/2021;;;;;;;;;;;2;12/01/2021;;;;;;;;;;;;;20/04/2015;1;;;;;;;;;;;;;;
2;23/07/2021;;;;;;;;;;;2;13/01/2021;;;;;;;;;;;;;21/04/2015;1;;;;;;;;;;;;;;
2;22/07/2021;;;;;;;;;;;2;14/01/2021;;;;;;;;;;;;;22/04/2015;1;;;;;;;;;;;;;;
4;21/07/2021;;;;;;;;;;;1;15/01/2021;;;;;;;;;;;;;23/04/2015;1;;;;;;;;;;;;;;
4;20/07/2021;;;;;;;;;;;1;18/01/2021;;;;;;;;;;;;;24/04/2015;1;;;;;;;;;;;;;;
2;19/07/2021;;;;;;;;;;;1;19/01/2021;;;;;;;;;;;;;28/04/2015;1;;;;;;;;;;;;;;
3;17/07/2021;;;;;;;;;;;1;20/01/2021;;;;;;;;;;;;;1/05/2015;1;;;;;;;;;;;;;;
3;16/07/2021;;;;;;;;;;;1;21/01/2021;;;;;;;;;;;;;4/05/2015;1;;;;;;;;;;;;;;
5;15/07/2021;;;;;;;;;;;1;22/01/2021;;;;;;;;;;;;;5/05/2015;1;;;;;;;;;;;;;;
2;14/07/2021;;;;;;;;;;;2;25/01/2021;;;;;;;;;;;;;6/05/2015;1;;;;;;;;;;;;;;
1;13/07/2021;;;;;;;;;;;1;26/01/2021;;;;;;;;;;;;;7/05/2015;1;;;;;;;;;;;;;;
2;12/07/2021;;;;;;;;;;;1;27/01/2021;;;;;;;;;;;;;8/05/2015;1;;;;;;;;;;;;;;
2;11/07/2021;;;;;;;;;;;1;28/01/2021;;;;;;;;;;;;;12/05/2015;1;;;;;;;;;;;;;;
2;9/07/2021;;;;;;;;;;;1;31/01/2021;;;;;;;;;;;;;13/05/2015;1;;;;;;;;;;;;;;
1;8/07/2021;;;;;;;;;;;1;2/12/2020;;;;;;;;;;;;;14/05/2015;1;;;;;;;;;;;;;;
3;7/07/2021;;;;;;;;;;;1;5/12/2020;;;;;;;;;;;;;20/05/2015;1;;;;;;;;;;;;;;
1;6/07/2021;;;;;;;;;;;1;6/12/2020;;;;;;;;;;;;;22/05/2015;1;;;;;;;;;;;;;;
1;5/07/2021;;;;;;;;;;;5;7/12/2020;;;;;;;;;;;;;23/05/2015;1;;;;;;;;;;;;;;
1;2/07/2021;;;;;;;;;;;2;9/12/2020;;;;;;;;;;;;;26/05/2015;1;;;;;;;;;;;;;;
3;1/07/2021;;;;;;;;;;;1;11/12/2020;;;;;;;;;;;;;27/05/2015;1;;;;;;;;;;;;;;
2;30/06/2021;;;;;;;;;;;1;14/12/2020;;;;;;;;;;;;;28/05/2015;1;;;;;;;;;;;;;;
1;29/06/2021;;;;;;;;;;;2;15/12/2020;;;;;;;;;;;;;29/05/2015;1;;;;;;;;;;;;;;
1;24/06/2021;;;;;;;;;;;2;16/12/2020;;;;;;;;;;;;;30/05/2015;1;;;;;;;;;;;;;;
1;23/06/2021;;;;;;;;;;;5;17/12/2020;;;;;;;;;;;;;1/06/2015;1;;;;;;;;;;;;;;
1;22/06/2021;;;;;;;;;;;2;18/12/2020;;;;;;;;;;;;;2/06/2015;1;;;;;;;;;;;;;;
2;21/06/2021;;;;;;;;;;;2;21/12/2020;;;;;;;;;;;;;3/06/2015;1;;;;;;;;;;;;;;
3;18/06/2021;;;;;;;;;;;1;23/12/2020;;;;;;;;;;;;;4/06/2015;1;;;;;;;;;;;;;;
1;17/06/2021;;;;;;;;;;;1;26/12/2020;;;;;;;;;;;;;6/06/2015;1;;;;;;;;;;;;;;
1;16/06/2021;;;;;;;;;;;1;28/12/2020;;;;;;;;;;;;;7/06/2015;1;;;;;;;;;;;;;;
1;15/06/2021;;;;;;;;;;;1;2/11/2020;;;;;;;;;;;;;8/06/2015;1;;;;;;;;;;;;;;
1;14/06/2021;;;;;;;;;;;4;3/11/2020;;;;;;;;;;;;;9/06/2015;1;;;;;;;;;;;;;;
2;10/06/2021;;;;;;;;;;;2;4/11/2020;;;;;;;;;;;;;10/06/2015;1;;;;;;;;;;;;;;
1;9/06/2021;;;;;;;;;;;2;6/11/2020;;;;;;;;;;;;;11/06/2015;1;;;;;;;;;;;;;;
1;7/06/2021;;;;;;;;;;;4;9/11/2020;;;;;;;;;;;;;12/06/2015;1;;;;;;;;;;;;;;
1;6/06/2021;;;;;;;;;;;1;10/11/2020;;;;;;;;;;;;;13/06/2015;1;;;;;;;;;;;;;;
1;3/06/2021;;;;;;;;;;;1;12/11/2020;;;;;;;;;;;;;14/06/2015;1;;;;;;;;;;;;;;
2;2/06/2021;;;;;;;;;;;1;15/11/2020;;;;;;;;;;;;;15/06/2015;1;;;;;;;;;;;;;;
1;1/06/2021;;;;;;;;;;;1;17/11/2020;;;;;;;;;;;;;16/06/2015;1;;;;;;;;;;;;;;
1;31/05/2021;;;;;;;;;;;1;18/11/2020;;;;;;;;;;;;;19/06/2015;1;;;;;;;;;;;;;;
2;28/05/2021;;;;;;;;;;;1;19/11/2020;;;;;;;;;;;;;22/06/2015;1;;;;;;;;;;;;;;
1;27/05/2021;;;;;;;;;;;1;21/11/2020;;;;;;;;;;;;;23/06/2015;1;;;;;;;;;;;;;;
2;26/05/2021;;;;;;;;;;;1;23/11/2020;;;;;;;;;;;;;24/06/2015;1;;;;;;;;;;;;;;
1;25/05/2021;;;;;;;;;;;1;24/11/2020;;;;;;;;;;;;;25/06/2015;1;;;;;;;;;;;;;;
1;22/05/2021;;;;;;;;;;;1;25/11/2020;;;;;;;;;;;;;26/06/2015;1;;;;;;;;;;;;;;
1;21/05/2021;;;;;;;;;;;1;26/11/2020;;;;;;;;;;;;;27/06/2015;1;;;;;;;;;;;;;;
1;19/05/2021;;;;;;;;;;;1;27/11/2020;;;;;;;;;;;;;30/06/2015;1;;;;;;;;;;;;;;
1;17/05/2021;;;;;;;;;;;1;29/11/2020;;;;;;;;;;;;;2/07/2015;1;;;;;;;;;;;;;;
2;14/05/2021;;;;;;;;;;;2;1/10/2020;;;;;;;;;;;;;3/07/2015;1;;;;;;;;;;;;;;
2;13/05/2021;;;;;;;;;;;1;2/10/2020;;;;;;;;;;;;;6/07/2015;1;;;;;;;;;;;;;;
1;12/05/2021;;;;;;;;;;;1;3/10/2020;;;;;;;;;;;;;7/07/2015;1;;;;;;;;;;;;;;
1;11/05/2021;;;;;;;;;;;1;4/10/2020;;;;;;;;;;;;;8/07/2015;1;;;;;;;;;;;;;;
1;10/05/2021;;;;;;;;;;;1;5/10/2020;;;;;;;;;;;;;10/07/2015;1;;;;;;;;;;;;;;
2;7/05/2021;;;;;;;;;;;4;6/10/2020;;;;;;;;;;;;;11/07/2015;1;;;;;;;;;;;;;;
1;6/05/2021;;;;;;;;;;;2;7/10/2020;;;;;;;;;;;;;14/07/2015;1;;;;;;;;;;;;;;
2;4/05/2021;;;;;;;;;;;2;8/10/2020;;;;;;;;;;;;;15/07/2015;1;;;;;;;;;;;;;;
2;3/05/2021;;;;;;;;;;;1;10/10/2020;;;;;;;;;;;;;16/07/2015;1;;;;;;;;;;;;;;
1;2/05/2021;;;;;;;;;;;1;11/10/2020;;;;;;;;;;;;;17/07/2015;1;;;;;;;;;;;;;;
3;30/04/2021;;;;;;;;;;;1;12/10/2020;;;;;;;;;;;;;18/07/2015;1;;;;;;;;;;;;;;
1;29/04/2021;;;;;;;;;;;1;13/10/2020;;;;;;;;;;;;;20/07/2015;1;;;;;;;;;;;;;;
1;28/04/2021;;;;;;;;;;;3;14/10/2020;;;;;;;;;;;;;21/07/2015;1;;;;;;;;;;;;;;
1;23/04/2021;;;;;;;;;;;2;15/10/2020;;;;;;;;;;;;;22/07/2015;1;;;;;;;;;;;;;;
2;22/04/2021;;;;;;;;;;;1;16/10/2020;;;;;;;;;;;;;23/07/2015;1;;;;;;;;;;;;;;
3;21/04/2021;;;;;;;;;;;1;17/10/2020;;;;;;;;;;;;;28/07/2015;1;;;;;;;;;;;;;;
1;20/04/2021;;;;;;;;;;;4;20/10/2020;;;;;;;;;;;;;29/07/2015;1;;;;;;;;;;;;;;
2;19/04/2021;;;;;;;;;;;2;21/10/2020;;;;;;;;;;;;;30/07/2015;1;;;;;;;;;;;;;;
1;18/04/2021;;;;;;;;;;;3;23/10/2020;;;;;;;;;;;;;2/08/2015;1;;;;;;;;;;;;;;
3;16/04/2021;;;;;;;;;;;1;26/10/2020;;;;;;;;;;;;;3/08/2015;1;;;;;;;;;;;;;;
2;14/04/2021;;;;;;;;;;;3;27/10/2020;;;;;;;;;;;;;4/08/2015;1;;;;;;;;;;;;;;
1;11/04/2021;;;;;;;;;;;2;28/10/2020;;;;;;;;;;;;;5/08/2015;1;;;;;;;;;;;;;;
1;9/04/2021;;;;;;;;;;;1;29/10/2020;;;;;;;;;;;;;6/08/2015;1;;;;;;;;;;;;;;
1;8/04/2021;;;;;;;;;;;2;30/10/2020;;;;;;;;;;;;;7/08/2015;1;;;;;;;;;;;;;;
1;7/04/2021;;;;;;;;;;;1;1/09/2020;;;;;;;;;;;;;8/08/2015;1;;;;;;;;;;;;;;
1;6/04/2021;;;;;;;;;;;1;2/09/2020;;;;;;;;;;;;;10/08/2015;1;;;;;;;;;;;;;;
1;3/04/2021;;;;;;;;;;;2;4/09/2020;;;;;;;;;;;;;11/08/2015;1;;;;;;;;;;;;;;
2;31/03/2021;;;;;;;;;;;1;6/09/2020;;;;;;;;;;;;;12/08/2015;1;;;;;;;;;;;;;;
1;30/03/2021;;;;;;;;;;;1;8/09/2020;;;;;;;;;;;;;13/08/2015;1;;;;;;;;;;;;;;
1;29/03/2021;;;;;;;;;;;2;9/09/2020;;;;;;;;;;;;;14/08/2015;1;;;;;;;;;;;;;;
1;25/03/2021;;;;;;;;;;;1;10/09/2020;;;;;;;;;;;;;15/08/2015;1;;;;;;;;;;;;;;
1;24/03/2021;;;;;;;;;;;1;11/09/2020;;;;;;;;;;;;;17/08/2015;1;;;;;;;;;;;;;;
1;23/03/2021;;;;;;;;;;;1;13/09/2020;;;;;;;;;;;;;18/08/2015;1;;;;;;;;;;;;;;
3;22/03/2021;;;;;;;;;;;1;14/09/2020;;;;;;;;;;;;;19/08/2015;1;;;;;;;;;;;;;;
2;19/03/2021;;;;;;;;;;;1;15/09/2020;;;;;;;;;;;;;20/08/2015;1;;;;;;;;;;;;;;
2;18/03/2021;;;;;;;;;;;1;16/09/2020;;;;;;;;;;;;;21/08/2015;1;;;;;;;;;;;;;;
2;17/03/2021;;;;;;;;;;;2;17/09/2020;;;;;;;;;;;;;22/08/2015;1;;;;;;;;;;;;;;
1;12/03/2021;;;;;;;;;;;3;18/09/2020;;;;;;;;;;;;;24/08/2015;1;;;;;;;;;;;;;;
3;10/03/2021;;;;;;;;;;;2;20/09/2020;;;;;;;;;;;;;25/08/2015;1;;;;;;;;;;;;;;
2;9/03/2021;;;;;;;;;;;3;22/09/2020;;;;;;;;;;;;;26/08/2015;1;;;;;;;;;;;;;;
4;8/03/2021;;;;;;;;;;;2;23/09/2020;;;;;;;;;;;;;28/08/2015;1;;;;;;;;;;;;;;
3;5/03/2021;;;;;;;;;;;2;24/09/2020;;;;;;;;;;;;;29/08/2015;1;;;;;;;;;;;;;;
1;4/03/2021;;;;;;;;;;;1;25/09/2020;;;;;;;;;;;;;30/08/2015;1;;;;;;;;;;;;;;
1;3/03/2021;;;;;;;;;;;4;26/09/2020;;;;;;;;;;;;;1/09/2015;1;;;;;;;;;;;;;;
2;2/03/2021;;;;;;;;;;;1;29/09/2020;;;;;;;;;;;;;2/09/2015;1;;;;;;;;;;;;;;
2;28/02/2021;;;;;;;;;;;2;30/09/2020;;;;;;;;;;;;;3/09/2015;1;;;;;;;;;;;;;;
1;26/02/2021;;;;;;;;;;;1;4/08/2020;;;;;;;;;;;;;4/09/2015;1;;;;;;;;;;;;;;
1;25/02/2021;;;;;;;;;;;1;6/08/2020;;;;;;;;;;;;;7/09/2015;1;;;;;;;;;;;;;;
1;24/02/2021;;;;;;;;;;;2;12/08/2020;;;;;;;;;;;;;9/09/2015;1;;;;;;;;;;;;;;
1;23/02/2021;;;;;;;;;;;1;13/08/2020;;;;;;;;;;;;;10/09/2015;1;;;;;;;;;;;;;;
1;18/02/2021;;;;;;;;;;;1;18/08/2020;;;;;;;;;;;;;11/09/2015;1;;;;;;;;;;;;;;
2;17/02/2021;;;;;;;;;;;1;19/08/2020;;;;;;;;;;;;;12/09/2015;1;;;;;;;;;;;;;;
1;16/02/2021;;;;;;;;;;;1;20/08/2020;;;;;;;;;;;;;15/09/2015;1;;;;;;;;;;;;;;
4;15/02/2021;;;;;;;;;;;4;23/08/2020;;;;;;;;;;;;;16/09/2015;1;;;;;;;;;;;;;;
2;11/02/2021;;;;;;;;;;;1;24/08/2020;;;;;;;;;;;;;17/09/2015;1;;;;;;;;;;;;;;
1;10/02/2021;;;;;;;;;;;2;25/08/2020;;;;;;;;;;;;;18/09/2015;1;;;;;;;;;;;;;;
1;9/02/2021;;;;;;;;;;;1;26/08/2020;;;;;;;;;;;;;19/09/2015;1;;;;;;;;;;;;;;
1;8/02/2021;;;;;;;;;;;2;30/08/2020;;;;;;;;;;;;;20/09/2015;1;;;;;;;;;;;;;;
1;7/02/2021;;;;;;;;;;;2;31/08/2020;;;;;;;;;;;;;22/09/2015;1;;;;;;;;;;;;;;
1;5/02/2021;;;;;;;;;;;2;1/07/2020;;;;;;;;;;;;;25/09/2015;1;;;;;;;;;;;;;;
3;4/02/2021;;;;;;;;;;;1;3/07/2020;;;;;;;;;;;;;26/09/2015;1;;;;;;;;;;;;;;
1;3/02/2021;;;;;;;;;;;1;5/07/2020;;;;;;;;;;;;;27/09/2015;1;;;;;;;;;;;;;;
1;31/01/2021;;;;;;;;;;;1;6/07/2020;;;;;;;;;;;;;28/09/2015;1;;;;;;;;;;;;;;
1;28/01/2021;;;;;;;;;;;3;8/07/2020;;;;;;;;;;;;;29/09/2015;1;;;;;;;;;;;;;;
1;27/01/2021;;;;;;;;;;;1;11/07/2020;;;;;;;;;;;;;30/09/2015;1;;;;;;;;;;;;;;
1;26/01/2021;;;;;;;;;;;2;12/07/2020;;;;;;;;;;;;;1/10/2015;1;;;;;;;;;;;;;;
2;25/01/2021;;;;;;;;;;;2;15/07/2020;;;;;;;;;;;;;3/10/2015;1;;;;;;;;;;;;;;
1;22/01/2021;;;;;;;;;;;1;16/07/2020;;;;;;;;;;;;;4/10/2015;1;;;;;;;;;;;;;;
1;21/01/2021;;;;;;;;;;;1;19/07/2020;;;;;;;;;;;;;5/10/2015;1;;;;;;;;;;;;;;
1;20/01/2021;;;;;;;;;;;2;22/07/2020;;;;;;;;;;;;;6/10/2015;1;;;;;;;;;;;;;;
1;19/01/2021;;;;;;;;;;;2;23/07/2020;;;;;;;;;;;;;7/10/2015;1;;;;;;;;;;;;;;
1;18/01/2021;;;;;;;;;;;2;28/07/2020;;;;;;;;;;;;;8/10/2015;1;;;;;;;;;;;;;;
1;15/01/2021;;;;;;;;;;;2;29/07/2020;;;;;;;;;;;;;9/10/2015;1;;;;;;;;;;;;;;
2;14/01/2021;;;;;;;;;;;1;3/06/2020;;;;;;;;;;;;;10/10/2015;1;;;;;;;;;;;;;;
2;13/01/2021;;;;;;;;;;;1;4/06/2020;;;;;;;;;;;;;11/10/2015;1;;;;;;;;;;;;;;
2;12/01/2021;;;;;;;;;;;4;5/06/2020;;;;;;;;;;;;;12/10/2015;1;;;;;;;;;;;;;;
1;11/01/2021;;;;;;;;;;;1;7/06/2020;;;;;;;;;;;;;14/10/2015;1;;;;;;;;;;;;;;
1;9/01/2021;;;;;;;;;;;1;9/06/2020;;;;;;;;;;;;;15/10/2015;1;;;;;;;;;;;;;;
3;6/01/2021;;;;;;;;;;;2;10/06/2020;;;;;;;;;;;;;16/10/2015;1;;;;;;;;;;;;;;
1;5/01/2021;;;;;;;;;;;1;12/06/2020;;;;;;;;;;;;;17/10/2015;1;;;;;;;;;;;;;;
1;4/01/2021;;;;;;;;;;;4;14/06/2020;;;;;;;;;;;;;18/10/2015;1;;;;;;;;;;;;;;
1;28/12/2020;;;;;;;;;;;1;15/06/2020;;;;;;;;;;;;;19/10/2015;1;;;;;;;;;;;;;;
1;26/12/2020;;;;;;;;;;;2;16/06/2020;;;;;;;;;;;;;21/10/2015;1;;;;;;;;;;;;;;
1;23/12/2020;;;;;;;;;;;1;17/06/2020;;;;;;;;;;;;;22/10/2015;1;;;;;;;;;;;;;;
2;21/12/2020;;;;;;;;;;;2;18/06/2020;;;;;;;;;;;;;23/10/2015;1;;;;;;;;;;;;;;
2;18/12/2020;;;;;;;;;;;1;19/06/2020;;;;;;;;;;;;;24/10/2015;1;;;;;;;;;;;;;;
5;17/12/2020;;;;;;;;;;;1;20/06/2020;;;;;;;;;;;;;25/10/2015;1;;;;;;;;;;;;;;
2;16/12/2020;;;;;;;;;;;2;24/06/2020;;;;;;;;;;;;;26/10/2015;1;;;;;;;;;;;;;;
2;15/12/2020;;;;;;;;;;;2;25/06/2020;;;;;;;;;;;;;27/10/2015;1;;;;;;;;;;;;;;
1;14/12/2020;;;;;;;;;;;1;30/06/2020;;;;;;;;;;;;;28/10/2015;1;;;;;;;;;;;;;;
1;11/12/2020;;;;;;;;;;;1;1/05/2020;;;;;;;;;;;;;29/10/2015;1;;;;;;;;;;;;;;
2;9/12/2020;;;;;;;;;;;1;2/05/2020;;;;;;;;;;;;;30/10/2015;1;;;;;;;;;;;;;;
5;7/12/2020;;;;;;;;;;;2;5/05/2020;;;;;;;;;;;;;31/10/2015;1;;;;;;;;;;;;;;
1;6/12/2020;;;;;;;;;;;1;6/05/2020;;;;;;;;;;;;;1/11/2015;1;;;;;;;;;;;;;;
1;5/12/2020;;;;;;;;;;;1;7/05/2020;;;;;;;;;;;;;2/11/2015;1;;;;;;;;;;;;;;
1;2/12/2020;;;;;;;;;;;1;8/05/2020;;;;;;;;;;;;;3/11/2015;1;;;;;;;;;;;;;;
1;29/11/2020;;;;;;;;;;;2;13/05/2020;;;;;;;;;;;;;4/11/2015;1;;;;;;;;;;;;;;
1;27/11/2020;;;;;;;;;;;1;15/05/2020;;;;;;;;;;;;;5/11/2015;1;;;;;;;;;;;;;;
1;26/11/2020;;;;;;;;;;;3;16/05/2020;;;;;;;;;;;;;6/11/2015;1;;;;;;;;;;;;;;
1;25/11/2020;;;;;;;;;;;1;19/05/2020;;;;;;;;;;;;;7/11/2015;1;;;;;;;;;;;;;;
1;24/11/2020;;;;;;;;;;;1;20/05/2020;;;;;;;;;;;;;8/11/2015;1;;;;;;;;;;;;;;
1;23/11/2020;;;;;;;;;;;1;22/05/2020;;;;;;;;;;;;;9/11/2015;1;;;;;;;;;;;;;;
1;21/11/2020;;;;;;;;;;;2;24/05/2020;;;;;;;;;;;;;10/11/2015;1;;;;;;;;;;;;;;
1;19/11/2020;;;;;;;;;;;1;25/05/2020;;;;;;;;;;;;;11/11/2015;1;;;;;;;;;;;;;;
1;18/11/2020;;;;;;;;;;;1;26/05/2020;;;;;;;;;;;;;12/11/2015;1;;;;;;;;;;;;;;
1;17/11/2020;;;;;;;;;;;1;27/05/2020;;;;;;;;;;;;;16/11/2015;1;;;;;;;;;;;;;;
1;15/11/2020;;;;;;;;;;;1;30/05/2020;;;;;;;;;;;;;17/11/2015;1;;;;;;;;;;;;;;
1;12/11/2020;;;;;;;;;;;2;31/05/2020;;;;;;;;;;;;;18/11/2015;1;;;;;;;;;;;;;;
1;10/11/2020;;;;;;;;;;;1;1/04/2020;;;;;;;;;;;;;19/11/2015;1;;;;;;;;;;;;;;
4;9/11/2020;;;;;;;;;;;1;2/04/2020;;;;;;;;;;;;;20/11/2015;1;;;;;;;;;;;;;;
2;6/11/2020;;;;;;;;;;;1;3/04/2020;;;;;;;;;;;;;22/11/2015;1;;;;;;;;;;;;;;
2;4/11/2020;;;;;;;;;;;1;4/04/2020;;;;;;;;;;;;;24/11/2015;1;;;;;;;;;;;;;;
4;3/11/2020;;;;;;;;;;;1;6/04/2020;;;;;;;;;;;;;26/11/2015;1;;;;;;;;;;;;;;
1;2/11/2020;;;;;;;;;;;1;7/04/2020;;;;;;;;;;;;;1/12/2015;1;;;;;;;;;;;;;;
2;30/10/2020;;;;;;;;;;;2;8/04/2020;;;;;;;;;;;;;2/12/2015;1;;;;;;;;;;;;;;
1;29/10/2020;;;;;;;;;;;1;10/04/2020;;;;;;;;;;;;;3/12/2015;1;;;;;;;;;;;;;;
2;28/10/2020;;;;;;;;;;;1;11/04/2020;;;;;;;;;;;;;4/12/2015;1;;;;;;;;;;;;;;
3;27/10/2020;;;;;;;;;;;1;12/04/2020;;;;;;;;;;;;;5/12/2015;1;;;;;;;;;;;;;;
1;26/10/2020;;;;;;;;;;;1;13/04/2020;;;;;;;;;;;;;7/12/2015;1;;;;;;;;;;;;;;
3;23/10/2020;;;;;;;;;;;1;14/04/2020;;;;;;;;;;;;;8/12/2015;1;;;;;;;;;;;;;;
2;21/10/2020;;;;;;;;;;;2;15/04/2020;;;;;;;;;;;;;9/12/2015;1;;;;;;;;;;;;;;
4;20/10/2020;;;;;;;;;;;1;16/04/2020;;;;;;;;;;;;;10/12/2015;1;;;;;;;;;;;;;;
1;17/10/2020;;;;;;;;;;;1;18/04/2020;;;;;;;;;;;;;11/12/2015;1;;;;;;;;;;;;;;
1;16/10/2020;;;;;;;;;;;1;20/04/2020;;;;;;;;;;;;;12/12/2015;1;;;;;;;;;;;;;;
2;15/10/2020;;;;;;;;;;;1;21/04/2020;;;;;;;;;;;;;13/12/2015;1;;;;;;;;;;;;;;
3;14/10/2020;;;;;;;;;;;1;23/04/2020;;;;;;;;;;;;;14/12/2015;1;;;;;;;;;;;;;;
1;13/10/2020;;;;;;;;;;;1;26/04/2020;;;;;;;;;;;;;15/12/2015;1;;;;;;;;;;;;;;
1;12/10/2020;;;;;;;;;;;1;29/04/2020;;;;;;;;;;;;;16/12/2015;1;;;;;;;;;;;;;;
1;11/10/2020;;;;;;;;;;;2;1/03/2020;;;;;;;;;;;;;17/12/2015;1;;;;;;;;;;;;;;
1;10/10/2020;;;;;;;;;;;1;4/03/2020;;;;;;;;;;;;;18/12/2015;1;;;;;;;;;;;;;;
2;8/10/2020;;;;;;;;;;;2;5/03/2020;;;;;;;;;;;;;19/12/2015;1;;;;;;;;;;;;;;
2;7/10/2020;;;;;;;;;;;1;10/03/2020;;;;;;;;;;;;;20/12/2015;1;;;;;;;;;;;;;;
4;6/10/2020;;;;;;;;;;;3;11/03/2020;;;;;;;;;;;;;21/12/2015;1;;;;;;;;;;;;;;
1;5/10/2020;;;;;;;;;;;1;15/03/2020;;;;;;;;;;;;;22/12/2015;1;;;;;;;;;;;;;;
1;4/10/2020;;;;;;;;;;;1;16/03/2020;;;;;;;;;;;;;23/12/2015;1;;;;;;;;;;;;;;
1;3/10/2020;;;;;;;;;;;1;17/03/2020;;;;;;;;;;;;;24/12/2015;1;;;;;;;;;;;;;;
1;2/10/2020;;;;;;;;;;;2;18/03/2020;;;;;;;;;;;;;28/12/2015;1;;;;;;;;;;;;;;
2;1/10/2020;;;;;;;;;;;1;19/03/2020;;;;;;;;;;;;;29/12/2015;1;;;;;;;;;;;;;;
2;30/09/2020;;;;;;;;;;;2;20/03/2020;;;;;;;;;;;;;30/12/2015;1;;;;;;;;;;;;;;
1;29/09/2020;;;;;;;;;;;1;21/03/2020;;;;;;;;;;;;;31/12/2015;1;;;;;;;;;;;;;;
4;26/09/2020;;;;;;;;;;;1;22/03/2020;;;;;;;;;;;;;3/01/2016;1;;;;;;;;;;;;;;
1;25/09/2020;;;;;;;;;;;1;23/03/2020;;;;;;;;;;;;;4/01/2016;1;;;;;;;;;;;;;;
2;24/09/2020;;;;;;;;;;;1;24/03/2020;;;;;;;;;;;;;5/01/2016;1;;;;;;;;;;;;;;
2;23/09/2020;;;;;;;;;;;2;25/03/2020;;;;;;;;;;;;;6/01/2016;1;;;;;;;;;;;;;;
3;22/09/2020;;;;;;;;;;;1;26/03/2020;;;;;;;;;;;;;9/01/2016;1;;;;;;;;;;;;;;
2;20/09/2020;;;;;;;;;;;1;27/03/2020;;;;;;;;;;;;;11/01/2016;1;;;;;;;;;;;;;;
3;18/09/2020;;;;;;;;;;;1;30/03/2020;;;;;;;;;;;;;12/01/2016;1;;;;;;;;;;;;;;
2;17/09/2020;;;;;;;;;;;1;31/03/2020;;;;;;;;;;;;;13/01/2016;1;;;;;;;;;;;;;;
1;16/09/2020;;;;;;;;;;;1;2/02/2020;;;;;;;;;;;;;21/01/2016;1;;;;;;;;;;;;;;
1;15/09/2020;;;;;;;;;;;2;3/02/2020;;;;;;;;;;;;;23/01/2016;1;;;;;;;;;;;;;;
1;14/09/2020;;;;;;;;;;;1;5/02/2020;;;;;;;;;;;;;25/01/2016;1;;;;;;;;;;;;;;
1;13/09/2020;;;;;;;;;;;1;6/02/2020;;;;;;;;;;;;;27/01/2016;1;;;;;;;;;;;;;;
1;11/09/2020;;;;;;;;;;;5;7/02/2020;;;;;;;;;;;;;28/01/2016;1;;;;;;;;;;;;;;
1;10/09/2020;;;;;;;;;;;1;10/02/2020;;;;;;;;;;;;;29/01/2016;1;;;;;;;;;;;;;;
2;9/09/2020;;;;;;;;;;;2;11/02/2020;;;;;;;;;;;;;30/01/2016;1;;;;;;;;;;;;;;
1;8/09/2020;;;;;;;;;;;2;12/02/2020;;;;;;;;;;;;;31/01/2016;1;;;;;;;;;;;;;;
1;6/09/2020;;;;;;;;;;;4;14/02/2020;;;;;;;;;;;;;1/02/2016;1;;;;;;;;;;;;;;
2;4/09/2020;;;;;;;;;;;4;18/02/2020;;;;;;;;;;;;;2/02/2016;1;;;;;;;;;;;;;;
1;2/09/2020;;;;;;;;;;;1;19/02/2020;;;;;;;;;;;;;3/02/2016;1;;;;;;;;;;;;;;
1;1/09/2020;;;;;;;;;;;1;20/02/2020;;;;;;;;;;;;;4/02/2016;1;;;;;;;;;;;;;;
2;31/08/2020;;;;;;;;;;;1;21/02/2020;;;;;;;;;;;;;7/02/2016;1;;;;;;;;;;;;;;
2;30/08/2020;;;;;;;;;;;2;25/02/2020;;;;;;;;;;;;;10/02/2016;1;;;;;;;;;;;;;;
1;26/08/2020;;;;;;;;;;;1;26/02/2020;;;;;;;;;;;;;11/02/2016;1;;;;;;;;;;;;;;
2;25/08/2020;;;;;;;;;;;5;27/02/2020;;;;;;;;;;;;;16/02/2016;1;;;;;;;;;;;;;;
1;24/08/2020;;;;;;;;;;;1;28/02/2020;;;;;;;;;;;;;18/02/2016;1;;;;;;;;;;;;;;
4;23/08/2020;;;;;;;;;;;1;8/01/2020;;;;;;;;;;;;;20/02/2016;1;;;;;;;;;;;;;;
1;20/08/2020;;;;;;;;;;;3;9/01/2020;;;;;;;;;;;;;21/02/2016;1;;;;;;;;;;;;;;
1;19/08/2020;;;;;;;;;;;1;13/01/2020;;;;;;;;;;;;;23/02/2016;1;;;;;;;;;;;;;;
1;18/08/2020;;;;;;;;;;;4;14/01/2020;;;;;;;;;;;;;24/02/2016;1;;;;;;;;;;;;;;
1;13/08/2020;;;;;;;;;;;2;15/01/2020;;;;;;;;;;;;;27/02/2016;1;;;;;;;;;;;;;;
2;12/08/2020;;;;;;;;;;;1;21/01/2020;;;;;;;;;;;;;29/02/2016;1;;;;;;;;;;;;;;
1;6/08/2020;;;;;;;;;;;1;22/01/2020;;;;;;;;;;;;;1/03/2016;1;;;;;;;;;;;;;;
1;4/08/2020;;;;;;;;;;;1;27/01/2020;;;;;;;;;;;;;2/03/2016;1;;;;;;;;;;;;;;
2;29/07/2020;;;;;;;;;;;5;28/01/2020;;;;;;;;;;;;;4/03/2016;1;;;;;;;;;;;;;;
2;28/07/2020;;;;;;;;;;;1;29/01/2020;;;;;;;;;;;;;6/03/2016;1;;;;;;;;;;;;;;
2;23/07/2020;;;;;;;;;;;5;31/01/2020;;;;;;;;;;;;;10/03/2016;1;;;;;;;;;;;;;;
2;22/07/2020;;;;;;;;;;;1;2/12/2019;;;;;;;;;;;;;13/03/2016;1;;;;;;;;;;;;;;
1;19/07/2020;;;;;;;;;;;4;3/12/2019;;;;;;;;;;;;;14/03/2016;1;;;;;;;;;;;;;;
1;16/07/2020;;;;;;;;;;;3;4/12/2019;;;;;;;;;;;;;15/03/2016;1;;;;;;;;;;;;;;
2;15/07/2020;;;;;;;;;;;2;5/12/2019;;;;;;;;;;;;;16/03/2016;1;;;;;;;;;;;;;;
2;12/07/2020;;;;;;;;;;;2;6/12/2019;;;;;;;;;;;;;18/03/2016;1;;;;;;;;;;;;;;
1;11/07/2020;;;;;;;;;;;1;7/12/2019;;;;;;;;;;;;;19/03/2016;1;;;;;;;;;;;;;;
3;8/07/2020;;;;;;;;;;;3;8/12/2019;;;;;;;;;;;;;20/03/2016;1;;;;;;;;;;;;;;
1;6/07/2020;;;;;;;;;;;1;9/12/2019;;;;;;;;;;;;;21/03/2016;1;;;;;;;;;;;;;;
1;5/07/2020;;;;;;;;;;;1;10/12/2019;;;;;;;;;;;;;22/03/2016;1;;;;;;;;;;;;;;
1;3/07/2020;;;;;;;;;;;6;11/12/2019;;;;;;;;;;;;;23/03/2016;1;;;;;;;;;;;;;;
2;1/07/2020;;;;;;;;;;;2;12/12/2019;;;;;;;;;;;;;24/03/2016;1;;;;;;;;;;;;;;
1;30/06/2020;;;;;;;;;;;6;13/12/2019;;;;;;;;;;;;;28/03/2016;1;;;;;;;;;;;;;;
2;25/06/2020;;;;;;;;;;;1;14/12/2019;;;;;;;;;;;;;29/03/2016;1;;;;;;;;;;;;;;
2;24/06/2020;;;;;;;;;;;1;16/12/2019;;;;;;;;;;;;;30/03/2016;1;;;;;;;;;;;;;;
1;20/06/2020;;;;;;;;;;;1;17/12/2019;;;;;;;;;;;;;31/03/2016;1;;;;;;;;;;;;;;
1;19/06/2020;;;;;;;;;;;3;18/12/2019;;;;;;;;;;;;;1/04/2016;1;;;;;;;;;;;;;;
2;18/06/2020;;;;;;;;;;;3;19/12/2019;;;;;;;;;;;;;2/04/2016;1;;;;;;;;;;;;;;
1;17/06/2020;;;;;;;;;;;2;20/12/2019;;;;;;;;;;;;;3/04/2016;1;;;;;;;;;;;;;;
2;16/06/2020;;;;;;;;;;;3;21/12/2019;;;;;;;;;;;;;4/04/2016;1;;;;;;;;;;;;;;
1;15/06/2020;;;;;;;;;;;1;23/12/2019;;;;;;;;;;;;;5/04/2016;1;;;;;;;;;;;;;;
4;14/06/2020;;;;;;;;;;;3;27/12/2019;;;;;;;;;;;;;6/04/2016;1;;;;;;;;;;;;;;
1;12/06/2020;;;;;;;;;;;1;5/11/2019;;;;;;;;;;;;;7/04/2016;1;;;;;;;;;;;;;;
2;10/06/2020;;;;;;;;;;;1;6/11/2019;;;;;;;;;;;;;8/04/2016;1;;;;;;;;;;;;;;
1;9/06/2020;;;;;;;;;;;5;7/11/2019;;;;;;;;;;;;;9/04/2016;1;;;;;;;;;;;;;;
1;7/06/2020;;;;;;;;;;;5;12/11/2019;;;;;;;;;;;;;11/04/2016;1;;;;;;;;;;;;;;
4;5/06/2020;;;;;;;;;;;3;18/11/2019;;;;;;;;;;;;;12/04/2016;1;;;;;;;;;;;;;;
1;4/06/2020;;;;;;;;;;;2;20/11/2019;;;;;;;;;;;;;13/04/2016;1;;;;;;;;;;;;;;
1;3/06/2020;;;;;;;;;;;1;21/11/2019;;;;;;;;;;;;;14/04/2016;1;;;;;;;;;;;;;;
2;31/05/2020;;;;;;;;;;;4;22/11/2019;;;;;;;;;;;;;16/04/2016;1;;;;;;;;;;;;;;
1;30/05/2020;;;;;;;;;;;1;23/11/2019;;;;;;;;;;;;;17/04/2016;1;;;;;;;;;;;;;;
1;27/05/2020;;;;;;;;;;;5;26/11/2019;;;;;;;;;;;;;19/04/2016;1;;;;;;;;;;;;;;
1;26/05/2020;;;;;;;;;;;1;27/11/2019;;;;;;;;;;;;;20/04/2016;1;;;;;;;;;;;;;;
1;25/05/2020;;;;;;;;;;;4;28/11/2019;;;;;;;;;;;;;21/04/2016;1;;;;;;;;;;;;;;
2;24/05/2020;;;;;;;;;;;1;29/11/2019;;;;;;;;;;;;;22/04/2016;1;;;;;;;;;;;;;;
1;22/05/2020;;;;;;;;;;;1;3/10/2019;;;;;;;;;;;;;23/04/2016;1;;;;;;;;;;;;;;
1;20/05/2020;;;;;;;;;;;2;4/10/2019;;;;;;;;;;;;;25/04/2016;1;;;;;;;;;;;;;;
1;19/05/2020;;;;;;;;;;;4;5/10/2019;;;;;;;;;;;;;26/04/2016;1;;;;;;;;;;;;;;
3;16/05/2020;;;;;;;;;;;3;7/10/2019;;;;;;;;;;;;;27/04/2016;1;;;;;;;;;;;;;;
1;15/05/2020;;;;;;;;;;;2;8/10/2019;;;;;;;;;;;;;28/04/2016;1;;;;;;;;;;;;;;
2;13/05/2020;;;;;;;;;;;1;9/10/2019;;;;;;;;;;;;;29/04/2016;1;;;;;;;;;;;;;;
1;8/05/2020;;;;;;;;;;;3;10/10/2019;;;;;;;;;;;;;2/05/2016;1;;;;;;;;;;;;;;
1;7/05/2020;;;;;;;;;;;4;11/10/2019;;;;;;;;;;;;;3/05/2016;1;;;;;;;;;;;;;;
1;6/05/2020;;;;;;;;;;;2;13/10/2019;;;;;;;;;;;;;4/05/2016;1;;;;;;;;;;;;;;
2;5/05/2020;;;;;;;;;;;2;14/10/2019;;;;;;;;;;;;;5/05/2016;1;;;;;;;;;;;;;;
1;2/05/2020;;;;;;;;;;;1;15/10/2019;;;;;;;;;;;;;6/05/2016;1;;;;;;;;;;;;;;
1;1/05/2020;;;;;;;;;;;2;16/10/2019;;;;;;;;;;;;;7/05/2016;1;;;;;;;;;;;;;;
1;29/04/2020;;;;;;;;;;;6;17/10/2019;;;;;;;;;;;;;9/05/2016;1;;;;;;;;;;;;;;
1;26/04/2020;;;;;;;;;;;1;18/10/2019;;;;;;;;;;;;;11/05/2016;1;;;;;;;;;;;;;;
1;23/04/2020;;;;;;;;;;;4;22/10/2019;;;;;;;;;;;;;12/05/2016;1;;;;;;;;;;;;;;
1;21/04/2020;;;;;;;;;;;1;23/10/2019;;;;;;;;;;;;;13/05/2016;1;;;;;;;;;;;;;;
1;20/04/2020;;;;;;;;;;;5;25/10/2019;;;;;;;;;;;;;14/05/2016;1;;;;;;;;;;;;;;
1;18/04/2020;;;;;;;;;;;1;26/10/2019;;;;;;;;;;;;;15/05/2016;1;;;;;;;;;;;;;;
1;16/04/2020;;;;;;;;;;;2;30/10/2019;;;;;;;;;;;;;16/05/2016;1;;;;;;;;;;;;;;
2;15/04/2020;;;;;;;;;;;2;3/09/2019;;;;;;;;;;;;;17/05/2016;1;;;;;;;;;;;;;;
1;14/04/2020;;;;;;;;;;;2;4/09/2019;;;;;;;;;;;;;18/05/2016;1;;;;;;;;;;;;;;
1;13/04/2020;;;;;;;;;;;3;6/09/2019;;;;;;;;;;;;;19/05/2016;1;;;;;;;;;;;;;;
1;12/04/2020;;;;;;;;;;;1;9/09/2019;;;;;;;;;;;;;21/05/2016;1;;;;;;;;;;;;;;
1;11/04/2020;;;;;;;;;;;1;11/09/2019;;;;;;;;;;;;;24/05/2016;1;;;;;;;;;;;;;;
1;10/04/2020;;;;;;;;;;;2;14/09/2019;;;;;;;;;;;;;25/05/2016;1;;;;;;;;;;;;;;
2;8/04/2020;;;;;;;;;;;1;15/09/2019;;;;;;;;;;;;;26/05/2016;1;;;;;;;;;;;;;;
1;7/04/2020;;;;;;;;;;;1;16/09/2019;;;;;;;;;;;;;27/05/2016;1;;;;;;;;;;;;;;
1;6/04/2020;;;;;;;;;;;3;18/09/2019;;;;;;;;;;;;;28/05/2016;1;;;;;;;;;;;;;;
1;4/04/2020;;;;;;;;;;;2;19/09/2019;;;;;;;;;;;;;30/05/2016;1;;;;;;;;;;;;;;
1;3/04/2020;;;;;;;;;;;1;22/09/2019;;;;;;;;;;;;;31/05/2016;1;;;;;;;;;;;;;;
1;2/04/2020;;;;;;;;;;;2;23/09/2019;;;;;;;;;;;;;1/06/2016;1;;;;;;;;;;;;;;
1;1/04/2020;;;;;;;;;;;2;24/09/2019;;;;;;;;;;;;;2/06/2016;1;;;;;;;;;;;;;;
1;31/03/2020;;;;;;;;;;;1;26/09/2019;;;;;;;;;;;;;7/06/2016;1;;;;;;;;;;;;;;
1;30/03/2020;;;;;;;;;;;2;27/09/2019;;;;;;;;;;;;;8/06/2016;1;;;;;;;;;;;;;;
1;27/03/2020;;;;;;;;;;;1;29/09/2019;;;;;;;;;;;;;9/06/2016;1;;;;;;;;;;;;;;
1;26/03/2020;;;;;;;;;;;6;1/08/2019;;;;;;;;;;;;;12/06/2016;1;;;;;;;;;;;;;;
2;25/03/2020;;;;;;;;;;;3;2/08/2019;;;;;;;;;;;;;14/06/2016;1;;;;;;;;;;;;;;
1;24/03/2020;;;;;;;;;;;2;4/08/2019;;;;;;;;;;;;;20/06/2016;1;;;;;;;;;;;;;;
1;23/03/2020;;;;;;;;;;;1;5/08/2019;;;;;;;;;;;;;21/06/2016;1;;;;;;;;;;;;;;
1;22/03/2020;;;;;;;;;;;5;6/08/2019;;;;;;;;;;;;;22/06/2016;1;;;;;;;;;;;;;;
1;21/03/2020;;;;;;;;;;;1;7/08/2019;;;;;;;;;;;;;23/06/2016;1;;;;;;;;;;;;;;
2;20/03/2020;;;;;;;;;;;4;9/08/2019;;;;;;;;;;;;;24/06/2016;1;;;;;;;;;;;;;;
1;19/03/2020;;;;;;;;;;;1;11/08/2019;;;;;;;;;;;;;25/06/2016;1;;;;;;;;;;;;;;
2;18/03/2020;;;;;;;;;;;1;13/08/2019;;;;;;;;;;;;;26/06/2016;1;;;;;;;;;;;;;;
1;17/03/2020;;;;;;;;;;;1;14/08/2019;;;;;;;;;;;;;27/06/2016;1;;;;;;;;;;;;;;
1;16/03/2020;;;;;;;;;;;3;15/08/2019;;;;;;;;;;;;;28/06/2016;1;;;;;;;;;;;;;;
1;15/03/2020;;;;;;;;;;;2;16/08/2019;;;;;;;;;;;;;30/06/2016;1;;;;;;;;;;;;;;
3;11/03/2020;;;;;;;;;;;3;18/08/2019;;;;;;;;;;;;;1/07/2016;1;;;;;;;;;;;;;;
1;10/03/2020;;;;;;;;;;;1;21/08/2019;;;;;;;;;;;;;2/07/2016;1;;;;;;;;;;;;;;
2;5/03/2020;;;;;;;;;;;3;22/08/2019;;;;;;;;;;;;;3/07/2016;1;;;;;;;;;;;;;;
1;4/03/2020;;;;;;;;;;;5;23/08/2019;;;;;;;;;;;;;4/07/2016;1;;;;;;;;;;;;;;
2;1/03/2020;;;;;;;;;;;4;26/08/2019;;;;;;;;;;;;;6/07/2016;1;;;;;;;;;;;;;;
1;28/02/2020;;;;;;;;;;;5;27/08/2019;;;;;;;;;;;;;7/07/2016;1;;;;;;;;;;;;;;
5;27/02/2020;;;;;;;;;;;5;28/08/2019;;;;;;;;;;;;;8/07/2016;1;;;;;;;;;;;;;;
1;26/02/2020;;;;;;;;;;;4;29/08/2019;;;;;;;;;;;;;9/07/2016;1;;;;;;;;;;;;;;
2;25/02/2020;;;;;;;;;;;1;30/08/2019;;;;;;;;;;;;;11/07/2016;1;;;;;;;;;;;;;;
1;21/02/2020;;;;;;;;;;;1;2/07/2019;;;;;;;;;;;;;12/07/2016;1;;;;;;;;;;;;;;
1;20/02/2020;;;;;;;;;;;2;3/07/2019;;;;;;;;;;;;;13/07/2016;1;;;;;;;;;;;;;;
1;19/02/2020;;;;;;;;;;;1;4/07/2019;;;;;;;;;;;;;14/07/2016;1;;;;;;;;;;;;;;
4;18/02/2020;;;;;;;;;;;1;5/07/2019;;;;;;;;;;;;;15/07/2016;1;;;;;;;;;;;;;;
4;14/02/2020;;;;;;;;;;;1;6/07/2019;;;;;;;;;;;;;16/07/2016;1;;;;;;;;;;;;;;
2;12/02/2020;;;;;;;;;;;1;8/07/2019;;;;;;;;;;;;;17/07/2016;1;;;;;;;;;;;;;;
2;11/02/2020;;;;;;;;;;;1;9/07/2019;;;;;;;;;;;;;18/07/2016;1;;;;;;;;;;;;;;
1;10/02/2020;;;;;;;;;;;4;10/07/2019;;;;;;;;;;;;;19/07/2016;1;;;;;;;;;;;;;;
5;7/02/2020;;;;;;;;;;;1;11/07/2019;;;;;;;;;;;;;20/07/2016;1;;;;;;;;;;;;;;
1;6/02/2020;;;;;;;;;;;2;16/07/2019;;;;;;;;;;;;;21/07/2016;1;;;;;;;;;;;;;;
1;5/02/2020;;;;;;;;;;;2;17/07/2019;;;;;;;;;;;;;22/07/2016;1;;;;;;;;;;;;;;
2;3/02/2020;;;;;;;;;;;6;18/07/2019;;;;;;;;;;;;;23/07/2016;1;;;;;;;;;;;;;;
1;2/02/2020;;;;;;;;;;;2;19/07/2019;;;;;;;;;;;;;24/07/2016;1;;;;;;;;;;;;;;
5;31/01/2020;Ollanta;;;;;;;;;;1;22/07/2019;;;;;;;;;;;;;27/07/2016;1;;;;;;;;;;;;;;
1;29/01/2020;;;;;;;;;;;1;23/07/2019;;;;;;;;;;;;;28/07/2016;1;;;;;;;;;;;;;;
5;28/01/2020;;;;;;;;;;;4;24/07/2019;;;;;;;;;;;;;29/07/2016;1;;;;;;;;;;;;;;
1;27/01/2020;;;;;;;;;;;1;25/07/2019;;;;;;;;;;;;;8/08/2016;1;;;;;;;;;;;;;;
1;22/01/2020;;;;;;;;;;;1;26/07/2019;;;;;;;;;;;;;9/08/2016;1;;;;;;;;;;;;;;
1;21/01/2020;;;;;;;;;;;1;27/07/2019;;;;;;;;;;;;;10/08/2016;1;;;;;;;;;;;;;;
2;15/01/2020;;;;;;;;;;;2;28/07/2019;;;;;;;;;;;;;11/08/2016;1;;;;;;;;;;;;;;
4;14/01/2020;;;;;;;;;;;2;29/07/2019;;;;;;;;;;;;;13/08/2016;1;;;;;;;;;;;;;;
1;13/01/2020;;;;;;;;;;;1;31/07/2019;;;;;;;;;;;;;14/08/2016;1;;;;;;;;;;;;;;
3;9/01/2020;;;;;;;;;;;4;3/06/2019;;;;;;;;;;;;;17/08/2016;1;;;;;;;;;;;;;;
1;8/01/2020;;;;;;;;;;;1;5/06/2019;;;;;;;;;;;;;22/08/2016;1;;;;;;;;;;;;;;
3;27/12/2019;;;;;;;;;;;2;6/06/2019;;;;;;;;;;;;;23/08/2016;1;;;;;;;;;;;;;;
1;23/12/2019;;;;;;;;;;;1;7/06/2019;;;;;;;;;;;;;27/08/2016;1;;;;;;;;;;;;;;
3;21/12/2019;;;;;;;;;;;1;8/06/2019;;;;;;;;;;;;;28/08/2016;1;;;;;;;;;;;;;;
2;20/12/2019;;;;;;;;;;;1;12/06/2019;;;;;;;;;;;;;2/09/2016;1;;;;;;;;;;;;;;
3;19/12/2019;;;;;;;;;;;7;13/06/2019;;;;;;;;;;;;;6/09/2016;1;;;;;;;;;;;;;;
3;18/12/2019;;;;;;;;;;;1;17/06/2019;;;;;;;;;;;;;8/09/2016;1;;;;;;;;;;;;;;
1;17/12/2019;;;;;;;;;;;2;19/06/2019;;;;;;;;;;;;;9/09/2016;1;;;;;;;;;;;;;;
1;16/12/2019;;;;;;;;;;;1;20/06/2019;;;;;;;;;;;;;12/09/2016;1;;;;;;;;;;;;;;
1;14/12/2019;;;;;;;;;;;5;21/06/2019;;;;;;;;;;;;;13/09/2016;1;;;;;;;;;;;;;;
6;13/12/2019;;;;;;;;;;;3;24/06/2019;;;;;;;;;;;;;25/09/2016;1;;;;;;;;;;;;;;
2;12/12/2019;;;;;;;;;;;3;25/06/2019;;;;;;;;;;;;;26/09/2016;1;;;;;;;;;;;;;;
6;11/12/2019;;;;;;;;;;;1;26/06/2019;;;;;;;;;;;;;27/09/2016;1;;;;;;;;;;;;;;
1;10/12/2019;;;;;;;;;;;2;27/06/2019;;;;;;;;;;;;;9/10/2016;1;;;;;;;;;;;;;;
1;9/12/2019;;;;;;;;;;;3;28/06/2019;;;;;;;;;;;;;26/10/2016;1;;;;;;;;;;;;;;
3;8/12/2019;;;;;;;;;;;1;29/06/2019;;;;;;;;;;;;;27/10/2016;1;;;;;;;;;;;;;;
1;7/12/2019;;;;;;;;;;;1;1/05/2019;;;;;;;;;;;;;28/10/2016;1;;;;;;;;;;;;;;
2;6/12/2019;;;;;;;;;;;4;2/05/2019;;;;;;;;;;;;;29/10/2016;1;;;;;;;;;;;;;;
2;5/12/2019;;;;;;;;;;;2;3/05/2019;;;;;;;;;;;;;31/10/2016;1;;;;;;;;;;;;;;
3;4/12/2019;;;;;;;;;;;4;5/05/2019;;;;;;;;;;;;;1/11/2016;1;;;;;;;;;;;;;;
4;3/12/2019;;;;;;;;;;;1;7/05/2019;;;;;;;;;;;;;2/11/2016;1;;;;;;;;;;;;;;
1;2/12/2019;;;;;;;;;;;2;8/05/2019;;;;;;;;;;;;;3/11/2016;1;;;;;;;;;;;;;;
1;29/11/2019;;;;;;;;;;;6;10/05/2019;;;;;;;;;;;;;4/11/2016;1;;;;;;;;;;;;;;
4;28/11/2019;;;;;;;;;;;1;11/05/2019;;;;;;;;;;;;;7/11/2016;1;;;;;;;;;;;;;;
1;27/11/2019;;;;;;;;;;;2;13/05/2019;;;;;;;;;;;;;8/11/2016;1;;;;;;;;;;;;;;
5;26/11/2019;;;;;;;;;;;1;14/05/2019;;;;;;;;;;;;;9/11/2016;1;;;;;;;;;;;;;;
1;23/11/2019;;;;;;;;;;;2;15/05/2019;;;;;;;;;;;;;11/11/2016;1;;;;;;;;;;;;;;
4;22/11/2019;;;;;;;;;;;5;16/05/2019;;;;;;;;;;;;;14/11/2016;1;;;;;;;;;;;;;;
1;21/11/2019;;;;;;;;;;;5;21/05/2019;;;;;;;;;;;;;17/11/2016;1;;;;;;;;;;;;;;
2;20/11/2019;;;;;;;;;;;1;22/05/2019;;;;;;;;;;;;;18/11/2016;1;;;;;;;;;;;;;;
3;18/11/2019;;;;;;;;;;;2;23/05/2019;;;;;;;;;;;;;19/11/2016;1;;;;;;;;;;;;;;
5;12/11/2019;;;;;;;;;;;3;24/05/2019;;;;;;;;;;;;;20/11/2016;1;;;;;;;;;;;;;;
5;7/11/2019;;;;;;;;;;;2;26/05/2019;;;;;;;;;;;;;21/11/2016;1;;;;;;;;;;;;;;
1;6/11/2019;;;;;;;;;;;1;27/05/2019;;;;;;;;;;;;;22/11/2016;1;;;;;;;;;;;;;;
1;5/11/2019;;;;;;;;;;;6;28/05/2019;;;;;;;;;;;;;24/11/2016;1;;;;;;;;;;;;;;
2;30/10/2019;;;;;;;;;;;1;29/05/2019;;;;;;;;;;;;;25/11/2016;1;;;;;;;;;;;;;;
1;26/10/2019;;;;;;;;;;;2;30/05/2019;;;;;;;;;;;;;26/11/2016;1;;;;;;;;;;;;;;
5;25/10/2019;;;;;;;;;;;2;31/05/2019;;;;;;;;;;;;;28/11/2016;1;;;;;;;;;;;;;;
1;23/10/2019;;;;;;;;;;;6;2/04/2019;;;;;;;;;;;;;29/11/2016;1;;;;;;;;;;;;;;
4;22/10/2019;;;;;;;;;;;1;3/04/2019;;;;;;;;;;;;;30/11/2016;1;;;;;;;;;;;;;;
1;18/10/2019;;;;;;;;;;;3;4/04/2019;;;;;;;;;;;;;2/12/2016;1;;;;;;;;;;;;;;
6;17/10/2019;;;;;;;;;;;1;5/04/2019;;;;;;;;;;;;;5/12/2016;1;;;;;;;;;;;;;;
2;16/10/2019;;;;;;;;;;;5;8/04/2019;;;;;;;;;;;;;6/12/2016;1;;;;;;;;;;;;;;
1;15/10/2019;;;;;;;;;;;1;10/04/2019;;;;;;;;;;;;;7/12/2016;1;;;;;;;;;;;;;;
2;14/10/2019;;;;;;;;;;;4;12/04/2019;;;;;;;;;;;;;9/12/2016;1;;;;;;;;;;;;;;
2;13/10/2019;;;;;;;;;;;1;13/04/2019;;;;;;;;;;;;;11/12/2016;1;;;;;;;;;;;;;;
4;11/10/2019;;;;;;;;;;;4;15/04/2019;;;;;;;;;;;;;12/12/2016;1;;;;;;;;;;;;;;
3;10/10/2019;;;;;;;;;;;6;16/04/2019;;;;;;;;;;;;;13/12/2016;1;;;;;;;;;;;;;;
1;9/10/2019;;;;;;;;;;;1;17/04/2019;;;;;;;;;;;;;14/12/2016;1;;;;;;;;;;;;;;
2;8/10/2019;;;;;;;;;;;1;22/04/2019;;;;;;;;;;;;;15/12/2016;1;;;;;;;;;;;;;;
3;7/10/2019;;;;;;;;;;;1;24/04/2019;;;;;;;;;;;;;16/12/2016;1;;;;;;;;;;;;;;
4;5/10/2019;;;;;;;;;;;5;25/04/2019;;;;;;;;;;;;;18/12/2016;1;;;;;;;;;;;;;;
2;4/10/2019;;;;;;;;;;;1;26/04/2019;;;;;;;;;;;;;19/12/2016;1;;;;;;;;;;;;;;
1;3/10/2019;;;;;;;;;;;1;29/04/2019;;;;;;;;;;;;;20/12/2016;1;;;;;;;;;;;;;;
1;29/09/2019;;;;;;;;;;;7;30/04/2019;;;;;;;;;;;;;21/12/2016;1;;;;;;;;;;;;;;
2;27/09/2019;;;;;;;;;;;4;1/03/2019;;;;;;;;;;;;;22/12/2016;1;;;;;;;;;;;;;;
1;26/09/2019;;;;;;;;;;;3;2/03/2019;;;;;;;;;;;;;23/12/2016;1;;;;;;;;;;;;;;
2;24/09/2019;;;;;;;;;;;1;5/03/2019;;;;;;;;;;;;;28/12/2016;1;;;;;;;;;;;;;;
2;23/09/2019;;;;;;;;;;;1;6/03/2019;;;;;;;;;;;;;29/12/2016;1;;;;;;;;;;;;;;
1;22/09/2019;;;;;;;;;;;5;7/03/2019;;;;;;;;;;;;;2/01/2017;1;;;;;;;;;;;;;;
2;19/09/2019;;;;;;;;;;;1;8/03/2019;;;;;;;;;;;;;4/01/2017;1;;;;;;;;;;;;;;
3;18/09/2019;;;;;;;;;;;2;11/03/2019;;;;;;;;;;;;;5/01/2017;1;;;;;;;;;;;;;;
1;16/09/2019;;;;;;;;;;;1;13/03/2019;;;;;;;;;;;;;6/01/2017;1;;;;;;;;;;;;;;
1;15/09/2019;;;;;;;;;;;2;14/03/2019;;;;;;;;;;;;;9/01/2017;1;;;;;;;;;;;;;;
2;14/09/2019;;;;;;;;;;;1;15/03/2019;;;;;;;;;;;;;10/01/2017;1;;;;;;;;;;;;;;
1;11/09/2019;;;;;;;;;;;1;16/03/2019;;;;;;;;;;;;;11/01/2017;1;;;;;;;;;;;;;;
1;9/09/2019;;;;;;;;;;;5;19/03/2019;;;;;;;;;;;;;12/01/2017;1;;;;;;;;;;;;;;
3;6/09/2019;;;;;;;;;;;1;20/03/2019;;;;;;;;;;;;;13/01/2017;1;;;;;;;;;;;;;;
2;4/09/2019;;;;;;;;;;;1;22/03/2019;;;;;;;;;;;;;16/01/2017;1;;;;;;;;;;;;;;
2;3/09/2019;;;;;;;;;;;1;27/03/2019;;;;;;;;;;;;;17/01/2017;1;;;;;;;;;;;;;;
1;30/08/2019;;;;;;;;;;;1;28/03/2019;;;;;;;;;;;;;18/01/2017;1;;;;;;;;;;;;;;
4;29/08/2019;;;;;;;;;;;1;29/03/2019;;;;;;;;;;;;;19/01/2017;1;;;;;;;;;;;;;;
5;28/08/2019;;;;;;;;;;;1;30/03/2019;;;;;;;;;;;;;20/01/2017;1;;;;;;;;;;;;;;
5;27/08/2019;;;;;;;;;;;3;4/02/2019;;;;;;;;;;;;;24/01/2017;1;;;;;;;;;;;;;;
4;26/08/2019;;;;;;;;;;;7;5/02/2019;;;;;;;;;;;;;25/01/2017;1;;;;;;;;;;;;;;
5;23/08/2019;;;;;;;;;;;1;6/02/2019;;;;;;;;;;;;;26/01/2017;1;;;;;;;;;;;;;;
3;22/08/2019;;;;;;;;;;;2;8/02/2019;;;;;;;;;;;;;27/01/2017;1;;;;;;;;;;;;;;
1;21/08/2019;;;;;;;;;;;4;9/02/2019;;;;;;;;;;;;;29/01/2017;1;;;;;;;;;;;;;;
3;18/08/2019;;;;;;;;;;;1;12/02/2019;;;;;;;;;;;;;30/01/2017;1;;;;;;;;;;;;;;
2;16/08/2019;;;;;;;;;;;2;13/02/2019;;;;;;;;;;;;;31/01/2017;1;;;;;;;;;;;;;;
3;15/08/2019;;;;;;;;;;;6;14/02/2019;;;;;;;;;;;;;1/02/2017;1;;;;;;;;;;;;;;
1;14/08/2019;;;;;;;;;;;3;15/02/2019;;;;;;;;;;;;;2/02/2017;1;;;;;;;;;;;;;;
1;13/08/2019;;;;;;;;;;;1;18/02/2019;;;;;;;;;;;;;3/02/2017;1;;;;;;;;;;;;;;
1;11/08/2019;;;;;;;;;;;6;19/02/2019;;;;;;;;;;;;;5/02/2017;1;;;;;;;;;;;;;;
4;9/08/2019;;;;;;;;;;;2;20/02/2019;;;;;;;;;;;;;6/02/2017;1;;;;;;;;;;;;;;
1;7/08/2019;;;;;;;;;;;3;21/02/2019;;;;;;;;;;;;;7/02/2017;1;;;;;;;;;;;;;;
5;6/08/2019;;;;;;;;;;;5;22/02/2019;;;;;;;;;;;;;8/02/2017;1;;;;;;;;;;;;;;
1;5/08/2019;;;;;;;;;;;1;25/02/2019;;;;;;;;;;;;;9/02/2017;1;;;;;;;;;;;;;;
2;4/08/2019;;;;;;;;;;;1;26/02/2019;;;;;;;;;;;;;10/02/2017;1;;;;;;;;;;;;;;
3;2/08/2019;;;;;;;;;;;1;27/02/2019;;;;;;;;;;;;;11/02/2017;1;;;;;;;;;;;;;;
6;1/08/2019;;;;;;;;;;;1;28/02/2019;;;;;;;;;;;;;12/02/2017;1;;;;;;;;;;;;;;
1;31/07/2019;;;;;;;;;;;3;1/01/2019;;;;;;;;;;;;;13/02/2017;1;;;;;;;;;;;;;;
2;29/07/2019;;;;;;;;;;;3;2/01/2019;;;;;;;;;;;;;14/02/2017;1;;;;;;;;;;;;;;
2;28/07/2019;;;;;;;;;;;1;3/01/2019;;;;;;;;;;;;;15/02/2017;1;;;;;;;;;;;;;;
1;27/07/2019;;;;;;;;;;;1;4/01/2019;;;;;;;;;;;;;16/02/2017;1;;;;;;;;;;;;;;
1;26/07/2019;;;;;;;;;;;1;7/01/2019;;;;;;;;;;;;;17/02/2017;1;;;;;;;;;;;;;;
1;25/07/2019;;;;;;;;;;;2;8/01/2019;;;;;;;;;;;;;18/02/2017;1;;;;;;;;;;;;;;
4;24/07/2019;;;;;;;;;;;2;9/01/2019;;;;;;;;;;;;;19/02/2017;1;;;;;;;;;;;;;;
1;23/07/2019;;;;;;;;;;;5;11/01/2019;;;;;;;;;;;;;20/02/2017;1;;;;;;;;;;;;;;
1;22/07/2019;;;;;;;;;;;1;12/01/2019;;;;;;;;;;;;;22/02/2017;1;;;;;;;;;;;;;;
2;19/07/2019;;;;;;;;;;;1;13/01/2019;;;;;;;;;;;;;24/02/2017;1;;;;;;;;;;;;;;
6;18/07/2019;;;;;;;;;;;1;15/01/2019;;;;;;;;;;;;;25/02/2017;1;;;;;;;;;;;;;;
2;17/07/2019;;;;;;;;;;;2;16/01/2019;;;;;;;;;;;;;28/02/2017;1;;;;;;;;;;;;;;
2;16/07/2019;;;;;;;;;;;2;23/01/2019;;;;;;;;;;;;;1/03/2017;1;;;;;;;;;;;;;;
1;11/07/2019;;;;;;;;;;;6;25/01/2019;;;;;;;;;;;;;2/03/2017;1;;;;;;;;;;;;;;
4;10/07/2019;;;;;;;;;;;1;28/01/2019;;;;;;;;;;;;;3/03/2017;1;;;;;;;;;;;;;;
1;9/07/2019;;;;;;;;;;;4;29/01/2019;;;;;;;;;;;;;7/03/2017;1;;;;;;;;;;;;;;
1;8/07/2019;;;;;;;;;;;2;30/01/2019;;;;;;;;;;;;;8/03/2017;1;;;;;;;;;;;;;;
1;6/07/2019;;;;;;;;;;;2;31/01/2019;;;;;;;;;;;;;9/03/2017;1;;;;;;;;;;;;;;
1;5/07/2019;;;;;;;;;;;2;1/12/2018;;;;;;;;;;;;;12/03/2017;1;;;;;;;;;;;;;;
1;4/07/2019;;;;;;;;;;;5;4/12/2018;;;;;;;;;;;;;13/03/2017;1;;;;;;;;;;;;;;
2;3/07/2019;;;;;;;;;;;2;5/12/2018;;;;;;;;;;;;;14/03/2017;1;;;;;;;;;;;;;;
1;2/07/2019;;;;;;;;;;;2;6/12/2018;;;;;;;;;;;;;15/03/2017;1;;;;;;;;;;;;;;
1;29/06/2019;;;;;;;;;;;5;7/12/2018;;;;;;;;;;;;;16/03/2017;1;;;;;;;;;;;;;;
3;28/06/2019;;;;;;;;;;;1;11/12/2018;;;;;;;;;;;;;17/03/2017;1;;;;;;;;;;;;;;
2;27/06/2019;;;;;;;;;;;1;12/12/2018;;;;;;;;;;;;;20/03/2017;1;;;;;;;;;;;;;;
1;26/06/2019;;;;;;;;;;;2;13/12/2018;;;;;;;;;;;;;21/03/2017;1;;;;;;;;;;;;;;
3;25/06/2019;;;;;;;;;;;3;14/12/2018;;;;;;;;;;;;;22/03/2017;1;;;;;;;;;;;;;;
3;24/06/2019;;;;;;;;;;;1;15/12/2018;;;;;;;;;;;;;24/03/2017;1;;;;;;;;;;;;;;
5;21/06/2019;;;;;;;;;;;1;16/12/2018;;;;;;;;;;;;;25/03/2017;1;;;;;;;;;;;;;;
1;20/06/2019;;;;;;;;;;;1;17/12/2018;;;;;;;;;;;;;27/03/2017;1;;;;;;;;;;;;;;
2;19/06/2019;;;;;;;;;;;4;18/12/2018;;;;;;;;;;;;;28/03/2017;1;;;;;;;;;;;;;;
1;17/06/2019;;;;;;;;;;;2;19/12/2018;;;;;;;;;;;;;29/03/2017;1;;;;;;;;;;;;;;
7;13/06/2019;;;;;;;;;;;5;20/12/2018;;;;;;;;;;;;;30/03/2017;1;;;;;;;;;;;;;;
1;12/06/2019;;;;;;;;;;;3;21/12/2018;;;;;;;;;;;;;1/04/2017;1;;;;;;;;;;;;;;
1;8/06/2019;;;;;;;;;;;2;26/12/2018;;;;;;;;;;;;;4/04/2017;1;;;;;;;;;;;;;;
1;7/06/2019;;;;;;;;;;;2;27/12/2018;;;;;;;;;;;;;5/04/2017;1;;;;;;;;;;;;;;
2;6/06/2019;;;;;;;;;;;3;28/12/2018;;;;;;;;;;;;;6/04/2017;1;;;;;;;;;;;;;;
1;5/06/2019;;;;;;;;;;;5;30/12/2018;;;;;;;;;;;;;7/04/2017;1;;;;;;;;;;;;;;
4;3/06/2019;;;;;;;;;;;1;31/12/2018;;;;;;;;;;;;;10/04/2017;1;;;;;;;;;;;;;;
2;31/05/2019;;;;;;;;;;;3;5/11/2018;;;;;;;;;;;;;12/04/2017;1;;;;;;;;;;;;;;
2;30/05/2019;;;;;;;;;;;2;7/11/2018;;;;;;;;;;;;;13/04/2017;1;;;;;;;;;;;;;;
1;29/05/2019;;;;;;;;;;;1;8/11/2018;;;;;;;;;;;;;16/04/2017;1;;;;;;;;;;;;;;
6;28/05/2019;;;;;;;;;;;4;10/11/2018;;;;;;;;;;;;;17/04/2017;1;;;;;;;;;;;;;;
1;27/05/2019;;;;;;;;;;;1;12/11/2018;;;;;;;;;;;;;18/04/2017;1;;;;;;;;;;;;;;
2;26/05/2019;;;;;;;;;;;4;13/11/2018;;;;;;;;;;;;;19/04/2017;1;;;;;;;;;;;;;;
3;24/05/2019;;;;;;;;;;;3;14/11/2018;;;;;;;;;;;;;20/04/2017;1;;;;;;;;;;;;;;
2;23/05/2019;;;;;;;;;;;2;15/11/2018;;;;;;;;;;;;;21/04/2017;1;;;;;;;;;;;;;;
1;22/05/2019;;;;;;;;;;;1;16/11/2018;;;;;;;;;;;;;24/04/2017;1;;;;;;;;;;;;;;
5;21/05/2019;;;;;;;;;;;1;18/11/2018;;;;;;;;;;;;;25/04/2017;1;;;;;;;;;;;;;;
5;16/05/2019;;;;;;;;;;;5;19/11/2018;;;;;;;;;;;;;26/04/2017;1;;;;;;;;;;;;;;
2;15/05/2019;;;;;;;;;;;1;20/11/2018;;;;;;;;;;;;;28/04/2017;1;;;;;;;;;;;;;;
1;14/05/2019;;;;;;;;;;;2;21/11/2018;;;;;;;;;;;;;1/05/2017;1;;;;;;;;;;;;;;
2;13/05/2019;;;;;;;;;;;4;22/11/2018;;;;;;;;;;;;;2/05/2017;1;;;;;;;;;;;;;;
1;11/05/2019;;;;;;;;;;;1;23/11/2018;;;;;;;;;;;;;3/05/2017;1;;;;;;;;;;;;;;
6;10/05/2019;;;;;;;;;;;5;24/11/2018;;;;;;;;;;;;;4/05/2017;1;;;;;;;;;;;;;;
2;8/05/2019;;;;;;;;;;;4;26/11/2018;;;;;;;;;;;;;9/05/2017;1;;;;;;;;;;;;;;
1;7/05/2019;;;;;;;;;;;4;27/11/2018;;;;;;;;;;;;;10/05/2017;1;;;;;;;;;;;;;;
4;5/05/2019;;;;;;;;;;;1;28/11/2018;;;;;;;;;;;;;11/05/2017;1;;;;;;;;;;;;;;
2;3/05/2019;;;;;;;;;;;6;30/11/2018;;;;;;;;;;;;;12/05/2017;1;;;;;;;;;;;;;;
4;2/05/2019;;;;;;;;;;;7;2/10/2018;;;;;;;;;;;;;16/05/2017;1;;;;;;;;;;;;;;
1;1/05/2019;;;;;;;;;;;7;4/10/2018;;;;;;;;;;;;;17/05/2017;1;;;;;;;;;;;;;;
7;30/04/2019;;;;;;;;;;;1;8/10/2018;;;;;;;;;;;;;18/05/2017;1;;;;;;;;;;;;;;
1;29/04/2019;;;;;;;;;;;3;9/10/2018;;;;;;;;;;;;;22/05/2017;1;;;;;;;;;;;;;;
1;26/04/2019;;;;;;;;;;;2;10/10/2018;;;;;;;;;;;;;23/05/2017;1;;;;;;;;;;;;;;
5;25/04/2019;;;;;;;;;;;5;11/10/2018;;;;;;;;;;;;;24/05/2017;1;;;;;;;;;;;;;;
1;24/04/2019;;;;;;;;;;;4;15/10/2018;;;;;;;;;;;;;25/05/2017;1;;;;;;;;;;;;;;
1;22/04/2019;;;;;;;;;;;1;16/10/2018;;;;;;;;;;;;;28/05/2017;1;;;;;;;;;;;;;;
1;17/04/2019;;;;;;;;;;;2;17/10/2018;;;;;;;;;;;;;29/05/2017;1;;;;;;;;;;;;;;
6;16/04/2019;;;;;;;;;;;2;18/10/2018;;;;;;;;;;;;;30/05/2017;1;;;;;;;;;;;;;;
4;15/04/2019;;;;;;;;;;;2;19/10/2018;;;;;;;;;;;;;31/05/2017;1;;;;;;;;;;;;;;
1;13/04/2019;;;;;;;;;;;1;20/10/2018;;;;;;;;;;;;;1/06/2017;1;;;;;;;;;;;;;;
4;12/04/2019;;;;;;;;;;;3;22/10/2018;;;;;;;;;;;;;3/06/2017;1;;;;;;;;;;;;;;
1;10/04/2019;;;;;;;;;;;2;23/10/2018;;;;;;;;;;;;;5/06/2017;1;;;;;;;;;;;;;;
5;8/04/2019;;;;;;;;;;;2;24/10/2018;;;;;;;;;;;;;6/06/2017;1;;;;;;;;;;;;;;
1;5/04/2019;;;;;;;;;;;10;25/10/2018;;;;;;;;;;;;;7/06/2017;1;;;;;;;;;;;;;;
3;4/04/2019;;;;;;;;;;;2;26/10/2018;;;;;;;;;;;;;8/06/2017;1;;;;;;;;;;;;;;
1;3/04/2019;;;;;;;;;;;1;29/10/2018;;;;;;;;;;;;;9/06/2017;1;;;;;;;;;;;;;;
6;2/04/2019;;;;;;;;;;;2;30/10/2018;;;;;;;;;;;;;12/06/2017;1;;;;;;;;;;;;;;
1;30/03/2019;;;;;;;;;;;6;2/09/2018;;;;;;;;;;;;;13/06/2017;1;;;;;;;;;;;;;;
1;29/03/2019;;;;;;;;;;;4;3/09/2018;;;;;;;;;;;;;14/06/2017;1;;;;;;;;;;;;;;
1;28/03/2019;;;;;;;;;;;2;4/09/2018;;;;;;;;;;;;;15/06/2017;1;;;;;;;;;;;;;;
1;27/03/2019;;;;;;;;;;;1;5/09/2018;;;;;;;;;;;;;16/06/2017;1;;;;;;;;;;;;;;
1;22/03/2019;;;;;;;;;;;1;6/09/2018;;;;;;;;;;;;;19/06/2017;1;;;;;;;;;;;;;;
1;20/03/2019;;;;;;;;;;;3;7/09/2018;;;;;;;;;;;;;21/06/2017;1;;;;;;;;;;;;;;
5;19/03/2019;;;;;;;;;;;2;10/09/2018;;;;;;;;;;;;;22/06/2017;1;;;;;;;;;;;;;;
1;16/03/2019;;;;;;;;;;;5;11/09/2018;;;;;;;;;;;;;24/06/2017;1;;;;;;;;;;;;;;
1;15/03/2019;;;;;;;;;;;2;12/09/2018;;;;;;;;;;;;;26/06/2017;1;;;;;;;;;;;;;;
2;14/03/2019;;;;;;;;;;;7;13/09/2018;;;;;;;;;;;;;27/06/2017;1;;;;;;;;;;;;;;
1;13/03/2019;;;;;;;;;;;4;17/09/2018;;;;;;;;;;;;;28/06/2017;1;;;;;;;;;;;;;;
2;11/03/2019;;;;;;;;;;;4;19/09/2018;;;;;;;;;;;;;29/06/2017;1;;;;;;;;;;;;;;
1;8/03/2019;;;;;;;;;;;7;20/09/2018;;;;;;;;;;;;;30/06/2017;1;;;;;;;;;;;;;;
5;7/03/2019;;;;;;;;;;;1;21/09/2018;;;;;;;;;;;;;3/07/2017;1;;;;;;;;;;;;;;
1;6/03/2019;;;;;;;;;;;3;24/09/2018;;;;;;;;;;;;;4/07/2017;1;;;;;;;;;;;;;;
1;5/03/2019;;;;;;;;;;;5;25/09/2018;;;;;;;;;;;;;5/07/2017;1;;;;;;;;;;;;;;
3;2/03/2019;;;;;;;;;;;4;26/09/2018;;;;;;;;;;;;;10/07/2017;1;;;;;;;;;;;;;;
4;1/03/2019;;;;;;;;;;;1;27/09/2018;;;;;;;;;;;;;11/07/2017;1;;;;;;;;;;;;;;
1;28/02/2019;;;;;;;;;;;2;28/09/2018;;;;;;;;;;;;;12/07/2017;1;;;;;;;;;;;;;;
1;27/02/2019;;;;;;;;;;;1;30/09/2018;;;;;;;;;;;;;13/07/2017;1;;;;;;;;;;;;;;
1;26/02/2019;;;;;;;;;;;2;1/08/2018;;;;;;;;;;;;;14/07/2017;1;;;;;;;;;;;;;;
1;25/02/2019;;;;;;;;;;;4;2/08/2018;;;;;;;;;;;;;18/07/2017;1;;;;;;;;;;;;;;
5;22/02/2019;;;;;;;;;;;1;3/08/2018;;;;;;;;;;;;;19/07/2017;1;;;;;;;;;;;;;;
3;21/02/2019;;;;;;;;;;;2;7/08/2018;;;;;;;;;;;;;20/07/2017;1;;;;;;;;;;;;;;
2;20/02/2019;;;;;;;;;;;2;8/08/2018;;;;;;;;;;;;;21/07/2017;1;;;;;;;;;;;;;;
6;19/02/2019;;;;;;;;;;;7;9/08/2018;;;;;;;;;;;;;24/07/2017;1;;;;;;;;;;;;;;
1;18/02/2019;;;;;;;;;;;5;10/08/2018;;;;;;;;;;;;;25/07/2017;1;;;;;;;;;;;;;;
3;15/02/2019;;;;;;;;;;;1;13/08/2018;;;;;;;;;;;;;26/07/2017;1;;;;;;;;;;;;;;
6;14/02/2019;;;;;;;;;;;5;14/08/2018;;;;;;;;;;;;;27/07/2017;1;;;;;;;;;;;;;;
2;13/02/2019;;;;;;;;;;;4;15/08/2018;;;;;;;;;;;;;28/07/2017;1;;;;;;;;;;;;;;
1;12/02/2019;;;;;;;;;;;10;21/08/2018;;;;;;;;;;;;;29/07/2017;1;;;;;;;;;;;;;;
4;9/02/2019;;;;;;;;;;;1;22/08/2018;;;;;;;;;;;;;2/08/2017;1;;;;;;;;;;;;;;
2;8/02/2019;;;;;;;;;;;3;23/08/2018;;;;;;;;;;;;;3/08/2017;1;;;;;;;;;;;;;;
1;6/02/2019;;;;;;;;;;;1;24/08/2018;;;;;;;;;;;;;4/08/2017;1;;;;;;;;;;;;;;
7;5/02/2019;;;;;;;;;;;2;27/08/2018;;;;;;;;;;;;;8/08/2017;1;;;;;;;;;;;;;;
3;4/02/2019;;;;;;;;;;;2;28/08/2018;;;;;;;;;;;;;9/08/2017;1;;;;;;;;;;;;;;
2;31/01/2019;;;;;;;;;;;1;29/08/2018;;;;;;;;;;;;;10/08/2017;1;;;;;;;;;;;;;;
2;30/01/2019;;;;;;;;;;;2;30/08/2018;;;;;;;;;;;;;14/08/2017;1;;;;;;;;;;;;;;
4;29/01/2019;;;;;;;;;;;1;3/07/2018;;;;;;;;;;;;;16/08/2017;1;;;;;;;;;;;;;;
1;28/01/2019;;;;;;;;;;;3;4/07/2018;;;;;;;;;;;;;17/08/2017;1;;;;;;;;;;;;;;
6;25/01/2019;;;;;;;;;;;1;5/07/2018;;;;;;;;;;;;;18/08/2017;1;;;;;;;;;;;;;;
2;23/01/2019;;;;;;;;;;;2;9/07/2018;;;;;;;;;;;;;21/08/2017;1;;;;;;;;;;;;;;
2;16/01/2019;;;;;;;;;;;1;10/07/2018;;;;;;;;;;;;;22/08/2017;1;;;;;;;;;;;;;;
1;15/01/2019;;;;;;;;;;;2;11/07/2018;;;;;;;;;;;;;23/08/2017;1;;;;;;;;;;;;;;
1;13/01/2019;;;;;;;;;;;5;12/07/2018;;;;;;;;;;;;;24/08/2017;1;;;;;;;;;;;;;;
1;12/01/2019;;;;;;;;;;;3;13/07/2018;;;;;;;;;;;;;25/08/2017;1;;;;;;;;;;;;;;
5;11/01/2019;;;;;;;;;;;1;16/07/2018;;;;;;;;;;;;;26/08/2017;1;;;;;;;;;;;;;;
2;9/01/2019;;;;;;;;;;;1;17/07/2018;;;;;;;;;;;;;27/08/2017;1;;;;;;;;;;;;;;
2;8/01/2019;;;;;;;;;;;4;18/07/2018;;;;;;;;;;;;;28/08/2017;1;;;;;;;;;;;;;;
1;7/01/2019;;;;;;;;;;;2;19/07/2018;;;;;;;;;;;;;29/08/2017;1;;;;;;;;;;;;;;
1;4/01/2019;;;;;;;;;;;1;21/07/2018;;;;;;;;;;;;;30/08/2017;1;;;;;;;;;;;;;;
1;3/01/2019;;;;;;;;;;;6;23/07/2018;;;;;;;;;;;;;31/08/2017;1;;;;;;;;;;;;;;
3;2/01/2019;;;;;;;;;;;2;24/07/2018;;;;;;;;;;;;;1/09/2017;1;;;;;;;;;;;;;;
3;1/01/2019;;;;;;;;;;;1;25/07/2018;;;;;;;;;;;;;5/09/2017;1;;;;;;;;;;;;;;
1;31/12/2018;;;;;;;;;;;1;26/07/2018;;;;;;;;;;;;;6/09/2017;1;;;;;;;;;;;;;;
5;30/12/2018;;;;;;;;;;;3;28/07/2018;;;;;;;;;;;;;7/09/2017;1;;;;;;;;;;;;;;
3;28/12/2018;;;;;;;;;;;2;29/07/2018;;;;;;;;;;;;;11/09/2017;1;;;;;;;;;;;;;;
2;27/12/2018;;;;;;;;;;;1;31/07/2018;;;;;;;;;;;;;12/09/2017;1;;;;;;;;;;;;;;
2;26/12/2018;;;;;;;;;;;7;1/06/2018;;;;;;;;;;;;;13/09/2017;1;;;;;;;;;;;;;;
3;21/12/2018;;;;;;;;;;;4;5/06/2018;;;;;;;;;;;;;14/09/2017;1;;;;;;;;;;;;;;
5;20/12/2018;;;;;;;;;;;3;6/06/2018;;;;;;;;;;;;;17/09/2017;1;;;;;;;;;;;;;;
2;19/12/2018;;;;;;;;;;;2;7/06/2018;;;;;;;;;;;;;18/09/2017;1;;;;;;;;;;;;;;
4;18/12/2018;;;;;;;;;;;7;8/06/2018;;;;;;;;;;;;;19/09/2017;1;;;;;;;;;;;;;;
1;17/12/2018;;;;;;;;;;;1;10/06/2018;;;;;;;;;;;;;22/09/2017;1;;;;;;;;;;;;;;
1;16/12/2018;;;;;;;;;;;3;11/06/2018;;;;;;;;;;;;;27/09/2017;1;;;;;;;;;;;;;;
1;15/12/2018;;;;;;;;;;;1;12/06/2018;;;;;;;;;;;;;28/09/2017;1;;;;;;;;;;;;;;
3;14/12/2018;;;;;;;;;;;5;13/06/2018;;;;;;;;;;;;;1/10/2017;1;;;;;;;;;;;;;;
2;13/12/2018;;;;;;;;;;;4;14/06/2018;;;;;;;;;;;;;3/10/2017;1;;;;;;;;;;;;;;
1;12/12/2018;;;;;;;;;;;1;20/06/2018;;;;;;;;;;;;;4/10/2017;1;;;;;;;;;;;;;;
1;11/12/2018;;;;;;;;;;;7;22/06/2018;;;;;;;;;;;;;5/10/2017;1;;;;;;;;;;;;;;
5;7/12/2018;;;;;;;;;;;1;25/06/2018;;;;;;;;;;;;;6/10/2017;1;;;;;;;;;;;;;;
2;6/12/2018;;;;;;;;;;;1;27/06/2018;;;;;;;;;;;;;8/10/2017;1;;;;;;;;;;;;;;
2;5/12/2018;;;;;;;;;;;5;28/06/2018;;;;;;;;;;;;;9/10/2017;1;;;;;;;;;;;;;;
5;4/12/2018;;;;;;;;;;;3;3/05/2018;;;;;;;;;;;;;11/10/2017;1;;;;;;;;;;;;;;
2;1/12/2018;;;;;;;;;;;6;4/05/2018;;;;;;;;;;;;;12/10/2017;1;;;;;;;;;;;;;;
6;30/11/2018;;;;;;;;;;;1;7/05/2018;;;;;;;;;;;;;13/10/2017;1;;;;;;;;;;;;;;
1;28/11/2018;;;;;;;;;;;1;9/05/2018;;;;;;;;;;;;;16/10/2017;1;;;;;;;;;;;;;;
4;27/11/2018;;;;;;;;;;;6;10/05/2018;;;;;;;;;;;;;17/10/2017;1;;;;;;;;;;;;;;
4;26/11/2018;;;;;;;;;;;1;11/05/2018;;;;;;;;;;;;;18/10/2017;1;;;;;;;;;;;;;;
5;24/11/2018;;;;;;;;;;;1;13/05/2018;;;;;;;;;;;;;19/10/2017;1;;;;;;;;;;;;;;
1;23/11/2018;;;;;;;;;;;1;14/05/2018;;;;;;;;;;;;;20/10/2017;1;;;;;;;;;;;;;;
4;22/11/2018;;;;;;;;;;;1;15/05/2018;;;;;;;;;;;;;23/10/2017;1;;;;;;;;;;;;;;
2;21/11/2018;;;;;;;;;;;2;16/05/2018;;;;;;;;;;;;;24/10/2017;1;;;;;;;;;;;;;;
1;20/11/2018;;;;;;;;;;;6;17/05/2018;;;;;;;;;;;;;25/10/2017;1;;;;;;;;;;;;;;
5;19/11/2018;;;;;;;;;;;6;19/05/2018;;;;;;;;;;;;;26/10/2017;1;;;;;;;;;;;;;;
1;18/11/2018;;;;;;;;;;;2;21/05/2018;;;;;;;;;;;;;27/10/2017;1;;;;;;;;;;;;;;
1;16/11/2018;;;;;;;;;;;5;22/05/2018;;;;;;;;;;;;;28/10/2017;1;;;;;;;;;;;;;;
2;15/11/2018;;;;;;;;;;;1;23/05/2018;;;;;;;;;;;;;30/10/2017;1;;;;;;;;;;;;;;
3;14/11/2018;;;;;;;;;;;6;24/05/2018;;;;;;;;;;;;;1/11/2017;1;;;;;;;;;;;;;;
4;13/11/2018;;;;;;;;;;;3;25/05/2018;;;;;;;;;;;;;2/11/2017;1;;;;;;;;;;;;;;
1;12/11/2018;;;;;;;;;;;1;26/05/2018;;;;;;;;;;;;;3/11/2017;1;;;;;;;;;;;;;;
4;10/11/2018;;;;;;;;;;;2;27/05/2018;;;;;;;;;;;;;5/11/2017;1;;;;;;;;;;;;;;
1;8/11/2018;;;;;;;;;;;4;28/05/2018;;;;;;;;;;;;;8/11/2017;1;;;;;;;;;;;;;;
2;7/11/2018;;;;;;;;;;;2;29/05/2018;;;;;;;;;;;;;9/11/2017;1;;;;;;;;;;;;;;
3;5/11/2018;;;;;;;;;;;2;30/05/2018;;;;;;;;;;;;;10/11/2017;1;;;;;;;;;;;;;;
2;30/10/2018;;;;;;;;;;;3;31/05/2018;;;;;;;;;;;;;15/11/2017;1;;;;;;;;;;;;;;
1;29/10/2018;;;;;;;;;;;2;2/04/2018;;;;;;;;;;;;;16/11/2017;1;;;;;;;;;;;;;;
2;26/10/2018;;;;;;;;;;;1;4/04/2018;;;;;;;;;;;;;17/11/2017;1;;;;;;;;;;;;;;
10;25/10/2018;;;;;;;;;;;1;6/04/2018;;;;;;;;;;;;;20/11/2017;1;;;;;;;;;;;;;;
2;24/10/2018;;;;;;;;;;;5;9/04/2018;;;;;;;;;;;;;22/11/2017;1;;;;;;;;;;;;;;
2;23/10/2018;;;;;;;;;;;1;10/04/2018;;;;;;;;;;;;;23/11/2017;1;;;;;;;;;;;;;;
3;22/10/2018;;;;;;;;;;;2;11/04/2018;;;;;;;;;;;;;24/11/2017;1;;;;;;;;;;;;;;
1;20/10/2018;;;;;;;;;;;3;12/04/2018;;;;;;;;;;;;;27/11/2017;1;;;;;;;;;;;;;;
2;19/10/2018;;;;;;;;;;;8;13/04/2018;;;;;;;;;;;;;28/11/2017;1;;;;;;;;;;;;;;
2;18/10/2018;;;;;;;;;;;4;14/04/2018;;;;;;;;;;;;;29/11/2017;1;;;;;;;;;;;;;;
2;17/10/2018;;;;;;;;;;;2;16/04/2018;;;;;;;;;;;;;30/11/2017;1;;;;;;;;;;;;;;
1;16/10/2018;;;;;;;;;;;2;17/04/2018;;;;;;;;;;;;;1/12/2017;1;;;;;;;;;;;;;;
4;15/10/2018;;;;;;;;;;;2;19/04/2018;;;;;;;;;;;;;4/12/2017;1;;;;;;;;;;;;;;
5;11/10/2018;;;;;;;;;;;1;22/04/2018;;;;;;;;;;;;;5/12/2017;1;;;;;;;;;;;;;;
2;10/10/2018;;;;;;;;;;;3;24/04/2018;;;;;;;;;;;;;6/12/2017;1;;;;;;;;;;;;;;
3;9/10/2018;;;;;;;;;;;1;25/04/2018;;;;;;;;;;;;;7/12/2017;1;;;;;;;;;;;;;;
1;8/10/2018;;;;;;;;;;;7;26/04/2018;;;;;;;;;;;;;9/12/2017;1;;;;;;;;;;;;;;
7;4/10/2018;;;;;;;;;;;4;27/04/2018;;;;;;;;;;;;;13/12/2017;1;;;;;;;;;;;;;;
7;2/10/2018;;;;;;;;;;;1;28/04/2018;;;;;;;;;;;;;14/12/2017;1;;;;;;;;;;;;;;
1;30/09/2018;;;;;;;;;;;1;29/04/2018;;;;;;;;;;;;;27/12/2017;1;;;;;;;;;;;;;;
2;28/09/2018;;;;;;;;;;;2;30/04/2018;;;;;;;;;;;;;3/01/2018;1;;;;;;;;;;;;;;
1;27/09/2018;;;;;;;;;;;1;1/03/2018;;;;;;;;;;;;;9/01/2018;1;;;;;;;;;;;;;;
4;26/09/2018;;;;;;;;;;;2;2/03/2018;;;;;;;;;;;;;10/01/2018;1;;;;;;;;;;;;;;
5;25/09/2018;;;;;;;;;;;1;6/03/2018;;;;;;;;;;;;;11/01/2018;1;;;;;;;;;;;;;;
3;24/09/2018;;;;;;;;;;;2;8/03/2018;;;;;;;;;;;;;14/01/2018;1;;;;;;;;;;;;;;
1;21/09/2018;;;;;;;;;;;3;9/03/2018;;;;;;;;;;;;;17/01/2018;1;;;;;;;;;;;;;;
7;20/09/2018;;;;;;;;;;;3;10/03/2018;;;;;;;;;;;;;18/01/2018;1;;;;;;;;;;;;;;
4;19/09/2018;;;;;;;;;;;5;11/03/2018;;;;;;;;;;;;;19/01/2018;1;;;;;;;;;;;;;;
4;17/09/2018;;;;;;;;;;;1;12/03/2018;;;;;;;;;;;;;20/01/2018;1;;;;;;;;;;;;;;
7;13/09/2018;;;;;;;;;;;2;13/03/2018;;;;;;;;;;;;;21/01/2018;1;;;;;;;;;;;;;;
2;12/09/2018;;;;;;;;;;;4;19/03/2018;;;;;;;;;;;;;24/01/2018;1;;;;;;;;;;;;;;
5;11/09/2018;;;;;;;;;;;1;20/03/2018;;;;;;;;;;;;;25/01/2018;1;;;;;;;;;;;;;;
2;10/09/2018;;;;;;;;;;;2;23/03/2018;;;;;;;;;;;;;26/01/2018;1;;;;;;;;;;;;;;
3;7/09/2018;;;;;;;;;;;1;26/03/2018;;;;;;;;;;;;;30/01/2018;1;;;;;;;;;;;;;;
1;6/09/2018;;;;;;;;;;;5;27/03/2018;;;;;;;;;;;;;31/01/2018;1;;;;;;;;;;;;;;
1;5/09/2018;;;;;;;;;;;1;28/03/2018;;;;;;;;;;;;;1/02/2018;1;;;;;;;;;;;;;;
2;4/09/2018;;;;;;;;;;;1;1/02/2018;;;;;;;;;;;;;2/02/2018;1;;;;;;;;;;;;;;
4;3/09/2018;;;;;;;;;;;6;2/02/2018;;;;;;;;;;;;;5/02/2018;1;;;;;;;;;;;;;;
6;2/09/2018;;;;;;;;;;;1;5/02/2018;;;;;;;;;;;;;6/02/2018;1;;;;;;;;;;;;;;
2;30/08/2018;;;;;;;;;;;2;6/02/2018;;;;;;;;;;;;;7/02/2018;1;;;;;;;;;;;;;;
1;29/08/2018;;;;;;;;;;;1;7/02/2018;;;;;;;;;;;;;8/02/2018;1;;;;;;;;;;;;;;
2;28/08/2018;;;;;;;;;;;4;8/02/2018;;;;;;;;;;;;;9/02/2018;1;;;;;;;;;;;;;;
2;27/08/2018;;;;;;;;;;;1;9/02/2018;;;;;;;;;;;;;12/02/2018;1;;;;;;;;;;;;;;
1;24/08/2018;;;;;;;;;;;1;12/02/2018;;;;;;;;;;;;;13/02/2018;1;;;;;;;;;;;;;;
3;23/08/2018;;;;;;;;;;;1;13/02/2018;;;;;;;;;;;;;14/02/2018;1;;;;;;;;;;;;;;
1;22/08/2018;;;;;;;;;;;1;14/02/2018;;;;;;;;;;;;;15/02/2018;1;;;;;;;;;;;;;;
10;21/08/2018;;;;;;;;;;;4;15/02/2018;;;;;;;;;;;;;19/02/2018;1;;;;;;;;;;;;;;
4;15/08/2018;;;;;;;;;;;2;19/02/2018;;;;;;;;;;;;;20/02/2018;1;;;;;;;;;;;;;;
5;14/08/2018;;;;;;;;;;;1;20/02/2018;;;;;;;;;;;;;21/02/2018;1;;;;;;;;;;;;;;
1;13/08/2018;;;;;;;;;;;2;21/02/2018;;;;;;;;;;;;;23/02/2018;1;;;;;;;;;;;;;;
5;10/08/2018;;;;;;;;;;;2;23/02/2018;;;;;;;;;;;;;25/02/2018;1;;;;;;;;;;;;;;
7;9/08/2018;;;;;;;;;;;2;25/02/2018;;;;;;;;;;;;;26/02/2018;1;;;;;;;;;;;;;;
2;8/08/2018;;;;;;;;;;;3;26/02/2018;;;;;;;;;;;;;27/02/2018;1;;;;;;;;;;;;;;
2;7/08/2018;;;;;;;;;;;6;27/02/2018;;;;;;;;;;;;;28/02/2018;1;;;;;;;;;;;;;;
1;3/08/2018;;;;;;;;;;;1;28/02/2018;;;;;;;;;;;;;1/03/2018;1;;;;;;;;;;;;;;
4;2/08/2018;;;;;;;;;;;1;3/01/2018;;;;;;;;;;;;;2/03/2018;1;;;;;;;;;;;;;;
2;1/08/2018;;;;;;;;;;;1;9/01/2018;;;;;;;;;;;;;6/03/2018;1;;;;;;;;;;;;;;
1;31/07/2018;;;;;;;;;;;1;10/01/2018;;;;;;;;;;;;;8/03/2018;1;;;;;;;;;;;;;;
2;29/07/2018;;;;;;;;;;;6;11/01/2018;;;;;;;;;;;;;9/03/2018;1;;;;;;;;;;;;;;
3;28/07/2018;;;;;;;;;;;2;14/01/2018;;;;;;;;;;;;;10/03/2018;1;;;;;;;;;;;;;;
1;26/07/2018;;;;;;;;;;;1;17/01/2018;;;;;;;;;;;;;11/03/2018;1;;;;;;;;;;;;;;
1;25/07/2018;;;;;;;;;;;2;18/01/2018;;;;;;;;;;;;;12/03/2018;1;;;;;;;;;;;;;;
2;24/07/2018;;;;;;;;;;;2;19/01/2018;;;;;;;;;;;;;13/03/2018;1;;;;;;;;;;;;;;
6;23/07/2018;;;;;;;;;;;1;20/01/2018;;;;;;;;;;;;;19/03/2018;1;;;;;;;;;;;;;;
1;21/07/2018;;;;;;;;;;;2;21/01/2018;;;;;;;;;;;;;20/03/2018;1;;;;;;;;;;;;;;
2;19/07/2018;;;;;;;;;;;1;24/01/2018;;;;;;;;;;;;;23/03/2018;1;;;;;;;;;;;;;;
4;18/07/2018;;;;;;;;;;;2;25/01/2018;;;;;;;;;;;;;26/03/2018;1;;;;;;;;;;;;;;
1;17/07/2018;;;;;;;;;;;4;26/01/2018;;;;;;;;;;;;;27/03/2018;1;;;;;;;;;;;;;;
1;16/07/2018;;;;;;;;;;;3;30/01/2018;;;;;;;;;;;;;28/03/2018;1;;;;;;;;;;;;;;
3;13/07/2018;;;;;;;;;;;2;31/01/2018;;;;;;;;;;;;;2/04/2018;1;;;;;;;;;;;;;;
5;12/07/2018;;;;;;;;;;;1;1/12/2017;;;;;;;;;;;;;4/04/2018;1;;;;;;;;;;;;;;
2;11/07/2018;;;;;;;;;;;2;4/12/2017;;;;;;;;;;;;;6/04/2018;1;;;;;;;;;;;;;;
1;10/07/2018;;;;;;;;;;;2;5/12/2017;;;;;;;;;;;;;9/04/2018;1;;;;;;;;;;;;;;
2;9/07/2018;;;;;;;;;;;2;6/12/2017;;;;;;;;;;;;;10/04/2018;1;;;;;;;;;;;;;;
1;5/07/2018;;;;;;;;;;;5;7/12/2017;;;;;;;;;;;;;11/04/2018;1;;;;;;;;;;;;;;
3;4/07/2018;;;;;;;;;;;1;9/12/2017;;;;;;;;;;;;;12/04/2018;1;;;;;;;;;;;;;;
1;3/07/2018;;;;;;;;;;;1;13/12/2017;;;;;;;;;;;;;13/04/2018;1;;;;;;;;;;;;;;
5;28/06/2018;;;;;;;;;;;1;14/12/2017;;;;;;;;;;;;;14/04/2018;1;;;;;;;;;;;;;;
1;27/06/2018;;;;;;;;;;;2;27/12/2017;;;;;;;;;;;;;16/04/2018;1;;;;;;;;;;;;;;
1;25/06/2018;;;;;;;;;;;1;1/11/2017;;;;;;;;;;;;;17/04/2018;1;;;;;;;;;;;;;;
7;22/06/2018;;;;;;;;;;;1;2/11/2017;;;;;;;;;;;;;19/04/2018;1;;;;;;;;;;;;;;
1;20/06/2018;;;;;;;;;;;2;3/11/2017;;;;;;;;;;;;;22/04/2018;1;;;;;;;;;;;;;;
4;14/06/2018;;;;;;;;;;;3;5/11/2017;;;;;;;;;;;;;24/04/2018;1;;;;;;;;;;;;;;
5;13/06/2018;;;;;;;;;;;1;8/11/2017;;;;;;;;;;;;;25/04/2018;1;;;;;;;;;;;;;;
1;12/06/2018;;;;;;;;;;;5;9/11/2017;;;;;;;;;;;;;26/04/2018;1;;;;;;;;;;;;;;
3;11/06/2018;;;;;;;;;;;4;10/11/2017;;;;;;;;;;;;;27/04/2018;1;;;;;;;;;;;;;;
1;10/06/2018;;;;;;;;;;;2;15/11/2017;;;;;;;;;;;;;28/04/2018;1;;;;;;;;;;;;;;
7;8/06/2018;;;;;;;;;;;1;16/11/2017;;;;;;;;;;;;;29/04/2018;1;;;;;;;;;;;;;;
2;7/06/2018;;;;;;;;;;;1;17/11/2017;;;;;;;;;;;;;30/04/2018;1;;;;;;;;;;;;;;
3;6/06/2018;;;;;;;;;;;1;20/11/2017;;;;;;;;;;;;;3/05/2018;1;;;;;;;;;;;;;;
4;5/06/2018;;;;;;;;;;;1;22/11/2017;;;;;;;;;;;;;4/05/2018;1;;;;;;;;;;;;;;
7;1/06/2018;;;;;;;;;;;2;23/11/2017;;;;;;;;;;;;;7/05/2018;1;;;;;;;;;;;;;;
3;31/05/2018;;;;;;;;;;;5;24/11/2017;;;;;;;;;;;;;9/05/2018;1;;;;;;;;;;;;;;
2;30/05/2018;;;;;;;;;;;1;27/11/2017;;;;;;;;;;;;;10/05/2018;1;;;;;;;;;;;;;;
2;29/05/2018;;;;;;;;;;;5;28/11/2017;;;;;;;;;;;;;11/05/2018;1;;;;;;;;;;;;;;
4;28/05/2018;;;;;;;;;;;1;29/11/2017;;;;;;;;;;;;;13/05/2018;1;;;;;;;;;;;;;;
2;27/05/2018;;;;;;;;;;;1;30/11/2017;;;;;;;;;;;;;14/05/2018;1;;;;;;;;;;;;;;
1;26/05/2018;;;;;;;;;;;3;1/10/2017;;;;;;;;;;;;;15/05/2018;1;;;;;;;;;;;;;;
3;25/05/2018;;;;;;;;;;;3;3/10/2017;;;;;;;;;;;;;16/05/2018;1;;;;;;;;;;;;;;
6;24/05/2018;;;;;;;;;;;1;4/10/2017;;;;;;;;;;;;;17/05/2018;1;;;;;;;;;;;;;;
1;23/05/2018;;;;;;;;;;;1;5/10/2017;;;;;;;;;;;;;19/05/2018;1;;;;;;;;;;;;;;
5;22/05/2018;;;;;;;;;;;2;6/10/2017;;;;;;;;;;;;;21/05/2018;1;;;;;;;;;;;;;;
2;21/05/2018;;;;;;;;;;;1;8/10/2017;;;;;;;;;;;;;22/05/2018;1;;;;;;;;;;;;;;
6;19/05/2018;;;;;;;;;;;1;9/10/2017;;;;;;;;;;;;;23/05/2018;1;;;;;;;;;;;;;;
6;17/05/2018;;;;;;;;;;;1;11/10/2017;;;;;;;;;;;;;24/05/2018;1;;;;;;;;;;;;;;
2;16/05/2018;;;;;;;;;;;1;12/10/2017;;;;;;;;;;;;;25/05/2018;1;;;;;;;;;;;;;;
1;15/05/2018;;;;;;;;;;;3;13/10/2017;;;;;;;;;;;;;26/05/2018;1;;;;;;;;;;;;;;
1;14/05/2018;;;;;;;;;;;4;16/10/2017;;;;;;;;;;;;;27/05/2018;1;;;;;;;;;;;;;;
1;13/05/2018;;;;;;;;;;;1;17/10/2017;;;;;;;;;;;;;28/05/2018;1;;;;;;;;;;;;;;
1;11/05/2018;;;;;;;;;;;1;18/10/2017;;;;;;;;;;;;;29/05/2018;1;;;;;;;;;;;;;;
6;10/05/2018;;;;;;;;;;;2;19/10/2017;;;;;;;;;;;;;30/05/2018;1;;;;;;;;;;;;;;
1;9/05/2018;;;;;;;;;;;1;20/10/2017;;;;;;;;;;;;;31/05/2018;1;;;;;;;;;;;;;;
1;7/05/2018;;;;;;;;;;;1;23/10/2017;;;;;;;;;;;;;1/06/2018;1;;;;;;;;;;;;;;
6;4/05/2018;;;;;;;;;;;2;24/10/2017;;;;;;;;;;;;;5/06/2018;1;;;;;;;;;;;;;;
3;3/05/2018;;;;;;;;;;;2;25/10/2017;;;;;;;;;;;;;6/06/2018;1;;;;;;;;;;;;;;
2;30/04/2018;;;;;;;;;;;1;26/10/2017;;;;;;;;;;;;;7/06/2018;1;;;;;;;;;;;;;;
1;29/04/2018;;;;;;;;;;;2;27/10/2017;;;;;;;;;;;;;8/06/2018;1;;;;;;;;;;;;;;
1;28/04/2018;;;;;;;;;;;3;28/10/2017;;;;;;;;;;;;;10/06/2018;1;;;;;;;;;;;;;;
4;27/04/2018;;;;;;;;;;;1;30/10/2017;;;;;;;;;;;;;11/06/2018;1;;;;;;;;;;;;;;
7;26/04/2018;;;;;;;;;;;1;1/09/2017;;;;;;;;;;;;;12/06/2018;1;;;;;;;;;;;;;;
1;25/04/2018;;;;;;;;;;;3;5/09/2017;;;;;;;;;;;;;13/06/2018;1;;;;;;;;;;;;;;
3;24/04/2018;;;;;;;;;;;2;6/09/2017;;;;;;;;;;;;;14/06/2018;1;;;;;;;;;;;;;;
1;22/04/2018;;;;;;;;;;;2;7/09/2017;;;;;;;;;;;;;20/06/2018;1;;;;;;;;;;;;;;
2;19/04/2018;;;;;;;;;;;1;11/09/2017;;;;;;;;;;;;;22/06/2018;1;;;;;;;;;;;;;;
2;17/04/2018;;;;;;;;;;;3;12/09/2017;;;;;;;;;;;;;25/06/2018;1;;;;;;;;;;;;;;
2;16/04/2018;;;;;;;;;;;2;13/09/2017;;;;;;;;;;;;;27/06/2018;1;;;;;;;;;;;;;;
4;14/04/2018;;;;;;;;;;;1;14/09/2017;;;;;;;;;;;;;28/06/2018;1;;;;;;;;;;;;;;
8;13/04/2018;;;;;;;;;;;1;17/09/2017;;;;;;;;;;;;;3/07/2018;1;;;;;;;;;;;;;;
3;12/04/2018;;;;;;;;;;;1;18/09/2017;;;;;;;;;;;;;4/07/2018;1;;;;;;;;;;;;;;
2;11/04/2018;;;;;;;;;;;2;19/09/2017;;;;;;;;;;;;;5/07/2018;1;;;;;;;;;;;;;;
1;10/04/2018;;;;;;;;;;;2;22/09/2017;;;;;;;;;;;;;9/07/2018;1;;;;;;;;;;;;;;
5;9/04/2018;;;;;;;;;;;1;27/09/2017;;;;;;;;;;;;;10/07/2018;1;;;;;;;;;;;;;;
1;6/04/2018;;;;;;;;;;;5;28/09/2017;;;;;;;;;;;;;11/07/2018;1;;;;;;;;;;;;;;
1;4/04/2018;;;;;;;;;;;2;2/08/2017;;;;;;;;;;;;;12/07/2018;1;;;;;;;;;;;;;;
2;2/04/2018;;;;;;;;;;;1;3/08/2017;;;;;;;;;;;;;13/07/2018;1;;;;;;;;;;;;;;
1;28/03/2018;;;;;;;;;;;2;4/08/2017;;;;;;;;;;;;;16/07/2018;1;;;;;;;;;;;;;;
5;27/03/2018;;;;;;;;;;;5;8/08/2017;;;;;;;;;;;;;17/07/2018;1;;;;;;;;;;;;;;
1;26/03/2018;;;;;;;;;;;1;9/08/2017;;;;;;;;;;;;;18/07/2018;1;;;;;;;;;;;;;;
2;23/03/2018;;;;;;;;;;;4;10/08/2017;;;;;;;;;;;;;19/07/2018;1;;;;;;;;;;;;;;
1;20/03/2018;;;;;;;;;;;4;14/08/2017;;;;;;;;;;;;;21/07/2018;1;;;;;;;;;;;;;;
4;19/03/2018;;;;;;;;;;;1;16/08/2017;;;;;;;;;;;;;23/07/2018;1;;;;;;;;;;;;;;
2;13/03/2018;;;;;;;;;;;6;17/08/2017;;;;;;;;;;;;;24/07/2018;1;;;;;;;;;;;;;;
1;12/03/2018;;;;;;;;;;;1;18/08/2017;;;;;;;;;;;;;25/07/2018;1;;;;;;;;;;;;;;
5;11/03/2018;;;;;;;;;;;1;21/08/2017;;;;;;;;;;;;;26/07/2018;1;;;;;;;;;;;;;;
3;10/03/2018;;;;;;;;;;;1;22/08/2017;;;;;;;;;;;;;28/07/2018;1;;;;;;;;;;;;;;
3;9/03/2018;;;;;;;;;;;2;23/08/2017;;;;;;;;;;;;;29/07/2018;1;;;;;;;;;;;;;;
2;8/03/2018;;;;;;;;;;;9;24/08/2017;;;;;;;;;;;;;31/07/2018;1;;;;;;;;;;;;;;
1;6/03/2018;;;;;;;;;;;3;25/08/2017;;;;;;;;;;;;;1/08/2018;1;;;;;;;;;;;;;;
2;2/03/2018;;;;;;;;;;;1;26/08/2017;;;;;;;;;;;;;2/08/2018;1;;;;;;;;;;;;;;
1;1/03/2018;;;;;;;;;;;2;27/08/2017;;;;;;;;;;;;;3/08/2018;1;;;;;;;;;;;;;;
1;28/02/2018;;;;;;;;;;;3;28/08/2017;;;;;;;;;;;;;7/08/2018;1;;;;;;;;;;;;;;
6;27/02/2018;;;;;;;;;;;1;29/08/2017;;;;;;;;;;;;;8/08/2018;1;;;;;;;;;;;;;;
3;26/02/2018;;;;;;;;;;;1;30/08/2017;;;;;;;;;;;;;9/08/2018;1;;;;;;;;;;;;;;
2;25/02/2018;;;;;;;;;;;3;31/08/2017;;;;;;;;;;;;;10/08/2018;1;;;;;;;;;;;;;;
2;23/02/2018;;;;;;;;;;;5;3/07/2017;;;;;;;;;;;;;13/08/2018;1;;;;;;;;;;;;;;
2;21/02/2018;;;;;;;;;;;2;4/07/2017;;;;;;;;;;;;;14/08/2018;1;;;;;;;;;;;;;;
1;20/02/2018;;;;;;;;;;;1;5/07/2017;;;;;;;;;;;;;15/08/2018;1;;;;;;;;;;;;;;
2;19/02/2018;;;;;;;;;;;2;10/07/2017;;;;;;;;;;;;;21/08/2018;1;;;;;;;;;;;;;;
4;15/02/2018;;;;;;;;;;;1;11/07/2017;;;;;;;;;;;;;22/08/2018;1;;;;;;;;;;;;;;
1;14/02/2018;;;;;;;;;;;1;12/07/2017;;;;;;;;;;;;;23/08/2018;1;;;;;;;;;;;;;;
1;13/02/2018;;;;;;;;;;;9;13/07/2017;;;;;;;;;;;;;24/08/2018;1;;;;;;;;;;;;;;
1;12/02/2018;;;;;;;;;;;3;14/07/2017;;;;;;;;;;;;;27/08/2018;1;;;;;;;;;;;;;;
1;9/02/2018;;;;;;;;;;;2;18/07/2017;;;;;;;;;;;;;28/08/2018;1;;;;;;;;;;;;;;
4;8/02/2018;;;;;;;;;;;1;19/07/2017;;;;;;;;;;;;;29/08/2018;1;;;;;;;;;;;;;;
1;7/02/2018;;;;;;;;;;;3;20/07/2017;;;;;;;;;;;;;30/08/2018;1;;;;;;;;;;;;;;
2;6/02/2018;;;;;;;;;;;3;21/07/2017;;;;;;;;;;;;;2/09/2018;1;;;;;;;;;;;;;;
1;5/02/2018;;;;;;;;;;;2;24/07/2017;;;;;;;;;;;;;3/09/2018;1;;;;;;;;;;;;;;
6;2/02/2018;;;;;;;;;;;1;25/07/2017;;;;;;;;;;;;;4/09/2018;1;;;;;;;;;;;;;;
1;1/02/2018;;;;;;;;;;;2;26/07/2017;;;;;;;;;;;;;5/09/2018;1;;;;;;;;;;;;;;
2;31/01/2018;;;;;;;;;;;1;27/07/2017;;;;;;;;;;;;;6/09/2018;1;;;;;;;;;;;;;;
3;30/01/2018;;;;;;;;;;;4;28/07/2017;;;;;;;;;;;;;7/09/2018;1;;;;;;;;;;;;;;
4;26/01/2018;;;;;;;;;;;2;29/07/2017;;;;;;;;;;;;;10/09/2018;1;;;;;;;;;;;;;;
2;25/01/2018;;;;;;;;;;;1;1/06/2017;;;;;;;;;;;;;11/09/2018;1;;;;;;;;;;;;;;
1;24/01/2018;;;;;;;;;;;1;3/06/2017;;;;;;;;;;;;;12/09/2018;1;;;;;;;;;;;;;;
2;21/01/2018;;;;;;;;;;;4;5/06/2017;;;;;;;;;;;;;13/09/2018;1;;;;;;;;;;;;;;
1;20/01/2018;;;;;;;;;;;1;6/06/2017;;;;;;;;;;;;;17/09/2018;1;;;;;;;;;;;;;;
2;19/01/2018;;;;;;;;;;;1;7/06/2017;;;;;;;;;;;;;19/09/2018;1;;;;;;;;;;;;;;
2;18/01/2018;;;;;;;;;;;1;8/06/2017;;;;;;;;;;;;;20/09/2018;1;;;;;;;;;;;;;;
1;17/01/2018;;;;;;;;;;;6;9/06/2017;;;;;;;;;;;;;21/09/2018;1;;;;;;;;;;;;;;
2;14/01/2018;;;;;;;;;;;3;12/06/2017;;;;;;;;;;;;;24/09/2018;1;;;;;;;;;;;;;;
6;11/01/2018;;;;;;;;;;;2;13/06/2017;;;;;;;;;;;;;25/09/2018;1;;;;;;;;;;;;;;
1;10/01/2018;;;;;;;;;;;2;14/06/2017;;;;;;;;;;;;;26/09/2018;1;;;;;;;;;;;;;;
1;9/01/2018;;;;;;;;;;;1;15/06/2017;;;;;;;;;;;;;27/09/2018;1;;;;;;;;;;;;;;
1;3/01/2018;;;;;;;;;;;1;16/06/2017;;;;;;;;;;;;;28/09/2018;1;;;;;;;;;;;;;;
2;27/12/2017;;;;;;;;;;;3;19/06/2017;;;;;;;;;;;;;30/09/2018;1;;;;;;;;;;;;;;
1;14/12/2017;;;;;;;;;;;1;21/06/2017;;;;;;;;;;;;;2/10/2018;1;;;;;;;;;;;;;;
1;13/12/2017;;;;;;;;;;;5;22/06/2017;;;;;;;;;;;;;4/10/2018;1;;;;;;;;;;;;;;
1;9/12/2017;;;;;;;;;;;3;24/06/2017;;;;;;;;;;;;;8/10/2018;1;;;;;;;;;;;;;;
5;7/12/2017;;;;;;;;;;;2;26/06/2017;;;;;;;;;;;;;9/10/2018;1;;;;;;;;;;;;;;
2;6/12/2017;;;;;;;;;;;2;27/06/2017;;;;;;;;;;;;;10/10/2018;1;;;;;;;;;;;;;;
2;5/12/2017;;;;;;;;;;;1;28/06/2017;;;;;;;;;;;;;11/10/2018;1;;;;;;;;;;;;;;
2;4/12/2017;;;;;;;;;;;2;29/06/2017;;;;;;;;;;;;;15/10/2018;1;;;;;;;;;;;;;;
1;1/12/2017;;;;;;;;;;;3;30/06/2017;;;;;;;;;;;;;16/10/2018;1;;;;;;;;;;;;;;
1;30/11/2017;;;;;;;;;;;1;1/05/2017;;;;;;;;;;;;;17/10/2018;1;;;;;;;;;;;;;;
1;29/11/2017;;;;;;;;;;;1;2/05/2017;;;;;;;;;;;;;18/10/2018;1;;;;;;;;;;;;;;
5;28/11/2017;;;;;;;;;;;3;3/05/2017;;;;;;;;;;;;;19/10/2018;1;;;;;;;;;;;;;;
1;27/11/2017;;;;;;;;;;;2;4/05/2017;;;;;;;;;;;;;20/10/2018;1;;;;;;;;;;;;;;
5;24/11/2017;;;;;;;;;;;4;9/05/2017;;;;;;;;;;;;;22/10/2018;1;;;;;;;;;;;;;;
2;23/11/2017;;;;;;;;;;;2;10/05/2017;;;;;;;;;;;;;23/10/2018;1;;;;;;;;;;;;;;
1;22/11/2017;;;;;;;;;;;5;11/05/2017;;;;;;;;;;;;;24/10/2018;1;;;;;;;;;;;;;;
1;20/11/2017;;;;;;;;;;;2;12/05/2017;;;;;;;;;;;;;25/10/2018;1;;;;;;;;;;;;;;
1;17/11/2017;;;;;;;;;;;4;16/05/2017;;;;;;;;;;;;;26/10/2018;1;;;;;;;;;;;;;;
1;16/11/2017;;;;;;;;;;;1;17/05/2017;;;;;;;;;;;;;29/10/2018;1;;;;;;;;;;;;;;
2;15/11/2017;;;;;;;;;;;2;18/05/2017;;;;;;;;;;;;;30/10/2018;1;;;;;;;;;;;;;;
4;10/11/2017;;;;;;;;;;;2;22/05/2017;;;;;;;;;;;;;5/11/2018;1;;;;;;;;;;;;;;
5;9/11/2017;;;;;;;;;;;1;23/05/2017;;;;;;;;;;;;;7/11/2018;1;;;;;;;;;;;;;;
1;8/11/2017;;;;;;;;;;;1;24/05/2017;;;;;;;;;;;;;8/11/2018;1;;;;;;;;;;;;;;
3;5/11/2017;;;;;;;;;;;10;25/05/2017;;;;;;;;;;;;;10/11/2018;1;;;;;;;;;;;;;;
2;3/11/2017;;;;;;;;;;;1;28/05/2017;;;;;;;;;;;;;12/11/2018;1;;;;;;;;;;;;;;
1;2/11/2017;;;;;;;;;;;3;29/05/2017;;;;;;;;;;;;;13/11/2018;1;;;;;;;;;;;;;;
1;1/11/2017;;;;;;;;;;;6;30/05/2017;;;;;;;;;;;;;14/11/2018;1;;;;;;;;;;;;;;
1;30/10/2017;;;;;;;;;;;2;31/05/2017;;;;;;;;;;;;;15/11/2018;1;;;;;;;;;;;;;;
3;28/10/2017;;;;;;;;;;;3;1/04/2017;;;;;;;;;;;;;16/11/2018;1;;;;;;;;;;;;;;
2;27/10/2017;;;;;;;;;;;5;4/04/2017;;;;;;;;;;;;;18/11/2018;1;;;;;;;;;;;;;;
1;26/10/2017;;;;;;;;;;;1;5/04/2017;;;;;;;;;;;;;19/11/2018;1;;;;;;;;;;;;;;
2;25/10/2017;;;;;;;;;;;4;6/04/2017;;;;;;;;;;;;;20/11/2018;1;;;;;;;;;;;;;;
2;24/10/2017;;;;;;;;;;;4;7/04/2017;;;;;;;;;;;;;21/11/2018;1;;;;;;;;;;;;;;
1;23/10/2017;;;;;;;;;;;1;10/04/2017;;;;;;;;;;;;;22/11/2018;1;;;;;;;;;;;;;;
1;20/10/2017;;;;;;;;;;;1;12/04/2017;;;;;;;;;;;;;23/11/2018;1;;;;;;;;;;;;;;
2;19/10/2017;;;;;;;;;;;9;13/04/2017;;;;;;;;;;;;;24/11/2018;1;;;;;;;;;;;;;;
1;18/10/2017;;;;;;;;;;;1;16/04/2017;;;;;;;;;;;;;26/11/2018;1;;;;;;;;;;;;;;
1;17/10/2017;;;;;;;;;;;2;17/04/2017;;;;;;;;;;;;;27/11/2018;1;;;;;;;;;;;;;;
4;16/10/2017;;;;;;;;;;;2;18/04/2017;;;;;;;;;;;;;28/11/2018;1;;;;;;;;;;;;;;
3;13/10/2017;;;;;;;;;;;3;19/04/2017;;;;;;;;;;;;;30/11/2018;1;;;;;;;;;;;;;;
1;12/10/2017;;;;;;;;;;;9;20/04/2017;;;;;;;;;;;;;1/12/2018;1;;;;;;;;;;;;;;
1;11/10/2017;;;;;;;;;;;1;21/04/2017;;;;;;;;;;;;;4/12/2018;1;;;;;;;;;;;;;;
1;9/10/2017;;;;;;;;;;;1;24/04/2017;;;;;;;;;;;;;5/12/2018;1;;;;;;;;;;;;;;
1;8/10/2017;;;;;;;;;;;1;25/04/2017;;;;;;;;;;;;;6/12/2018;1;;;;;;;;;;;;;;
2;6/10/2017;;;;;;;;;;;2;26/04/2017;;;;;;;;;;;;;7/12/2018;1;;;;;;;;;;;;;;
1;5/10/2017;;;;;;;;;;;3;28/04/2017;;;;;;;;;;;;;11/12/2018;1;;;;;;;;;;;;;;
1;4/10/2017;;;;;;;;;;;2;1/03/2017;;;;;;;;;;;;;12/12/2018;1;;;;;;;;;;;;;;
3;3/10/2017;;;;;;;;;;;3;2/03/2017;;;;;;;;;;;;;13/12/2018;1;;;;;;;;;;;;;;
3;1/10/2017;;;;;;;;;;;3;3/03/2017;;;;;;;;;;;;;14/12/2018;1;;;;;;;;;;;;;;
5;28/09/2017;;;;;;;;;;;5;7/03/2017;;;;;;;;;;;;;15/12/2018;1;;;;;;;;;;;;;;
1;27/09/2017;;;;;;;;;;;4;8/03/2017;;;;;;;;;;;;;16/12/2018;1;;;;;;;;;;;;;;
2;22/09/2017;;;;;;;;;;;7;9/03/2017;;;;;;;;;;;;;17/12/2018;1;;;;;;;;;;;;;;
2;19/09/2017;;;;;;;;;;;5;12/03/2017;;;;;;;;;;;;;18/12/2018;1;;;;;;;;;;;;;;
1;18/09/2017;;;;;;;;;;;5;13/03/2017;;;;;;;;;;;;;19/12/2018;1;;;;;;;;;;;;;;
1;17/09/2017;;;;;;;;;;;2;14/03/2017;;;;;;;;;;;;;20/12/2018;1;;;;;;;;;;;;;;
1;14/09/2017;;;;;;;;;;;2;15/03/2017;;;;;;;;;;;;;21/12/2018;1;;;;;;;;;;;;;;
2;13/09/2017;;;;;;;;;;;10;16/03/2017;;;;;;;;;;;;;26/12/2018;1;;;;;;;;;;;;;;
3;12/09/2017;;;;;;;;;;;4;17/03/2017;;;;;;;;;;;;;27/12/2018;1;;;;;;;;;;;;;;
1;11/09/2017;;;;;;;;;;;1;20/03/2017;;;;;;;;;;;;;28/12/2018;1;;;;;;;;;;;;;;
2;7/09/2017;;;;;;;;;;;6;21/03/2017;;;;;;;;;;;;;30/12/2018;1;;;;;;;;;;;;;;
2;6/09/2017;;;;;;;;;;;2;22/03/2017;;;;;;;;;;;;;31/12/2018;1;;;;;;;;;;;;;;
3;5/09/2017;;;;;;;;;;;2;24/03/2017;;;;;;;;;;;;;1/01/2019;1;;;;;;;;;;;;;;
1;1/09/2017;;;;;;;;;;;6;25/03/2017;;;;;;;;;;;;;2/01/2019;1;;;;;;;;;;;;;;
3;31/08/2017;;;;;;;;;;;4;27/03/2017;;;;;;;;;;;;;3/01/2019;1;;;;;;;;;;;;;;
1;30/08/2017;;;;;;;;;;;2;28/03/2017;;;;;;;;;;;;;4/01/2019;1;;;;;;;;;;;;;;
1;29/08/2017;;;;;;;;;;;1;29/03/2017;;;;;;;;;;;;;7/01/2019;1;;;;;;;;;;;;;;
3;28/08/2017;;;;;;;;;;;9;30/03/2017;;;;;;;;;;;;;8/01/2019;1;;;;;;;;;;;;;;
2;27/08/2017;;;;;;;;;;;2;1/02/2017;;;;;;;;;;;;;9/01/2019;1;;;;;;;;;;;;;;
1;26/08/2017;;;;;;;;;;;1;2/02/2017;;;;;;;;;;;;;11/01/2019;1;;;;;;;;;;;;;;
3;25/08/2017;;;;;;;;;;;1;3/02/2017;;;;;;;;;;;;;12/01/2019;1;;;;;;;;;;;;;;
9;24/08/2017;;;;;;;;;;;1;5/02/2017;;;;;;;;;;;;;13/01/2019;1;;;;;;;;;;;;;;
2;23/08/2017;;;;;;;;;;;1;6/02/2017;;;;;;;;;;;;;15/01/2019;1;;;;;;;;;;;;;;
1;22/08/2017;;;;;;;;;;;1;7/02/2017;;;;;;;;;;;;;16/01/2019;1;;;;;;;;;;;;;;
1;21/08/2017;;;;;;;;;;;2;8/02/2017;;;;;;;;;;;;;23/01/2019;1;;;;;;;;;;;;;;
1;18/08/2017;;;;;;;;;;;9;9/02/2017;;;;;;;;;;;;;25/01/2019;1;;;;;;;;;;;;;;
6;17/08/2017;;;;;;;;;;;3;10/02/2017;;;;;;;;;;;;;28/01/2019;1;;;;;;;;;;;;;;
1;16/08/2017;;;;;;;;;;;2;11/02/2017;;;;;;;;;;;;;29/01/2019;1;;;;;;;;;;;;;;
4;14/08/2017;;;;;;;;;;;1;12/02/2017;;;;;;;;;;;;;30/01/2019;1;;;;;;;;;;;;;;
4;10/08/2017;;;;;;;;;;;7;13/02/2017;;;;;;;;;;;;;31/01/2019;1;;;;;;;;;;;;;;
1;9/08/2017;;;;;;;;;;;2;14/02/2017;;;;;;;;;;;;;4/02/2019;1;;;;;;;;;;;;;;
5;8/08/2017;;;;;;;;;;;2;15/02/2017;;;;;;;;;;;;;5/02/2019;1;;;;;;;;;;;;;;
2;4/08/2017;;;;;;;;;;;6;16/02/2017;;;;;;;;;;;;;6/02/2019;1;;;;;;;;;;;;;;
1;3/08/2017;;;;;;;;;;;1;17/02/2017;;;;;;;;;;;;;8/02/2019;1;;;;;;;;;;;;;;
2;2/08/2017;;;;;;;;;;;2;18/02/2017;;;;;;;;;;;;;9/02/2019;1;;;;;;;;;;;;;;
2;29/07/2017;;;;;;;;;;;2;19/02/2017;;;;;;;;;;;;;12/02/2019;1;;;;;;;;;;;;;;
4;28/07/2017;;;;;;;;;;;2;20/02/2017;;;;;;;;;;;;;13/02/2019;1;;;;;;;;;;;;;;
1;27/07/2017;;;;;;;;;;;2;22/02/2017;;;;;;;;;;;;;14/02/2019;1;;;;;;;;;;;;;;
2;26/07/2017;;;;;;;;;;;2;24/02/2017;;;;;;;;;;;;;15/02/2019;1;;;;;;;;;;;;;;
1;25/07/2017;;;;;;;;;;;1;25/02/2017;;;;;;;;;;;;;18/02/2019;1;;;;;;;;;;;;;;
2;24/07/2017;;;;;;;;;;;2;28/02/2017;;;;;;;;;;;;;19/02/2019;1;;;;;;;;;;;;;;
3;21/07/2017;;;;;;;;;;;1;2/01/2017;;;;;;;;;;;;;20/02/2019;1;;;;;;;;;;;;;;
3;20/07/2017;;;;;;;;;;;1;4/01/2017;;;;;;;;;;;;;21/02/2019;1;;;;;;;;;;;;;;
1;19/07/2017;;;;;;;;;;;1;5/01/2017;;;;;;;;;;;;;22/02/2019;1;;;;;;;;;;;;;;
2;18/07/2017;;;;;;;;;;;2;6/01/2017;;;;;;;;;;;;;25/02/2019;1;;;;;;;;;;;;;;
3;14/07/2017;;;;;;;;;;;4;9/01/2017;;;;;;;;;;;;;26/02/2019;1;;;;;;;;;;;;;;
9;13/07/2017;;;;;;;;;;;4;10/01/2017;;;;;;;;;;;;;27/02/2019;1;;;;;;;;;;;;;;
1;12/07/2017;;;;;;;;;;;2;11/01/2017;;;;;;;;;;;;;28/02/2019;1;;;;;;;;;;;;;;
1;11/07/2017;;;;;;;;;;;6;12/01/2017;;;;;;;;;;;;;1/03/2019;1;;;;;;;;;;;;;;
2;10/07/2017;;;;;;;;;;;4;13/01/2017;;;;;;;;;;;;;2/03/2019;1;;;;;;;;;;;;;;
1;5/07/2017;;;;;;;;;;;5;16/01/2017;;;;;;;;;;;;;5/03/2019;1;;;;;;;;;;;;;;
2;4/07/2017;;;;;;;;;;;1;17/01/2017;;;;;;;;;;;;;6/03/2019;1;;;;;;;;;;;;;;
5;3/07/2017;;;;;;;;;;;2;18/01/2017;;;;;;;;;;;;;7/03/2019;1;;;;;;;;;;;;;;
3;30/06/2017;;;;;;;;;;;9;19/01/2017;;;;;;;;;;;;;8/03/2019;1;;;;;;;;;;;;;;
2;29/06/2017;;;;;;;;;;;1;20/01/2017;;;;;;;;;;;;;11/03/2019;1;;;;;;;;;;;;;;
1;28/06/2017;;;;;;;;;;;1;24/01/2017;;;;;;;;;;;;;13/03/2019;1;;;;;;;;;;;;;;
2;27/06/2017;;;;;;;;;;;2;25/01/2017;;;;;;;;;;;;;14/03/2019;1;;;;;;;;;;;;;;
2;26/06/2017;;;;;;;;;;;4;26/01/2017;;;;;;;;;;;;;15/03/2019;1;;;;;;;;;;;;;;
3;24/06/2017;;;;;;;;;;;2;27/01/2017;;;;;;;;;;;;;16/03/2019;1;;;;;;;;;;;;;;
5;22/06/2017;;;;;;;;;;;1;29/01/2017;;;;;;;;;;;;;19/03/2019;1;;;;;;;;;;;;;;
1;21/06/2017;;;;;;;;;;;1;30/01/2017;;;;;;;;;;;;;20/03/2019;1;;;;;;;;;;;;;;
3;19/06/2017;;;;;;;;;;;5;31/01/2017;;;;;;;;;;;;;22/03/2019;1;;;;;;;;;;;;;;
1;16/06/2017;;;;;;;;;;;1;2/12/2016;;;;;;;;;;;;;27/03/2019;1;;;;;;;;;;;;;;
1;15/06/2017;;;;;;;;;;;2;5/12/2016;;;;;;;;;;;;;28/03/2019;1;;;;;;;;;;;;;;
2;14/06/2017;;;;;;;;;;;2;6/12/2016;;;;;;;;;;;;;29/03/2019;1;;;;;;;;;;;;;;
2;13/06/2017;;;;;;;;;;;2;7/12/2016;;;;;;;;;;;;;30/03/2019;1;;;;;;;;;;;;;;
3;12/06/2017;;;;;;;;;;;7;9/12/2016;;;;;;;;;;;;;2/04/2019;1;;;;;;;;;;;;;;
6;9/06/2017;;;;;;;;;;;2;11/12/2016;;;;;;;;;;;;;3/04/2019;1;;;;;;;;;;;;;;
1;8/06/2017;;;;;;;;;;;6;12/12/2016;;;;;;;;;;;;;4/04/2019;1;;;;;;;;;;;;;;
1;7/06/2017;;;;;;;;;;;2;13/12/2016;;;;;;;;;;;;;5/04/2019;1;;;;;;;;;;;;;;
1;6/06/2017;;;;;;;;;;;3;14/12/2016;;;;;;;;;;;;;8/04/2019;1;;;;;;;;;;;;;;
4;5/06/2017;;;;;;;;;;;2;15/12/2016;;;;;;;;;;;;;10/04/2019;1;;;;;;;;;;;;;;
1;3/06/2017;;;;;;;;;;;1;16/12/2016;;;;;;;;;;;;;12/04/2019;1;;;;;;;;;;;;;;
1;1/06/2017;;;;;;;;;;;1;18/12/2016;;;;;;;;;;;;;13/04/2019;1;;;;;;;;;;;;;;
2;31/05/2017;;;;;;;;;;;1;19/12/2016;;;;;;;;;;;;;15/04/2019;1;;;;;;;;;;;;;;
6;30/05/2017;;;;;;;;;;;5;20/12/2016;;;;;;;;;;;;;16/04/2019;1;;;;;;;;;;;;;;
3;29/05/2017;;;;;;;;;;;4;21/12/2016;;;;;;;;;;;;;17/04/2019;1;;;;;;;;;;;;;;
1;28/05/2017;;;;;;;;;;;3;22/12/2016;;;;;;;;;;;;;22/04/2019;1;;;;;;;;;;;;;;
10;25/05/2017;;;;;;;;;;;3;23/12/2016;;;;;;;;;;;;;24/04/2019;1;;;;;;;;;;;;;;
1;24/05/2017;;;;;;;;;;;2;28/12/2016;;;;;;;;;;;;;25/04/2019;1;;;;;;;;;;;;;;
1;23/05/2017;;;;;;;;;;;1;29/12/2016;;;;;;;;;;;;;26/04/2019;1;;;;;;;;;;;;;;
2;22/05/2017;;;;;;;;;;;1;1/11/2016;;;;;;;;;;;;;29/04/2019;1;;;;;;;;;;;;;;
2;18/05/2017;;;;;;;;;;;6;2/11/2016;;;;;;;;;;;;;30/04/2019;1;;;;;;;;;;;;;;
1;17/05/2017;;;;;;;;;;;9;3/11/2016;;;;;;;;;;;;;1/05/2019;1;;;;;;;;;;;;;;
4;16/05/2017;;;;;;;;;;;8;4/11/2016;;;;;;;;;;;;;2/05/2019;1;;;;;;;;;;;;;;
2;12/05/2017;;;;;;;;;;;3;7/11/2016;;;;;;;;;;;;;3/05/2019;1;;;;;;;;;;;;;;
5;11/05/2017;;;;;;;;;;;2;8/11/2016;;;;;;;;;;;;;5/05/2019;1;;;;;;;;;;;;;;
2;10/05/2017;;;;;;;;;;;2;9/11/2016;;;;;;;;;;;;;7/05/2019;1;;;;;;;;;;;;;;
4;9/05/2017;;;;;;;;;;;2;11/11/2016;;;;;;;;;;;;;8/05/2019;1;;;;;;;;;;;;;;
2;4/05/2017;;;;;;;;;;;5;14/11/2016;;;;;;;;;;;;;10/05/2019;1;;;;;;;;;;;;;;
3;3/05/2017;;;;;;;;;;;4;17/11/2016;;;;;;;;;;;;;11/05/2019;1;;;;;;;;;;;;;;
1;2/05/2017;;;;;;;;;;;7;18/11/2016;;;;;;;;;;;;;13/05/2019;1;;;;;;;;;;;;;;
1;1/05/2017;;;;;;;;;;;12;19/11/2016;;;;;;;;;;;;;14/05/2019;1;;;;;;;;;;;;;;
3;28/04/2017;;;;;;;;;;;9;20/11/2016;;;;;;;;;;;;;15/05/2019;1;;;;;;;;;;;;;;
2;26/04/2017;;;;;;;;;;;2;21/11/2016;;;;;;;;;;;;;16/05/2019;1;;;;;;;;;;;;;;
1;25/04/2017;;;;;;;;;;;1;22/11/2016;;;;;;;;;;;;;21/05/2019;1;;;;;;;;;;;;;;
1;24/04/2017;;;;;;;;;;;4;24/11/2016;;;;;;;;;;;;;22/05/2019;1;;;;;;;;;;;;;;
1;21/04/2017;;;;;;;;;;;4;25/11/2016;;;;;;;;;;;;;23/05/2019;1;;;;;;;;;;;;;;
9;20/04/2017;;;;;;;;;;;1;26/11/2016;;;;;;;;;;;;;24/05/2019;1;;;;;;;;;;;;;;
3;19/04/2017;;;;;;;;;;;3;28/11/2016;;;;;;;;;;;;;26/05/2019;1;;;;;;;;;;;;;;
2;18/04/2017;;;;;;;;;;;6;29/11/2016;;;;;;;;;;;;;27/05/2019;1;;;;;;;;;;;;;;
2;17/04/2017;;;;;;;;;;;1;30/11/2016;;;;;;;;;;;;;28/05/2019;1;;;;;;;;;;;;;;
1;16/04/2017;;;;;;;;;;;3;9/10/2016;;;;;;;;;;;;;29/05/2019;1;;;;;;;;;;;;;;
9;13/04/2017;;;;;;;;;;;2;26/10/2016;;;;;;;;;;;;;30/05/2019;1;;;;;;;;;;;;;;
1;12/04/2017;;;;;;;;;;;2;27/10/2016;;;;;;;;;;;;;31/05/2019;1;;;;;;;;;;;;;;
1;10/04/2017;;;;;;;;;;;4;28/10/2016;;;;;;;;;;;;;3/06/2019;1;;;;;;;;;;;;;;
4;7/04/2017;;;;;;;;;;;7;29/10/2016;;;;;;;;;;;;;5/06/2019;1;;;;;;;;;;;;;;
4;6/04/2017;;;;;;;;;;;2;31/10/2016;;;;;;;;;;;;;6/06/2019;1;;;;;;;;;;;;;;
1;5/04/2017;;;;;;;;;;;1;2/09/2016;;;;;;;;;;;;;7/06/2019;1;;;;;;;;;;;;;;
5;4/04/2017;;;;;;;;;;;1;6/09/2016;;;;;;;;;;;;;8/06/2019;1;;;;;;;;;;;;;;
3;1/04/2017;;;;;;;;;;;2;8/09/2016;;;;;;;;;;;;;12/06/2019;1;;;;;;;;;;;;;;
9;30/03/2017;;;;;;;;;;;3;9/09/2016;;;;;;;;;;;;;13/06/2019;1;;;;;;;;;;;;;;
1;29/03/2017;;;;;;;;;;;3;12/09/2016;;;;;;;;;;;;;17/06/2019;1;;;;;;;;;;;;;;
2;28/03/2017;;;;;;;;;;;4;13/09/2016;;;;;;;;;;;;;19/06/2019;1;;;;;;;;;;;;;;
4;27/03/2017;;;;;;;;;;;1;25/09/2016;;;;;;;;;;;;;20/06/2019;1;;;;;;;;;;;;;;
6;25/03/2017;;;;;;;;;;;2;26/09/2016;;;;;;;;;;;;;21/06/2019;1;;;;;;;;;;;;;;
2;24/03/2017;;;;;;;;;;;1;27/09/2016;;;;;;;;;;;;;24/06/2019;1;;;;;;;;;;;;;;
2;22/03/2017;;;;;;;;;;;5;8/08/2016;;;;;;;;;;;;;25/06/2019;1;;;;;;;;;;;;;;
6;21/03/2017;;;;;;;;;;;1;9/08/2016;;;;;;;;;;;;;26/06/2019;1;;;;;;;;;;;;;;
1;20/03/2017;;;;;;;;;;;2;10/08/2016;;;;;;;;;;;;;27/06/2019;1;;;;;;;;;;;;;;
4;17/03/2017;;;;;;;;;;;1;11/08/2016;;;;;;;;;;;;;28/06/2019;1;;;;;;;;;;;;;;
10;16/03/2017;;;;;;;;;;;3;13/08/2016;;;;;;;;;;;;;29/06/2019;1;;;;;;;;;;;;;;
2;15/03/2017;;;;;;;;;;;1;14/08/2016;;;;;;;;;;;;;2/07/2019;1;;;;;;;;;;;;;;
2;14/03/2017;;;;;;;;;;;1;17/08/2016;;;;;;;;;;;;;3/07/2019;1;;;;;;;;;;;;;;
5;13/03/2017;;;;;;;;;;;2;22/08/2016;;;;;;;;;;;;;4/07/2019;1;;;;;;;;;;;;;;
5;12/03/2017;;;;;;;;;;;3;23/08/2016;;;;;;;;;;;;;5/07/2019;1;;;;;;;;;;;;;;
7;9/03/2017;;;;;;;;;;;4;27/08/2016;;;;;;;;;;;;;6/07/2019;1;;;;;;;;;;;;;;
4;8/03/2017;;;;;;;;;;;3;28/08/2016;;;;;;;;;;;;;8/07/2019;1;;;;;;;;;;;;;;
5;7/03/2017;;;;;;;;;;;9;1/07/2016;;;;;;;;;;;;;9/07/2019;1;;;;;;;;;;;;;;
3;3/03/2017;;;;;;;;;;;3;2/07/2016;;;;;;;;;;;;;10/07/2019;1;;;;;;;;;;;;;;
3;2/03/2017;;;;;;;;;;;1;3/07/2016;;;;;;;;;;;;;11/07/2019;1;;;;;;;;;;;;;;
2;1/03/2017;;;;;;;;;;;1;4/07/2016;;;;;;;;;;;;;16/07/2019;1;;;;;;;;;;;;;;
2;28/02/2017;;;;;;;;;;;1;6/07/2016;;;;;;;;;;;;;17/07/2019;1;;;;;;;;;;;;;;
1;25/02/2017;;;;;;;;;;;1;7/07/2016;;;;;;;;;;;;;18/07/2019;1;;;;;;;;;;;;;;
2;24/02/2017;;;;;;;;;;;4;8/07/2016;;;;;;;;;;;;;19/07/2019;1;;;;;;;;;;;;;;
2;22/02/2017;;;;;;;;;;;1;9/07/2016;;;;;;;;;;;;;22/07/2019;1;;;;;;;;;;;;;;
2;20/02/2017;;;;;;;;;;;1;11/07/2016;;;;;;;;;;;;;23/07/2019;1;;;;;;;;;;;;;;
2;19/02/2017;;;;;;;;;;;1;12/07/2016;;;;;;;;;;;;;24/07/2019;1;;;;;;;;;;;;;;
2;18/02/2017;;;;;;;;;;;3;13/07/2016;;;;;;;;;;;;;25/07/2019;1;;;;;;;;;;;;;;
1;17/02/2017;;;;;;;;;;;1;14/07/2016;;;;;;;;;;;;;26/07/2019;1;;;;;;;;;;;;;;
6;16/02/2017;;;;;;;;;;;1;15/07/2016;;;;;;;;;;;;;27/07/2019;1;;;;;;;;;;;;;;
2;15/02/2017;;;;;;;;;;;2;16/07/2016;;;;;;;;;;;;;28/07/2019;1;;;;;;;;;;;;;;
2;14/02/2017;;;;;;;;;;;1;17/07/2016;;;;;;;;;;;;;29/07/2019;1;;;;;;;;;;;;;;
7;13/02/2017;;;;;;;;;;;2;18/07/2016;;;;;;;;;;;;;31/07/2019;1;;;;;;;;;;;;;;
1;12/02/2017;;;;;;;;;;;5;19/07/2016;;;;;;;;;;;;;1/08/2019;1;;;;;;;;;;;;;;
2;11/02/2017;;;;;;;;;;;5;20/07/2016;;;;;;;;;;;;;2/08/2019;1;;;;;;;;;;;;;;
3;10/02/2017;;;;;;;;;;;3;21/07/2016;;;;;;;;;;;;;4/08/2019;1;;;;;;;;;;;;;;
9;9/02/2017;;;;;;;;;;;3;22/07/2016;;;;;;;;;;;;;5/08/2019;1;;;;;;;;;;;;;;
2;8/02/2017;;;;;;;;;;;4;23/07/2016;;;;;;;;;;;;;6/08/2019;1;;;;;;;;;;;;;;
1;7/02/2017;;;;;;;;;;;1;24/07/2016;;;;;;;;;;;;;7/08/2019;1;;;;;;;;;;;;;;
1;6/02/2017;;;;;;;;;;;3;27/07/2016;;;;;;;;;;;;;9/08/2019;1;;;;;;;;;;;;;;
1;5/02/2017;;;;;;;;;;;9;28/07/2016;;;;;;;;;;;;;11/08/2019;1;;;;;;;;;;;;;;
1;3/02/2017;;;;;;;;;;;1;29/07/2016;;;;;;;;;;;;;13/08/2019;1;;;;;;;;;;;;;;
1;2/02/2017;;;;;;;;;;;5;1/06/2016;;;;;;;;;;;;;14/08/2019;1;;;;;;;;;;;;;;
2;1/02/2017;;;;;;;;;;;3;2/06/2016;;;;;;;;;;;;;15/08/2019;1;;;;;;;;;;;;;;
5;31/01/2017;;;;;;;;;;;2;7/06/2016;;;;;;;;;;;;;16/08/2019;1;;;;;;;;;;;;;;
1;30/01/2017;;;;;;;;;;;2;8/06/2016;;;;;;;;;;;;;18/08/2019;1;;;;;;;;;;;;;;
1;29/01/2017;;;;;;;;;;;1;9/06/2016;;;;;;;;;;;;;21/08/2019;1;;;;;;;;;;;;;;
2;27/01/2017;;;;;;;;;;;1;12/06/2016;;;;;;;;;;;;;22/08/2019;1;;;;;;;;;;;;;;
4;26/01/2017;;;;;;;;;;;2;14/06/2016;;;;;;;;;;;;;23/08/2019;1;;;;;;;;;;;;;;
2;25/01/2017;;;;;;;;;;;1;20/06/2016;;;;;;;;;;;;;26/08/2019;1;;;;;;;;;;;;;;
1;24/01/2017;;;;;;;;;;;1;21/06/2016;;;;;;;;;;;;;27/08/2019;1;;;;;;;;;;;;;;
1;20/01/2017;;;;;;;;;;;1;22/06/2016;;;;;;;;;;;;;28/08/2019;1;;;;;;;;;;;;;;
9;19/01/2017;;;;;;;;;;;2;23/06/2016;;;;;;;;;;;;;29/08/2019;1;;;;;;;;;;;;;;
2;18/01/2017;;;;;;;;;;;1;24/06/2016;;;;;;;;;;;;;30/08/2019;1;;;;;;;;;;;;;;
1;17/01/2017;;;;;;;;;;;1;25/06/2016;;;;;;;;;;;;;3/09/2019;1;;;;;;;;;;;;;;
5;16/01/2017;;;;;;;;;;;2;26/06/2016;;;;;;;;;;;;;4/09/2019;1;;;;;;;;;;;;;;
4;13/01/2017;;;;;;;;;;;2;27/06/2016;;;;;;;;;;;;;6/09/2019;1;;;;;;;;;;;;;;
6;12/01/2017;;;;;;;;;;;2;28/06/2016;;;;;;;;;;;;;9/09/2019;1;;;;;;;;;;;;;;
2;11/01/2017;;;;;;;;;;;7;30/06/2016;;;;;;;;;;;;;11/09/2019;1;;;;;;;;;;;;;;
4;10/01/2017;;;;;;;;;;;1;2/05/2016;;;;;;;;;;;;;14/09/2019;1;;;;;;;;;;;;;;
4;9/01/2017;;;;;;;;;;;1;3/05/2016;;;;;;;;;;;;;15/09/2019;1;;;;;;;;;;;;;;
2;6/01/2017;;;;;;;;;;;2;4/05/2016;;;;;;;;;;;;;16/09/2019;1;;;;;;;;;;;;;;
1;5/01/2017;;;;;;;;;;;1;5/05/2016;;;;;;;;;;;;;18/09/2019;1;;;;;;;;;;;;;;
1;4/01/2017;;;;;;;;;;;5;6/05/2016;;;;;;;;;;;;;19/09/2019;1;;;;;;;;;;;;;;
1;2/01/2017;;;;;;;;;;;7;7/05/2016;;;;;;;;;;;;;22/09/2019;1;;;;;;;;;;;;;;
1;29/12/2016;;;;;;;;;;;1;9/05/2016;;;;;;;;;;;;;23/09/2019;1;;;;;;;;;;;;;;
2;28/12/2016;;;;;;;;;;;1;11/05/2016;;;;;;;;;;;;;24/09/2019;1;;;;;;;;;;;;;;
3;23/12/2016;;;;;;;;;;;3;12/05/2016;;;;;;;;;;;;;26/09/2019;1;;;;;;;;;;;;;;
3;22/12/2016;;;;;;;;;;;2;13/05/2016;;;;;;;;;;;;;27/09/2019;1;;;;;;;;;;;;;;
4;21/12/2016;;;;;;;;;;;4;14/05/2016;;;;;;;;;;;;;29/09/2019;1;;;;;;;;;;;;;;
5;20/12/2016;;;;;;;;;;;1;15/05/2016;;;;;;;;;;;;;3/10/2019;1;;;;;;;;;;;;;;
1;19/12/2016;;;;;;;;;;;2;16/05/2016;;;;;;;;;;;;;4/10/2019;1;;;;;;;;;;;;;;
1;18/12/2016;;;;;;;;;;;1;17/05/2016;;;;;;;;;;;;;5/10/2019;1;;;;;;;;;;;;;;
1;16/12/2016;;;;;;;;;;;2;18/05/2016;;;;;;;;;;;;;7/10/2019;1;;;;;;;;;;;;;;
2;15/12/2016;;;;;;;;;;;1;19/05/2016;;;;;;;;;;;;;8/10/2019;1;;;;;;;;;;;;;;
3;14/12/2016;;;;;;;;;;;1;21/05/2016;;;;;;;;;;;;;9/10/2019;1;;;;;;;;;;;;;;
2;13/12/2016;;;;;;;;;;;3;24/05/2016;;;;;;;;;;;;;10/10/2019;1;;;;;;;;;;;;;;
6;12/12/2016;;;;;;;;;;;1;25/05/2016;;;;;;;;;;;;;11/10/2019;1;;;;;;;;;;;;;;
2;11/12/2016;;;;;;;;;;;2;26/05/2016;;;;;;;;;;;;;13/10/2019;1;;;;;;;;;;;;;;
7;9/12/2016;;;;;;;;;;;3;27/05/2016;;;;;;;;;;;;;14/10/2019;1;;;;;;;;;;;;;;
2;7/12/2016;;;;;;;;;;;1;28/05/2016;;;;;;;;;;;;;15/10/2019;1;;;;;;;;;;;;;;
2;6/12/2016;;;;;;;;;;;2;30/05/2016;;;;;;;;;;;;;16/10/2019;1;;;;;;;;;;;;;;
2;5/12/2016;;;;;;;;;;;3;31/05/2016;;;;;;;;;;;;;17/10/2019;1;;;;;;;;;;;;;;
1;2/12/2016;;;;;;;;;;;3;1/04/2016;;;;;;;;;;;;;18/10/2019;1;;;;;;;;;;;;;;
1;30/11/2016;;;;;;;;;;;2;2/04/2016;;;;;;;;;;;;;22/10/2019;1;;;;;;;;;;;;;;
6;29/11/2016;;;;;;;;;;;2;3/04/2016;;;;;;;;;;;;;23/10/2019;1;;;;;;;;;;;;;;
3;28/11/2016;;;;;;;;;;;2;4/04/2016;;;;;;;;;;;;;25/10/2019;1;;;;;;;;;;;;;;
1;26/11/2016;;;;;;;;;;;7;5/04/2016;;;;;;;;;;;;;26/10/2019;1;;;;;;;;;;;;;;
4;25/11/2016;;;;;;;;;;;4;6/04/2016;;;;;;;;;;;;;30/10/2019;1;;;;;;;;;;;;;;
4;24/11/2016;;;;;;;;;;;1;7/04/2016;;;;;;;;;;;;;5/11/2019;1;;;;;;;;;;;;;;
1;22/11/2016;;;;;;;;;;;4;8/04/2016;;;;;;;;;;;;;6/11/2019;1;;;;;;;;;;;;;;
2;21/11/2016;;;;;;;;;;;1;9/04/2016;;;;;;;;;;;;;7/11/2019;1;;;;;;;;;;;;;;
9;20/11/2016;;;;;;;;;;;2;11/04/2016;;;;;;;;;;;;;12/11/2019;1;;;;;;;;;;;;;;
12;19/11/2016;;;;;;;;;;;5;12/04/2016;;;;;;;;;;;;;18/11/2019;1;;;;;;;;;;;;;;
7;18/11/2016;;;;;;;;;;;4;13/04/2016;;;;;;;;;;;;;20/11/2019;1;;;;;;;;;;;;;;
4;17/11/2016;;;;;;;;;;;3;14/04/2016;;;;;;;;;;;;;21/11/2019;1;;;;;;;;;;;;;;
5;14/11/2016;;;;;;;;;;;1;16/04/2016;;;;;;;;;;;;;22/11/2019;1;;;;;;;;;;;;;;
2;11/11/2016;;;;;;;;;;;1;17/04/2016;;;;;;;;;;;;;23/11/2019;1;;;;;;;;;;;;;;
2;9/11/2016;;;;;;;;;;;4;19/04/2016;;;;;;;;;;;;;26/11/2019;1;;;;;;;;;;;;;;
2;8/11/2016;;;;;;;;;;;2;20/04/2016;;;;;;;;;;;;;27/11/2019;1;;;;;;;;;;;;;;
3;7/11/2016;;;;;;;;;;;9;21/04/2016;;;;;;;;;;;;;28/11/2019;1;;;;;;;;;;;;;;
8;4/11/2016;;;;;;;;;;;6;22/04/2016;;;;;;;;;;;;;29/11/2019;1;;;;;;;;;;;;;;
9;3/11/2016;;;;;;;;;;;3;23/04/2016;;;;;;;;;;;;;2/12/2019;1;;;;;;;;;;;;;;
6;2/11/2016;;;;;;;;;;;3;25/04/2016;;;;;;;;;;;;;3/12/2019;1;;;;;;;;;;;;;;
1;1/11/2016;;;;;;;;;;;1;26/04/2016;;;;;;;;;;;;;4/12/2019;1;;;;;;;;;;;;;;
2;31/10/2016;;;;;;;;;;;1;27/04/2016;;;;;;;;;;;;;5/12/2019;1;;;;;;;;;;;;;;
7;29/10/2016;;;;;;;;;;;2;28/04/2016;;;;;;;;;;;;;6/12/2019;1;;;;;;;;;;;;;;
4;28/10/2016;;;;;;;;;;;2;29/04/2016;;;;;;;;;;;;;7/12/2019;1;;;;;;;;;;;;;;
2;27/10/2016;;;;;;;;;;;2;1/03/2016;;;;;;;;;;;;;8/12/2019;1;;;;;;;;;;;;;;
2;26/10/2016;;;;;;;;;;;2;2/03/2016;;;;;;;;;;;;;9/12/2019;1;;;;;;;;;;;;;;
3;9/10/2016;;;;;;;;;;;1;4/03/2016;;;;;;;;;;;;;10/12/2019;1;;;;;;;;;;;;;;
1;27/09/2016;;;;;;;;;;;1;6/03/2016;;;;;;;;;;;;;11/12/2019;1;;;;;;;;;;;;;;
2;26/09/2016;;;;;;;;;;;1;10/03/2016;;;;;;;;;;;;;12/12/2019;1;;;;;;;;;;;;;;
1;25/09/2016;;;;;;;;;;;1;13/03/2016;;;;;;;;;;;;;13/12/2019;1;;;;;;;;;;;;;;
4;13/09/2016;;;;;;;;;;;8;14/03/2016;;;;;;;;;;;;;14/12/2019;1;;;;;;;;;;;;;;
3;12/09/2016;;;;;;;;;;;1;15/03/2016;;;;;;;;;;;;;16/12/2019;1;;;;;;;;;;;;;;
3;9/09/2016;;;;;;;;;;;1;16/03/2016;;;;;;;;;;;;;17/12/2019;1;;;;;;;;;;;;;;
2;8/09/2016;;;;;;;;;;;2;18/03/2016;;;;;;;;;;;;;18/12/2019;1;;;;;;;;;;;;;;
1;6/09/2016;;;;;;;;;;;4;19/03/2016;;;;;;;;;;;;;19/12/2019;1;;;;;;;;;;;;;;
1;2/09/2016;;;;;;;;;;;1;20/03/2016;;;;;;;;;;;;;20/12/2019;1;;;;;;;;;;;;;;
3;28/08/2016;;;;;;;;;;;1;21/03/2016;;;;;;;;;;;;;21/12/2019;1;;;;;;;;;;;;;;
4;27/08/2016;;;;;;;;;;;6;22/03/2016;;;;;;;;;;;;;23/12/2019;1;;;;;;;;;;;;;;
3;23/08/2016;;;;;;;;;;;5;23/03/2016;;;;;;;;;;;;;27/12/2019;1;;;;;;;;;;;;;;
2;22/08/2016;;;;;;;;;;;1;24/03/2016;;;;;;;;;;;;;8/01/2020;1;;;;;;;;;;;;;;
1;17/08/2016;;;;;;;;;;;3;28/03/2016;;;;;;;;;;;;;9/01/2020;1;;;;;;;;;;;;;;
1;14/08/2016;;;;;;;;;;;4;29/03/2016;;;;;;;;;;;;;13/01/2020;1;;;;;;;;;;;;;;
3;13/08/2016;;;;;;;;;;;5;30/03/2016;;;;;;;;;;;;;14/01/2020;1;;;;;;;;;;;;;;
1;11/08/2016;;;;;;;;;;;5;31/03/2016;;;;;;;;;;;;;15/01/2020;1;;;;;;;;;;;;;;
2;10/08/2016;;;;;;;;;;;3;1/02/2016;;;;;;;;;;;;;21/01/2020;1;;;;;;;;;;;;;;
1;9/08/2016;;;;;;;;;;;3;2/02/2016;;;;;;;;;;;;;22/01/2020;1;;;;;;;;;;;;;;
5;8/08/2016;;;;;;;;;;;2;3/02/2016;;;;;;;;;;;;;27/01/2020;1;;;;;;;;;;;;;;
1;29/07/2016;;;;;;;;;;;1;4/02/2016;;;;;;;;;;;;;28/01/2020;1;;;;;;;;;;;;;;
9;28/07/2016;;;;;;;;;;;1;7/02/2016;;;;;;;;;;;;;29/01/2020;1;;;;;;;;;;;;;;
3;27/07/2016;;;;;;;;;;;1;10/02/2016;;;;;;;;;;;;;31/01/2020;1;;;;;;;;;;;;;;
1;24/07/2016;;;;;;;;;;;1;11/02/2016;;;;;;;;;;;;;2/02/2020;1;;;;;;;;;;;;;;
4;23/07/2016;;;;;;;;;;;1;16/02/2016;;;;;;;;;;;;;3/02/2020;1;;;;;;;;;;;;;;
3;22/07/2016;;;;;;;;;;;4;18/02/2016;;;;;;;;;;;;;5/02/2020;1;;;;;;;;;;;;;;
3;21/07/2016;;;;;;;;;;;2;20/02/2016;;;;;;;;;;;;;6/02/2020;1;;;;;;;;;;;;;;
5;20/07/2016;;;;;;;;;;;1;21/02/2016;;;;;;;;;;;;;7/02/2020;1;;;;;;;;;;;;;;
5;19/07/2016;;;;;;;;;;;4;23/02/2016;;;;;;;;;;;;;10/02/2020;1;;;;;;;;;;;;;;
2;18/07/2016;;;;;;;;;;;1;24/02/2016;;;;;;;;;;;;;11/02/2020;1;;;;;;;;;;;;;;
1;17/07/2016;;;;;;;;;;;1;27/02/2016;;;;;;;;;;;;;12/02/2020;1;;;;;;;;;;;;;;
2;16/07/2016;;;;;;;;;;;2;29/02/2016;;;;;;;;;;;;;14/02/2020;1;;;;;;;;;;;;;;
1;15/07/2016;;;;;;;;;;;2;3/01/2016;;;;;;;;;;;;;18/02/2020;1;;;;;;;;;;;;;;
1;14/07/2016;;;;;;;;;;;1;4/01/2016;;;;;;;;;;;;;19/02/2020;1;;;;;;;;;;;;;;
3;13/07/2016;;;;;;;;;;;3;5/01/2016;;;;;;;;;;;;;20/02/2020;1;;;;;;;;;;;;;;
1;12/07/2016;;;;;;;;;;;1;6/01/2016;;;;;;;;;;;;;21/02/2020;1;;;;;;;;;;;;;;
1;11/07/2016;;;;;;;;;;;1;9/01/2016;;;;;;;;;;;;;25/02/2020;1;;;;;;;;;;;;;;
1;9/07/2016;;;;;;;;;;;1;11/01/2016;;;;;;;;;;;;;26/02/2020;1;;;;;;;;;;;;;;
4;8/07/2016;;;;;;;;;;;1;12/01/2016;;;;;;;;;;;;;27/02/2020;1;;;;;;;;;;;;;;
1;7/07/2016;;;;;;;;;;;1;13/01/2016;;;;;;;;;;;;;28/02/2020;1;;;;;;;;;;;;;;
1;6/07/2016;;;;;;;;;;;3;21/01/2016;;;;;;;;;;;;;1/03/2020;1;;;;;;;;;;;;;;
1;4/07/2016;;;;;;;;;;;1;23/01/2016;;;;;;;;;;;;;4/03/2020;1;;;;;;;;;;;;;;
1;3/07/2016;;;;;;;;;;;3;25/01/2016;;;;;;;;;;;;;5/03/2020;1;;;;;;;;;;;;;;
3;2/07/2016;;;;;;;;;;;3;27/01/2016;;;;;;;;;;;;;10/03/2020;1;;;;;;;;;;;;;;
9;1/07/2016;;;;;;;;;;;2;28/01/2016;;;;;;;;;;;;;11/03/2020;1;;;;;;;;;;;;;;
7;30/06/2016;;;;;;;;;;;3;29/01/2016;;;;;;;;;;;;;15/03/2020;1;;;;;;;;;;;;;;
2;28/06/2016;;;;;;;;;;;1;30/01/2016;;;;;;;;;;;;;16/03/2020;1;;;;;;;;;;;;;;
2;27/06/2016;;;;;;;;;;;1;31/01/2016;;;;;;;;;;;;;17/03/2020;1;;;;;;;;;;;;;;
2;26/06/2016;;;;;;;;;;;1;1/12/2015;;;;;;;;;;;;;18/03/2020;1;;;;;;;;;;;;;;
1;25/06/2016;;;;;;;;;;;1;2/12/2015;;;;;;;;;;;;;19/03/2020;1;;;;;;;;;;;;;;
1;24/06/2016;;;;;;;;;;;3;3/12/2015;;;;;;;;;;;;;20/03/2020;1;;;;;;;;;;;;;;
2;23/06/2016;;;;;;;;;;;2;4/12/2015;;;;;;;;;;;;;21/03/2020;1;;;;;;;;;;;;;;
1;22/06/2016;;;;;;;;;;;2;5/12/2015;;;;;;;;;;;;;22/03/2020;1;;;;;;;;;;;;;;
1;21/06/2016;;;;;;;;;;;3;7/12/2015;;;;;;;;;;;;;23/03/2020;1;;;;;;;;;;;;;;
1;20/06/2016;;;;;;;;;;;1;8/12/2015;;;;;;;;;;;;;24/03/2020;1;;;;;;;;;;;;;;
2;14/06/2016;;;;;;;;;;;3;9/12/2015;;;;;;;;;;;;;25/03/2020;1;;;;;;;;;;;;;;
1;12/06/2016;;;;;;;;;;;3;10/12/2015;;;;;;;;;;;;;26/03/2020;1;;;;;;;;;;;;;;
1;9/06/2016;;;;;;;;;;;5;11/12/2015;;;;;;;;;;;;;27/03/2020;1;;;;;;;;;;;;;;
2;8/06/2016;;;;;;;;;;;2;12/12/2015;;;;;;;;;;;;;30/03/2020;1;;;;;;;;;;;;;;
2;7/06/2016;;;;;;;;;;;1;13/12/2015;;;;;;;;;;;;;31/03/2020;1;;;;;;;;;;;;;;
3;2/06/2016;;;;;;;;;;;4;14/12/2015;;;;;;;;;;;;;1/04/2020;1;;;;;;;;;;;;;;
5;1/06/2016;;;;;;;;;;;3;15/12/2015;;;;;;;;;;;;;2/04/2020;1;;;;;;;;;;;;;;
3;31/05/2016;;;;;;;;;;;4;16/12/2015;;;;;;;;;;;;;3/04/2020;1;;;;;;;;;;;;;;
2;30/05/2016;;;;;;;;;;;1;17/12/2015;;;;;;;;;;;;;4/04/2020;1;;;;;;;;;;;;;;
1;28/05/2016;;;;;;;;;;;7;18/12/2015;;;;;;;;;;;;;6/04/2020;1;;;;;;;;;;;;;;
3;27/05/2016;;;;;;;;;;;3;19/12/2015;;;;;;;;;;;;;7/04/2020;1;;;;;;;;;;;;;;
2;26/05/2016;;;;;;;;;;;1;20/12/2015;;;;;;;;;;;;;8/04/2020;1;;;;;;;;;;;;;;
1;25/05/2016;;;;;;;;;;;4;21/12/2015;;;;;;;;;;;;;10/04/2020;1;;;;;;;;;;;;;;
3;24/05/2016;;;;;;;;;;;2;22/12/2015;;;;;;;;;;;;;11/04/2020;1;;;;;;;;;;;;;;
1;21/05/2016;;;;;;;;;;;2;23/12/2015;;;;;;;;;;;;;12/04/2020;1;;;;;;;;;;;;;;
1;19/05/2016;;;;;;;;;;;1;24/12/2015;;;;;;;;;;;;;13/04/2020;1;;;;;;;;;;;;;;
2;18/05/2016;;;;;;;;;;;4;28/12/2015;;;;;;;;;;;;;14/04/2020;1;;;;;;;;;;;;;;
1;17/05/2016;;;;;;;;;;;2;29/12/2015;;;;;;;;;;;;;15/04/2020;1;;;;;;;;;;;;;;
2;16/05/2016;;;;;;;;;;;7;30/12/2015;;;;;;;;;;;;;16/04/2020;1;;;;;;;;;;;;;;
1;15/05/2016;;;;;;;;;;;2;31/12/2015;;;;;;;;;;;;;18/04/2020;1;;;;;;;;;;;;;;
4;14/05/2016;;;;;;;;;;;1;1/11/2015;;;;;;;;;;;;;20/04/2020;1;;;;;;;;;;;;;;
2;13/05/2016;;;;;;;;;;;3;2/11/2015;;;;;;;;;;;;;21/04/2020;1;;;;;;;;;;;;;;
3;12/05/2016;;;;;;;;;;;4;3/11/2015;;;;;;;;;;;;;23/04/2020;1;;;;;;;;;;;;;;
1;11/05/2016;;;;;;;;;;;2;4/11/2015;;;;;;;;;;;;;26/04/2020;1;;;;;;;;;;;;;;
1;9/05/2016;;;;;;;;;;;3;5/11/2015;;;;;;;;;;;;;29/04/2020;1;;;;;;;;;;;;;;
7;7/05/2016;;;;;;;;;;;1;6/11/2015;;;;;;;;;;;;;1/05/2020;1;;;;;;;;;;;;;;
5;6/05/2016;;;;;;;;;;;2;7/11/2015;;;;;;;;;;;;;2/05/2020;1;;;;;;;;;;;;;;
1;5/05/2016;;;;;;;;;;;1;8/11/2015;;;;;;;;;;;;;5/05/2020;1;;;;;;;;;;;;;;
2;4/05/2016;;;;;;;;;;;1;9/11/2015;;;;;;;;;;;;;6/05/2020;1;;;;;;;;;;;;;;
1;3/05/2016;;;;;;;;;;;2;10/11/2015;;;;;;;;;;;;;7/05/2020;1;;;;;;;;;;;;;;
1;2/05/2016;;;;;;;;;;;2;11/11/2015;;;;;;;;;;;;;8/05/2020;1;;;;;;;;;;;;;;
2;29/04/2016;;;;;;;;;;;1;12/11/2015;;;;;;;;;;;;;13/05/2020;1;;;;;;;;;;;;;;
2;28/04/2016;;;;;;;;;;;2;16/11/2015;;;;;;;;;;;;;15/05/2020;1;;;;;;;;;;;;;;
1;27/04/2016;;;;;;;;;;;1;17/11/2015;;;;;;;;;;;;;16/05/2020;1;;;;;;;;;;;;;;
1;26/04/2016;;;;;;;;;;;1;18/11/2015;;;;;;;;;;;;;19/05/2020;1;;;;;;;;;;;;;;
3;25/04/2016;;;;;;;;;;;1;19/11/2015;;;;;;;;;;;;;20/05/2020;1;;;;;;;;;;;;;;
3;23/04/2016;;;;;;;;;;;3;20/11/2015;;;;;;;;;;;;;22/05/2020;1;;;;;;;;;;;;;;
6;22/04/2016;;;;;;;;;;;1;22/11/2015;;;;;;;;;;;;;24/05/2020;1;;;;;;;;;;;;;;
9;21/04/2016;;;;;;;;;;;1;24/11/2015;;;;;;;;;;;;;25/05/2020;1;;;;;;;;;;;;;;
2;20/04/2016;;;;;;;;;;;3;26/11/2015;;;;;;;;;;;;;26/05/2020;1;;;;;;;;;;;;;;
4;19/04/2016;;;;;;;;;;;1;1/10/2015;;;;;;;;;;;;;27/05/2020;1;;;;;;;;;;;;;;
1;17/04/2016;;;;;;;;;;;1;3/10/2015;;;;;;;;;;;;;30/05/2020;1;;;;;;;;;;;;;;
1;16/04/2016;;;;;;;;;;;2;4/10/2015;;;;;;;;;;;;;31/05/2020;1;;;;;;;;;;;;;;
3;14/04/2016;;;;;;;;;;;1;5/10/2015;;;;;;;;;;;;;3/06/2020;1;;;;;;;;;;;;;;
4;13/04/2016;;;;;;;;;;;2;6/10/2015;;;;;;;;;;;;;4/06/2020;1;;;;;;;;;;;;;;
5;12/04/2016;;;;;;;;;;;3;7/10/2015;;;;;;;;;;;;;5/06/2020;1;;;;;;;;;;;;;;
2;11/04/2016;;;;;;;;;;;3;8/10/2015;;;;;;;;;;;;;7/06/2020;1;;;;;;;;;;;;;;
1;9/04/2016;;;;;;;;;;;5;9/10/2015;;;;;;;;;;;;;9/06/2020;1;;;;;;;;;;;;;;
4;8/04/2016;;;;;;;;;;;1;10/10/2015;;;;;;;;;;;;;10/06/2020;1;;;;;;;;;;;;;;
1;7/04/2016;;;;;;;;;;;2;11/10/2015;;;;;;;;;;;;;12/06/2020;1;;;;;;;;;;;;;;
4;6/04/2016;;;;;;;;;;;1;12/10/2015;;;;;;;;;;;;;14/06/2020;1;;;;;;;;;;;;;;
7;5/04/2016;;;;;;;;;;;2;14/10/2015;;;;;;;;;;;;;15/06/2020;1;;;;;;;;;;;;;;
2;4/04/2016;;;;;;;;;;;2;15/10/2015;;;;;;;;;;;;;16/06/2020;1;;;;;;;;;;;;;;
2;3/04/2016;;;;;;;;;;;1;16/10/2015;;;;;;;;;;;;;17/06/2020;1;;;;;;;;;;;;;;
2;2/04/2016;;;;;;;;;;;1;17/10/2015;;;;;;;;;;;;;18/06/2020;1;;;;;;;;;;;;;;
3;1/04/2016;;;;;;;;;;;1;18/10/2015;;;;;;;;;;;;;19/06/2020;1;;;;;;;;;;;;;;
5;31/03/2016;;;;;;;;;;;2;19/10/2015;;;;;;;;;;;;;20/06/2020;1;;;;;;;;;;;;;;
5;30/03/2016;;;;;;;;;;;1;21/10/2015;;;;;;;;;;;;;24/06/2020;1;;;;;;;;;;;;;;
4;29/03/2016;;;;;;;;;;;2;22/10/2015;;;;;;;;;;;;;25/06/2020;1;;;;;;;;;;;;;;
3;28/03/2016;;;;;;;;;;;1;23/10/2015;;;;;;;;;;;;;30/06/2020;1;;;;;;;;;;;;;;
1;24/03/2016;;;;;;;;;;;2;24/10/2015;;;;;;;;;;;;;1/07/2020;1;;;;;;;;;;;;;;
5;23/03/2016;;;;;;;;;;;1;25/10/2015;;;;;;;;;;;;;3/07/2020;1;;;;;;;;;;;;;;
6;22/03/2016;;;;;;;;;;;1;26/10/2015;;;;;;;;;;;;;5/07/2020;1;;;;;;;;;;;;;;
1;21/03/2016;;;;;;;;;;;2;27/10/2015;;;;;;;;;;;;;6/07/2020;1;;;;;;;;;;;;;;
1;20/03/2016;;;;;;;;;;;2;28/10/2015;;;;;;;;;;;;;8/07/2020;1;;;;;;;;;;;;;;
4;19/03/2016;;;;;;;;;;;1;29/10/2015;;;;;;;;;;;;;11/07/2020;1;;;;;;;;;;;;;;
2;18/03/2016;;;;;;;;;;;5;30/10/2015;;;;;;;;;;;;;12/07/2020;1;;;;;;;;;;;;;;
1;16/03/2016;;;;;;;;;;;4;31/10/2015;;;;;;;;;;;;;15/07/2020;1;;;;;;;;;;;;;;
1;15/03/2016;;;;;;;;;;;1;1/09/2015;;;;;;;;;;;;;16/07/2020;1;;;;;;;;;;;;;;
8;14/03/2016;;;;;;;;;;;1;2/09/2015;;;;;;;;;;;;;19/07/2020;1;;;;;;;;;;;;;;
1;13/03/2016;;;;;;;;;;;1;3/09/2015;;;;;;;;;;;;;22/07/2020;1;;;;;;;;;;;;;;
1;10/03/2016;;;;;;;;;;;1;4/09/2015;;;;;;;;;;;;;23/07/2020;1;;;;;;;;;;;;;;
1;6/03/2016;;;;;;;;;;;1;7/09/2015;;;;;;;;;;;;;28/07/2020;1;;;;;;;;;;;;;;
1;4/03/2016;;;;;;;;;;;1;9/09/2015;;;;;;;;;;;;;29/07/2020;1;;;;;;;;;;;;;;
2;2/03/2016;;;;;;;;;;;1;10/09/2015;;;;;;;;;;;;;4/08/2020;1;;;;;;;;;;;;;;
2;1/03/2016;;;;;;;;;;;2;11/09/2015;;;;;;;;;;;;;6/08/2020;1;;;;;;;;;;;;;;
2;29/02/2016;;;;;;;;;;;1;12/09/2015;;;;;;;;;;;;;12/08/2020;1;;;;;;;;;;;;;;
1;27/02/2016;;;;;;;;;;;1;15/09/2015;;;;;;;;;;;;;13/08/2020;1;;;;;;;;;;;;;;
1;24/02/2016;;;;;;;;;;;2;16/09/2015;;;;;;;;;;;;;18/08/2020;1;;;;;;;;;;;;;;
4;23/02/2016;;;;;;;;;;;1;17/09/2015;;;;;;;;;;;;;19/08/2020;1;;;;;;;;;;;;;;
1;21/02/2016;;;;;;;;;;;3;18/09/2015;;;;;;;;;;;;;20/08/2020;1;;;;;;;;;;;;;;
2;20/02/2016;;;;;;;;;;;1;19/09/2015;;;;;;;;;;;;;23/08/2020;1;;;;;;;;;;;;;;
4;18/02/2016;;;;;;;;;;;2;20/09/2015;;;;;;;;;;;;;24/08/2020;1;;;;;;;;;;;;;;
1;16/02/2016;;;;;;;;;;;1;22/09/2015;;;;;;;;;;;;;25/08/2020;1;;;;;;;;;;;;;;
1;11/02/2016;;;;;;;;;;;2;25/09/2015;;;;;;;;;;;;;26/08/2020;1;;;;;;;;;;;;;;
1;10/02/2016;;;;;;;;;;;4;26/09/2015;;;;;;;;;;;;;30/08/2020;1;;;;;;;;;;;;;;
1;7/02/2016;;;;;;;;;;;5;27/09/2015;;;;;;;;;;;;;31/08/2020;1;;;;;;;;;;;;;;
1;4/02/2016;;;;;;;;;;;4;28/09/2015;;;;;;;;;;;;;1/09/2020;1;;;;;;;;;;;;;;
2;3/02/2016;;;;;;;;;;;1;29/09/2015;;;;;;;;;;;;;2/09/2020;1;;;;;;;;;;;;;;
3;2/02/2016;;;;;;;;;;;2;30/09/2015;;;;;;;;;;;;;4/09/2020;1;;;;;;;;;;;;;;
3;1/02/2016;;;;;;;;;;;1;2/08/2015;;;;;;;;;;;;;6/09/2020;1;;;;;;;;;;;;;;
1;31/01/2016;;;;;;;;;;;1;3/08/2015;;;;;;;;;;;;;8/09/2020;1;;;;;;;;;;;;;;
1;30/01/2016;;;;;;;;;;;2;4/08/2015;;;;;;;;;;;;;9/09/2020;1;;;;;;;;;;;;;;
3;29/01/2016;;;;;;;;;;;2;5/08/2015;;;;;;;;;;;;;10/09/2020;1;;;;;;;;;;;;;;
2;28/01/2016;;;;;;;;;;;1;6/08/2015;;;;;;;;;;;;;11/09/2020;1;;;;;;;;;;;;;;
3;27/01/2016;;;;;;;;;;;2;7/08/2015;;;;;;;;;;;;;13/09/2020;1;;;;;;;;;;;;;;
3;25/01/2016;;;;;;;;;;;2;8/08/2015;;;;;;;;;;;;;14/09/2020;1;;;;;;;;;;;;;;
1;23/01/2016;;;;;;;;;;;1;10/08/2015;;;;;;;;;;;;;15/09/2020;1;;;;;;;;;;;;;;
3;21/01/2016;;;;;;;;;;;1;11/08/2015;;;;;;;;;;;;;16/09/2020;1;;;;;;;;;;;;;;
1;13/01/2016;;;;;;;;;;;2;12/08/2015;;;;;;;;;;;;;17/09/2020;1;;;;;;;;;;;;;;
1;12/01/2016;;;;;;;;;;;2;13/08/2015;;;;;;;;;;;;;18/09/2020;1;;;;;;;;;;;;;;
1;11/01/2016;;;;;;;;;;;1;14/08/2015;;;;;;;;;;;;;20/09/2020;1;;;;;;;;;;;;;;
1;9/01/2016;;;;;;;;;;;1;15/08/2015;;;;;;;;;;;;;22/09/2020;1;;;;;;;;;;;;;;
1;6/01/2016;;;;;;;;;;;1;17/08/2015;;;;;;;;;;;;;23/09/2020;1;;;;;;;;;;;;;;
3;5/01/2016;;;;;;;;;;;2;18/08/2015;;;;;;;;;;;;;24/09/2020;1;;;;;;;;;;;;;;
1;4/01/2016;;;;;;;;;;;2;19/08/2015;;;;;;;;;;;;;25/09/2020;1;;;;;;;;;;;;;;
2;3/01/2016;;;;;;;;;;;2;20/08/2015;;;;;;;;;;;;;26/09/2020;1;;;;;;;;;;;;;;
2;31/12/2015;;;;;;;;;;;2;21/08/2015;;;;;;;;;;;;;29/09/2020;1;;;;;;;;;;;;;;
7;30/12/2015;;;;;;;;;;;2;22/08/2015;;;;;;;;;;;;;30/09/2020;1;;;;;;;;;;;;;;
2;29/12/2015;;;;;;;;;;;1;24/08/2015;;;;;;;;;;;;;1/10/2020;1;;;;;;;;;;;;;;
4;28/12/2015;;;;;;;;;;;1;25/08/2015;;;;;;;;;;;;;2/10/2020;1;;;;;;;;;;;;;;
1;24/12/2015;;;;;;;;;;;3;26/08/2015;;;;;;;;;;;;;3/10/2020;1;;;;;;;;;;;;;;
2;23/12/2015;;;;;;;;;;;1;28/08/2015;;;;;;;;;;;;;4/10/2020;1;;;;;;;;;;;;;;
2;22/12/2015;;;;;;;;;;;2;29/08/2015;;;;;;;;;;;;;5/10/2020;1;;;;;;;;;;;;;;
4;21/12/2015;;;;;;;;;;;1;30/08/2015;;;;;;;;;;;;;6/10/2020;1;;;;;;;;;;;;;;
1;20/12/2015;;;;;;;;;;;3;2/07/2015;;;;;;;;;;;;;7/10/2020;1;;;;;;;;;;;;;;
3;19/12/2015;;;;;;;;;;;3;3/07/2015;;;;;;;;;;;;;8/10/2020;1;;;;;;;;;;;;;;
7;18/12/2015;;;;;;;;;;;2;6/07/2015;;;;;;;;;;;;;10/10/2020;1;;;;;;;;;;;;;;
1;17/12/2015;;;;;;;;;;;8;7/07/2015;;;;;;;;;;;;;11/10/2020;1;;;;;;;;;;;;;;
4;16/12/2015;;;;;;;;;;;7;8/07/2015;;;;;;;;;;;;;12/10/2020;1;;;;;;;;;;;;;;
3;15/12/2015;;;;;;;;;;;3;10/07/2015;;;;;;;;;;;;;13/10/2020;1;;;;;;;;;;;;;;
4;14/12/2015;;;;;;;;;;;3;11/07/2015;;;;;;;;;;;;;14/10/2020;1;;;;;;;;;;;;;;
1;13/12/2015;;;;;;;;;;;2;14/07/2015;;;;;;;;;;;;;15/10/2020;1;;;;;;;;;;;;;;
2;12/12/2015;;;;;;;;;;;2;15/07/2015;;;;;;;;;;;;;16/10/2020;1;;;;;;;;;;;;;;
5;11/12/2015;;;;;;;;;;;2;16/07/2015;;;;;;;;;;;;;17/10/2020;1;;;;;;;;;;;;;;
3;10/12/2015;;;;;;;;;;;3;17/07/2015;;;;;;;;;;;;;20/10/2020;1;;;;;;;;;;;;;;
3;9/12/2015;;;;;;;;;;;1;18/07/2015;;;;;;;;;;;;;21/10/2020;1;;;;;;;;;;;;;;
1;8/12/2015;;;;;;;;;;;3;20/07/2015;;;;;;;;;;;;;23/10/2020;1;;;;;;;;;;;;;;
3;7/12/2015;;;;;;;;;;;4;21/07/2015;;;;;;;;;;;;;26/10/2020;1;;;;;;;;;;;;;;
2;5/12/2015;;;;;;;;;;;2;22/07/2015;;;;;;;;;;;;;27/10/2020;1;;;;;;;;;;;;;;
2;4/12/2015;;;;;;;;;;;1;23/07/2015;;;;;;;;;;;;;28/10/2020;1;;;;;;;;;;;;;;
3;3/12/2015;;;;;;;;;;;6;28/07/2015;;;;;;;;;;;;;29/10/2020;1;;;;;;;;;;;;;;
1;2/12/2015;;;;;;;;;;;1;29/07/2015;;;;;;;;;;;;;30/10/2020;1;;;;;;;;;;;;;;
1;1/12/2015;;;;;;;;;;;3;30/07/2015;;;;;;;;;;;;;2/11/2020;1;;;;;;;;;;;;;;
3;26/11/2015;;;;;;;;;;;1;1/06/2015;;;;;;;;;;;;;3/11/2020;1;;;;;;;;;;;;;;
1;24/11/2015;;;;;;;;;;;1;2/06/2015;;;;;;;;;;;;;4/11/2020;1;;;;;;;;;;;;;;
1;22/11/2015;;;;;;;;;;;2;3/06/2015;;;;;;;;;;;;;6/11/2020;1;;;;;;;;;;;;;;
3;20/11/2015;;;;;;;;;;;2;4/06/2015;;;;;;;;;;;;;9/11/2020;1;;;;;;;;;;;;;;
1;19/11/2015;;;;;;;;;;;2;6/06/2015;;;;;;;;;;;;;10/11/2020;1;;;;;;;;;;;;;;
1;18/11/2015;;;;;;;;;;;1;7/06/2015;;;;;;;;;;;;;12/11/2020;1;;;;;;;;;;;;;;
1;17/11/2015;;;;;;;;;;;1;8/06/2015;;;;;;;;;;;;;15/11/2020;1;;;;;;;;;;;;;;
2;16/11/2015;;;;;;;;;;;1;9/06/2015;;;;;;;;;;;;;17/11/2020;1;;;;;;;;;;;;;;
1;12/11/2015;;;;;;;;;;;1;10/06/2015;;;;;;;;;;;;;18/11/2020;1;;;;;;;;;;;;;;
2;11/11/2015;;;;;;;;;;;1;11/06/2015;;;;;;;;;;;;;19/11/2020;1;;;;;;;;;;;;;;
2;10/11/2015;;;;;;;;;;;1;12/06/2015;;;;;;;;;;;;;21/11/2020;1;;;;;;;;;;;;;;
1;9/11/2015;;;;;;;;;;;3;13/06/2015;;;;;;;;;;;;;23/11/2020;1;;;;;;;;;;;;;;
1;8/11/2015;;;;;;;;;;;1;14/06/2015;;;;;;;;;;;;;24/11/2020;1;;;;;;;;;;;;;;
2;7/11/2015;;;;;;;;;;;2;15/06/2015;;;;;;;;;;;;;25/11/2020;1;;;;;;;;;;;;;;
1;6/11/2015;;;;;;;;;;;1;16/06/2015;;;;;;;;;;;;;26/11/2020;1;;;;;;;;;;;;;;
3;5/11/2015;;;;;;;;;;;1;19/06/2015;;;;;;;;;;;;;27/11/2020;1;;;;;;;;;;;;;;
2;4/11/2015;;;;;;;;;;;5;22/06/2015;;;;;;;;;;;;;29/11/2020;1;;;;;;;;;;;;;;
4;3/11/2015;;;;;;;;;;;1;23/06/2015;;;;;;;;;;;;;2/12/2020;1;;;;;;;;;;;;;;
3;2/11/2015;;;;;;;;;;;3;24/06/2015;;;;;;;;;;;;;5/12/2020;1;;;;;;;;;;;;;;
1;1/11/2015;;;;;;;;;;;2;25/06/2015;;;;;;;;;;;;;6/12/2020;1;;;;;;;;;;;;;;
4;31/10/2015;;;;;;;;;;;3;26/06/2015;;;;;;;;;;;;;7/12/2020;1;;;;;;;;;;;;;;
5;30/10/2015;;;;;;;;;;;1;27/06/2015;;;;;;;;;;;;;9/12/2020;1;;;;;;;;;;;;;;
1;29/10/2015;;;;;;;;;;;2;30/06/2015;;;;;;;;;;;;;11/12/2020;1;;;;;;;;;;;;;;
2;28/10/2015;;;;;;;;;;;1;1/05/2015;;;;;;;;;;;;;14/12/2020;1;;;;;;;;;;;;;;
2;27/10/2015;;;;;;;;;;;2;4/05/2015;;;;;;;;;;;;;15/12/2020;1;;;;;;;;;;;;;;
1;26/10/2015;;;;;;;;;;;1;5/05/2015;;;;;;;;;;;;;16/12/2020;1;;;;;;;;;;;;;;
1;25/10/2015;;;;;;;;;;;1;6/05/2015;;;;;;;;;;;;;17/12/2020;1;;;;;;;;;;;;;;
2;24/10/2015;;;;;;;;;;;3;7/05/2015;;;;;;;;;;;;;18/12/2020;1;;;;;;;;;;;;;;
1;23/10/2015;;;;;;;;;;;1;8/05/2015;;;;;;;;;;;;;21/12/2020;1;;;;;;;;;;;;;;
2;22/10/2015;;;;;;;;;;;1;12/05/2015;;;;;;;;;;;;;23/12/2020;1;;;;;;;;;;;;;;
1;21/10/2015;;;;;;;;;;;1;13/05/2015;;;;;;;;;;;;;26/12/2020;1;;;;;;;;;;;;;;
2;19/10/2015;;;;;;;;;;;3;14/05/2015;;;;;;;;;;;;;28/12/2020;1;;;;;;;;;;;;;;
1;18/10/2015;;;;;;;;;;;1;20/05/2015;;;;;;;;;;;;;4/01/2021;1;;;;;;;;;;;;;;
1;17/10/2015;;;;;;;;;;;2;22/05/2015;;;;;;;;;;;;;5/01/2021;1;;;;;;;;;;;;;;
1;16/10/2015;;;;;;;;;;;1;23/05/2015;;;;;;;;;;;;;6/01/2021;1;;;;;;;;;;;;;;
2;15/10/2015;;;;;;;;;;;1;26/05/2015;;;;;;;;;;;;;9/01/2021;1;;;;;;;;;;;;;;
2;14/10/2015;;;;;;;;;;;2;27/05/2015;;;;;;;;;;;;;11/01/2021;1;;;;;;;;;;;;;;
1;12/10/2015;;;;;;;;;;;1;28/05/2015;;;;;;;;;;;;;12/01/2021;1;;;;;;;;;;;;;;
2;11/10/2015;;;;;;;;;;;2;29/05/2015;;;;;;;;;;;;;13/01/2021;1;;;;;;;;;;;;;;
1;10/10/2015;;;;;;;;;;;1;30/05/2015;;;;;;;;;;;;;14/01/2021;1;;;;;;;;;;;;;;
5;9/10/2015;;;;;;;;;;;1;1/04/2015;;;;;;;;;;;;;15/01/2021;1;;;;;;;;;;;;;;
3;8/10/2015;;;;;;;;;;;1;2/04/2015;;;;;;;;;;;;;18/01/2021;1;;;;;;;;;;;;;;
3;7/10/2015;;;;;;;;;;;2;6/04/2015;;;;;;;;;;;;;19/01/2021;1;;;;;;;;;;;;;;
2;6/10/2015;;;;;;;;;;;3;7/04/2015;;;;;;;;;;;;;20/01/2021;1;;;;;;;;;;;;;;
1;5/10/2015;;;;;;;;;;;2;8/04/2015;;;;;;;;;;;;;21/01/2021;1;;;;;;;;;;;;;;
2;4/10/2015;;;;;;;;;;;2;9/04/2015;;;;;;;;;;;;;22/01/2021;1;;;;;;;;;;;;;;
1;3/10/2015;;;;;;;;;;;1;10/04/2015;;;;;;;;;;;;;25/01/2021;1;;;;;;;;;;;;;;
1;1/10/2015;;;;;;;;;;;1;11/04/2015;;;;;;;;;;;;;26/01/2021;1;;;;;;;;;;;;;;
2;30/09/2015;;;;;;;;;;;2;13/04/2015;;;;;;;;;;;;;27/01/2021;1;;;;;;;;;;;;;;
1;29/09/2015;;;;;;;;;;;2;14/04/2015;;;;;;;;;;;;;28/01/2021;1;;;;;;;;;;;;;;
4;28/09/2015;;;;;;;;;;;2;15/04/2015;;;;;;;;;;;;;31/01/2021;1;;;;;;;;;;;;;;
5;27/09/2015;;;;;;;;;;;2;18/04/2015;;;;;;;;;;;;;3/02/2021;1;;;;;;;;;;;;;;
4;26/09/2015;;;;;;;;;;;1;19/04/2015;;;;;;;;;;;;;4/02/2021;1;;;;;;;;;;;;;;
2;25/09/2015;;;;;;;;;;;2;20/04/2015;;;;;;;;;;;;;5/02/2021;1;;;;;;;;;;;;;;
1;22/09/2015;;;;;;;;;;;1;21/04/2015;;;;;;;;;;;;;7/02/2021;1;;;;;;;;;;;;;;
2;20/09/2015;;;;;;;;;;;2;22/04/2015;;;;;;;;;;;;;8/02/2021;1;;;;;;;;;;;;;;
1;19/09/2015;;;;;;;;;;;3;23/04/2015;;;;;;;;;;;;;9/02/2021;1;;;;;;;;;;;;;;
3;18/09/2015;;;;;;;;;;;1;24/04/2015;;;;;;;;;;;;;10/02/2021;1;;;;;;;;;;;;;;
1;17/09/2015;;;;;;;;;;;1;28/04/2015;;;;;;;;;;;;;11/02/2021;1;;;;;;;;;;;;;;
2;16/09/2015;;;;;;;;;;;1;1/03/2015;;;;;;;;;;;;;15/02/2021;1;;;;;;;;;;;;;;
1;15/09/2015;;;;;;;;;;;1;2/03/2015;;;;;;;;;;;;;16/02/2021;1;;;;;;;;;;;;;;
1;12/09/2015;;;;;;;;;;;2;3/03/2015;;;;;;;;;;;;;17/02/2021;1;;;;;;;;;;;;;;
2;11/09/2015;;;;;;;;;;;3;4/03/2015;;;;;;;;;;;;;18/02/2021;1;;;;;;;;;;;;;;
1;10/09/2015;;;;;;;;;;;1;5/03/2015;;;;;;;;;;;;;23/02/2021;1;;;;;;;;;;;;;;
1;9/09/2015;;;;;;;;;;;3;6/03/2015;;;;;;;;;;;;;24/02/2021;1;;;;;;;;;;;;;;
1;7/09/2015;;;;;;;;;;;2;9/03/2015;;;;;;;;;;;;;25/02/2021;1;;;;;;;;;;;;;;
1;4/09/2015;;;;;;;;;;;3;10/03/2015;;;;;;;;;;;;;26/02/2021;1;;;;;;;;;;;;;;
1;3/09/2015;;;;;;;;;;;3;11/03/2015;;;;;;;;;;;;;28/02/2021;1;;;;;;;;;;;;;;
1;2/09/2015;;;;;;;;;;;1;12/03/2015;;;;;;;;;;;;;2/03/2021;1;;;;;;;;;;;;;;
1;1/09/2015;;;;;;;;;;;2;13/03/2015;;;;;;;;;;;;;3/03/2021;1;;;;;;;;;;;;;;
1;30/08/2015;;;;;;;;;;;1;14/03/2015;;;;;;;;;;;;;4/03/2021;1;;;;;;;;;;;;;;
2;29/08/2015;;;;;;;;;;;1;15/03/2015;;;;;;;;;;;;;5/03/2021;1;;;;;;;;;;;;;;
1;28/08/2015;;;;;;;;;;;3;16/03/2015;;;;;;;;;;;;;8/03/2021;1;;;;;;;;;;;;;;
3;26/08/2015;;;;;;;;;;;3;18/03/2015;;;;;;;;;;;;;9/03/2021;1;;;;;;;;;;;;;;
1;25/08/2015;;;;;;;;;;;1;19/03/2015;;;;;;;;;;;;;10/03/2021;1;;;;;;;;;;;;;;
1;24/08/2015;;;;;;;;;;;1;20/03/2015;;;;;;;;;;;;;12/03/2021;1;;;;;;;;;;;;;;
2;22/08/2015;;;;;;;;;;;1;21/03/2015;;;;;;;;;;;;;17/03/2021;1;;;;;;;;;;;;;;
2;21/08/2015;;;;;;;;;;;2;23/03/2015;;;;;;;;;;;;;18/03/2021;1;;;;;;;;;;;;;;
2;20/08/2015;;;;;;;;;;;2;24/03/2015;;;;;;;;;;;;;19/03/2021;1;;;;;;;;;;;;;;
2;19/08/2015;;;;;;;;;;;1;25/03/2015;;;;;;;;;;;;;22/03/2021;1;;;;;;;;;;;;;;
2;18/08/2015;;;;;;;;;;;1;26/03/2015;;;;;;;;;;;;;23/03/2021;1;;;;;;;;;;;;;;
1;17/08/2015;;;;;;;;;;;2;27/03/2015;;;;;;;;;;;;;24/03/2021;1;;;;;;;;;;;;;;
1;15/08/2015;;;;;;;;;;;1;28/03/2015;;;;;;;;;;;;;25/03/2021;1;;;;;;;;;;;;;;
1;14/08/2015;;;;;;;;;;;1;30/03/2015;;;;;;;;;;;;;29/03/2021;1;;;;;;;;;;;;;;
2;13/08/2015;;;;;;;;;;;1;1/02/2015;;;;;;;;;;;;;30/03/2021;1;;;;;;;;;;;;;;
2;12/08/2015;;;;;;;;;;;2;2/02/2015;;;;;;;;;;;;;31/03/2021;1;;;;;;;;;;;;;;
1;11/08/2015;;;;;;;;;;;2;3/02/2015;;;;;;;;;;;;;3/04/2021;1;;;;;;;;;;;;;;
1;10/08/2015;;;;;;;;;;;2;4/02/2015;;;;;;;;;;;;;6/04/2021;1;;;;;;;;;;;;;;
2;8/08/2015;;;;;;;;;;;4;5/02/2015;;;;;;;;;;;;;7/04/2021;1;;;;;;;;;;;;;;
2;7/08/2015;;;;;;;;;;;2;6/02/2015;;;;;;;;;;;;;8/04/2021;1;;;;;;;;;;;;;;
1;6/08/2015;;;;;;;;;;;2;7/02/2015;;;;;;;;;;;;;9/04/2021;1;;;;;;;;;;;;;;
2;5/08/2015;;;;;;;;;;;1;9/02/2015;;;;;;;;;;;;;11/04/2021;1;;;;;;;;;;;;;;
2;4/08/2015;;;;;;;;;;;3;10/02/2015;;;;;;;;;;;;;14/04/2021;1;;;;;;;;;;;;;;
1;3/08/2015;;;;;;;;;;;3;11/02/2015;;;;;;;;;;;;;16/04/2021;1;;;;;;;;;;;;;;
1;2/08/2015;;;;;;;;;;;2;12/02/2015;;;;;;;;;;;;;18/04/2021;1;;;;;;;;;;;;;;
3;30/07/2015;;;;;;;;;;;1;13/02/2015;;;;;;;;;;;;;19/04/2021;1;;;;;;;;;;;;;;
1;29/07/2015;;;;;;;;;;;1;14/02/2015;;;;;;;;;;;;;20/04/2021;1;;;;;;;;;;;;;;
6;28/07/2015;;;;;;;;;;;1;15/02/2015;;;;;;;;;;;;;21/04/2021;1;;;;;;;;;;;;;;
1;23/07/2015;;;;;;;;;;;1;16/02/2015;;;;;;;;;;;;;22/04/2021;1;;;;;;;;;;;;;;
2;22/07/2015;;;;;;;;;;;3;17/02/2015;;;;;;;;;;;;;23/04/2021;1;;;;;;;;;;;;;;
4;21/07/2015;;;;;;;;;;;1;18/02/2015;;;;;;;;;;;;;28/04/2021;1;;;;;;;;;;;;;;
3;20/07/2015;;;;;;;;;;;1;19/02/2015;;;;;;;;;;;;;29/04/2021;1;;;;;;;;;;;;;;
1;18/07/2015;;;;;;;;;;;1;21/02/2015;;;;;;;;;;;;;30/04/2021;1;;;;;;;;;;;;;;
3;17/07/2015;;;;;;;;;;;2;23/02/2015;;;;;;;;;;;;;2/05/2021;1;;;;;;;;;;;;;;
2;16/07/2015;;;;;;;;;;;2;24/02/2015;;;;;;;;;;;;;3/05/2021;1;;;;;;;;;;;;;;
2;15/07/2015;;;;;;;;;;;2;25/02/2015;;;;;;;;;;;;;4/05/2021;1;;;;;;;;;;;;;;
2;14/07/2015;;;;;;;;;;;2;26/02/2015;;;;;;;;;;;;;6/05/2021;1;;;;;;;;;;;;;;
3;11/07/2015;;;;;;;;;;;1;27/02/2015;;;;;;;;;;;;;7/05/2021;1;;;;;;;;;;;;;;
3;10/07/2015;;;;;;;;;;;1;4/01/2015;;;;;;;;;;;;;10/05/2021;1;;;;;;;;;;;;;;
7;8/07/2015;;;;;;;;;;;1;5/01/2015;;;;;;;;;;;;;11/05/2021;1;;;;;;;;;;;;;;
8;7/07/2015;;;;;;;;;;;1;6/01/2015;;;;;;;;;;;;;12/05/2021;1;;;;;;;;;;;;;;
2;6/07/2015;;;;;;;;;;;3;7/01/2015;;;;;;;;;;;;;13/05/2021;1;;;;;;;;;;;;;;
3;3/07/2015;;;;;;;;;;;1;8/01/2015;;;;;;;;;;;;;14/05/2021;1;;;;;;;;;;;;;;
3;2/07/2015;;;;;;;;;;;1;9/01/2015;;;;;;;;;;;;;17/05/2021;1;;;;;;;;;;;;;;
2;30/06/2015;;;;;;;;;;;4;10/01/2015;;;;;;;;;;;;;19/05/2021;1;;;;;;;;;;;;;;
1;27/06/2015;;;;;;;;;;;2;13/01/2015;;;;;;;;;;;;;21/05/2021;1;;;;;;;;;;;;;;
3;26/06/2015;;;;;;;;;;;1;14/01/2015;;;;;;;;;;;;;22/05/2021;1;;;;;;;;;;;;;;
2;25/06/2015;;;;;;;;;;;2;15/01/2015;;;;;;;;;;;;;25/05/2021;1;;;;;;;;;;;;;;
3;24/06/2015;;;;;;;;;;;2;16/01/2015;;;;;;;;;;;;;26/05/2021;1;;;;;;;;;;;;;;
1;23/06/2015;;;;;;;;;;;1;17/01/2015;;;;;;;;;;;;;27/05/2021;1;;;;;;;;;;;;;;
5;22/06/2015;;;;;;;;;;;3;19/01/2015;;;;;;;;;;;;;28/05/2021;1;;;;;;;;;;;;;;
1;19/06/2015;;;;;;;;;;;1;20/01/2015;;;;;;;;;;;;;31/05/2021;1;;;;;;;;;;;;;;
1;16/06/2015;;;;;;;;;;;1;21/01/2015;;;;;;;;;;;;;1/06/2021;1;;;;;;;;;;;;;;
2;15/06/2015;;;;;;;;;;;2;22/01/2015;;;;;;;;;;;;;2/06/2021;1;;;;;;;;;;;;;;
1;14/06/2015;;;;;;;;;;;1;23/01/2015;;;;;;;;;;;;;3/06/2021;1;;;;;;;;;;;;;;
3;13/06/2015;;;;;;;;;;;3;24/01/2015;;;;;;;;;;;;;6/06/2021;1;;;;;;;;;;;;;;
1;12/06/2015;;;;;;;;;;;2;26/01/2015;;;;;;;;;;;;;7/06/2021;1;;;;;;;;;;;;;;
1;11/06/2015;;;;;;;;;;;1;27/01/2015;;;;;;;;;;;;;9/06/2021;1;;;;;;;;;;;;;;
1;10/06/2015;;;;;;;;;;;2;28/01/2015;;;;;;;;;;;;;10/06/2021;1;;;;;;;;;;;;;;
1;9/06/2015;;;;;;;;;;;2;29/01/2015;;;;;;;;;;;;;14/06/2021;1;;;;;;;;;;;;;;
1;8/06/2015;;;;;;;;;;;4;30/01/2015;;;;;;;;;;;;;15/06/2021;1;;;;;;;;;;;;;;
1;7/06/2015;;;;;;;;;;;2;31/01/2015;;;;;;;;;;;;;16/06/2021;1;;;;;;;;;;;;;;
2;6/06/2015;;;;;;;;;;;1;1/12/2014;;;;;;;;;;;;;17/06/2021;1;;;;;;;;;;;;;;
2;4/06/2015;;;;;;;;;;;2;2/12/2014;;;;;;;;;;;;;18/06/2021;1;;;;;;;;;;;;;;
2;3/06/2015;;;;;;;;;;;3;4/12/2014;;;;;;;;;;;;;21/06/2021;1;;;;;;;;;;;;;;
1;2/06/2015;;;;;;;;;;;1;5/12/2014;;;;;;;;;;;;;22/06/2021;1;;;;;;;;;;;;;;
1;1/06/2015;;;;;;;;;;;1;8/12/2014;;;;;;;;;;;;;23/06/2021;1;;;;;;;;;;;;;;
1;30/05/2015;;;;;;;;;;;5;9/12/2014;;;;;;;;;;;;;24/06/2021;1;;;;;;;;;;;;;;
2;29/05/2015;;;;;;;;;;;4;10/12/2014;;;;;;;;;;;;;29/06/2021;1;;;;;;;;;;;;;;
1;28/05/2015;;;;;;;;;;;7;11/12/2014;;;;;;;;;;;;;30/06/2021;1;;;;;;;;;;;;;;
2;27/05/2015;;;;;;;;;;;3;12/12/2014;;;;;;;;;;;;;1/07/2021;1;;;;;;;;;;;;;;
1;26/05/2015;;;;;;;;;;;1;13/12/2014;;;;;;;;;;;;;2/07/2021;1;;;;;;;;;;;;;;
1;23/05/2015;;;;;;;;;;;1;14/12/2014;;;;;;;;;;;;;5/07/2021;1;;;;;;;;;;;;;;
2;22/05/2015;;;;;;;;;;;2;15/12/2014;;;;;;;;;;;;;6/07/2021;1;;;;;;;;;;;;;;
1;20/05/2015;;;;;;;;;;;2;16/12/2014;;;;;;;;;;;;;7/07/2021;1;;;;;;;;;;;;;;
3;14/05/2015;;;;;;;;;;;2;17/12/2014;;;;;;;;;;;;;8/07/2021;1;;;;;;;;;;;;;;
1;13/05/2015;;;;;;;;;;;1;18/12/2014;;;;;;;;;;;;;9/07/2021;1;;;;;;;;;;;;;;
1;12/05/2015;;;;;;;;;;;2;19/12/2014;;;;;;;;;;;;;11/07/2021;1;;;;;;;;;;;;;;
1;8/05/2015;;;;;;;;;;;1;20/12/2014;;;;;;;;;;;;;12/07/2021;1;;;;;;;;;;;;;;
3;7/05/2015;;;;;;;;;;;2;21/12/2014;;;;;;;;;;;;;13/07/2021;1;;;;;;;;;;;;;;
1;6/05/2015;;;;;;;;;;;2;22/12/2014;;;;;;;;;;;;;14/07/2021;1;;;;;;;;;;;;;;
1;5/05/2015;;;;;;;;;;;4;23/12/2014;;;;;;;;;;;;;15/07/2021;1;;;;;;;;;;;;;;
2;4/05/2015;;;;;;;;;;;1;24/12/2014;;;;;;;;;;;;;16/07/2021;1;;;;;;;;;;;;;;
1;1/05/2015;;;;;;;;;;;2;29/12/2014;;;;;;;;;;;;;17/07/2021;1;;;;;;;;;;;;;;
1;28/04/2015;;;;;;;;;;;2;30/12/2014;;;;;;;;;;;;;19/07/2021;1;;;;;;;;;;;;;;
1;24/04/2015;;;;;;;;;;;1;1/11/2014;;;;;;;;;;;;;20/07/2021;1;;;;;;;;;;;;;;
3;23/04/2015;;;;;;;;;;;2;2/11/2014;;;;;;;;;;;;;21/07/2021;1;;;;;;;;;;;;;;
2;22/04/2015;;;;;;;;;;;2;3/11/2014;;;;;;;;;;;;;22/07/2021;1;;;;;;;;;;;;;;
1;21/04/2015;;;;;;;;;;;3;4/11/2014;;;;;;;;;;;;;23/07/2021;1;;;;;;;;;;;;;;
2;20/04/2015;;;;;;;;;;;3;5/11/2014;;;;;;;;;;;;;24/07/2021;1;;;;;;;;;;;;;;
1;19/04/2015;;;;;;;;;;;2;6/11/2014;;;;;;;;;;;;;25/07/2021;1;;;;;;;;;;;;;;
2;18/04/2015;;;;;;;;;;;1;7/11/2014;;;;;;;;;;;;;26/07/2021;1;;;;;;;;;;;;;;
2;15/04/2015;;;;;;;;;;;1;8/11/2014;;;;;;;;;;;;;27/07/2021;1;;;;;;;;;;;;;;
2;14/04/2015;;;;;;;;;;;1;9/11/2014;;;;;;;;;;;;;28/07/2021;1;;;;;;;;;;;;;;
2;13/04/2015;;;;;;;;;;;1;10/11/2014;;;;;;;;;;;;;29/07/2021;1;;;;;;;;;;;;;;
1;11/04/2015;;;;;;;;;;;1;11/11/2014;;;;;;;;;;;;;30/07/2021;1;;;;;;;;;;;;;;
1;10/04/2015;;;;;;;;;;;1;12/11/2014;;;;;;;;;;;;;31/07/2021;1;;;;;;;;;;;;;;
2;9/04/2015;;;;;;;;;;;1;13/11/2014;;;;;;;;;;;;;2/08/2021;1;;;;;;;;;;;;;;
2;8/04/2015;;;;;;;;;;;1;14/11/2014;;;;;;;;;;;;;3/08/2021;1;;;;;;;;;;;;;;
3;7/04/2015;;;;;;;;;;;1;15/11/2014;;;;;;;;;;;;;4/08/2021;1;;;;;;;;;;;;;;
2;6/04/2015;;;;;;;;;;;2;17/11/2014;;;;;;;;;;;;;5/08/2021;1;;;;;;;;;;;;;;
1;2/04/2015;;;;;;;;;;;2;18/11/2014;;;;;;;;;;;;;6/08/2021;1;;;;;;;;;;;;;;
1;1/04/2015;;;;;;;;;;;2;19/11/2014;;;;;;;;;;;;;7/08/2021;1;;;;;;;;;;;;;;
1;30/03/2015;;;;;;;;;;;2;20/11/2014;;;;;;;;;;;;;9/08/2021;1;;;;;;;;;;;;;;
1;28/03/2015;;;;;;;;;;;1;21/11/2014;;;;;;;;;;;;;10/08/2021;1;;;;;;;;;;;;;;
2;27/03/2015;;;;;;;;;;;1;22/11/2014;;;;;;;;;;;;;11/08/2021;1;;;;;;;;;;;;;;
1;26/03/2015;;;;;;;;;;;1;25/11/2014;;;;;;;;;;;;;12/08/2021;1;;;;;;;;;;;;;;
1;25/03/2015;;;;;;;;;;;2;26/11/2014;;;;;;;;;;;;;13/08/2021;1;;;;;;;;;;;;;;
2;24/03/2015;;;;;;;;;;;6;27/11/2014;;;;;;;;;;;;;14/08/2021;1;;;;;;;;;;;;;;
2;23/03/2015;;;;;;;;;;;2;28/11/2014;;;;;;;;;;;;;16/08/2021;1;;;;;;;;;;;;;;
1;21/03/2015;;;;;;;;;;;1;29/11/2014;;;;;;;;;;;;;17/08/2021;1;;;;;;;;;;;;;;
1;20/03/2015;;;;;;;;;;;2;1/10/2014;;;;;;;;;;;;;18/08/2021;1;;;;;;;;;;;;;;
1;19/03/2015;;;;;;;;;;;1;2/10/2014;;;;;;;;;;;;;19/08/2021;1;;;;;;;;;;;;;;
3;18/03/2015;;;;;;;;;;;2;3/10/2014;;;;;;;;;;;;;20/08/2021;1;;;;;;;;;;;;;;
3;16/03/2015;;;;;;;;;;;1;6/10/2014;;;;;;;;;;;;;21/08/2021;1;;;;;;;;;;;;;;
1;15/03/2015;;;;;;;;;;;1;8/10/2014;;;;;;;;;;;;;23/08/2021;1;;;;;;;;;;;;;;
1;14/03/2015;;;;;;;;;;;1;10/10/2014;;;;;;;;;;;;;24/08/2021;1;;;;;;;;;;;;;;
2;13/03/2015;;;;;;;;;;;2;11/10/2014;;;;;;;;;;;;;25/08/2021;1;;;;;;;;;;;;;;
1;12/03/2015;;;;;;;;;;;1;12/10/2014;;;;;;;;;;;;;26/08/2021;1;;;;;;;;;;;;;;
3;11/03/2015;;;;;;;;;;;1;13/10/2014;;;;;;;;;;;;;27/08/2021;1;;;;;;;;;;;;;;
3;10/03/2015;;;;;;;;;;;1;14/10/2014;;;;;;;;;;;;;28/08/2021;1;;;;;;;;;;;;;;
2;9/03/2015;;;;;;;;;;;2;15/10/2014;;;;;;;;;;;;;29/08/2021;1;;;;;;;;;;;;;;
3;6/03/2015;;;;;;;;;;;2;16/10/2014;;;;;;;;;;;;;30/08/2021;1;;;;;;;;;;;;;;
1;5/03/2015;;;;;;;;;;;1;17/10/2014;;;;;;;;;;;;;31/08/2021;1;;;;;;;;;;;;;;
3;4/03/2015;;;;;;;;;;;2;18/10/2014;;;;;;;;;;;;;1/09/2021;1;;;;;;;;;;;;;;
2;3/03/2015;;;;;;;;;;;1;19/10/2014;;;;;;;;;;;;;2/09/2021;1;;;;;;;;;;;;;;
1;2/03/2015;;;;;;;;;;;2;20/10/2014;;;;;;;;;;;;;3/09/2021;1;;;;;;;;;;;;;;
1;1/03/2015;;;;;;;;;;;1;21/10/2014;;;;;;;;;;;;;4/09/2021;1;;;;;;;;;;;;;;
1;27/02/2015;;;;;;;;;;;2;22/10/2014;;;;;;;;;;;;;5/09/2021;1;;;;;;;;;;;;;;
2;26/02/2015;;;;;;;;;;;2;23/10/2014;;;;;;;;;;;;;6/09/2021;1;;;;;;;;;;;;;;
2;25/02/2015;;;;;;;;;;;3;24/10/2014;;;;;;;;;;;;;7/09/2021;1;;;;;;;;;;;;;;
2;24/02/2015;;;;;;;;;;;1;25/10/2014;;;;;;;;;;;;;8/09/2021;1;;;;;;;;;;;;;;
2;23/02/2015;;;;;;;;;;;1;26/10/2014;;;;;;;;;;;;;9/09/2021;1;;;;;;;;;;;;;;
1;21/02/2015;;;;;;;;;;;3;27/10/2014;;;;;;;;;;;;;10/09/2021;1;;;;;;;;;;;;;;
1;19/02/2015;;;;;;;;;;;3;28/10/2014;;;;;;;;;;;;;12/09/2021;1;;;;;;;;;;;;;;
1;18/02/2015;;;;;;;;;;;1;29/10/2014;;;;;;;;;;;;;13/09/2021;1;;;;;;;;;;;;;;
3;17/02/2015;;;;;;;;;;;1;30/10/2014;;;;;;;;;;;;;14/09/2021;1;;;;;;;;;;;;;;
1;16/02/2015;;;;;;;;;;;1;31/10/2014;;;;;;;;;;;;;15/09/2021;1;;;;;;;;;;;;;;
1;15/02/2015;;;;;;;;;;;1;1/09/2014;;;;;;;;;;;;;16/09/2021;1;;;;;;;;;;;;;;
1;14/02/2015;;;;;;;;;;;2;2/09/2014;;;;;;;;;;;;;17/09/2021;1;;;;;;;;;;;;;;
1;13/02/2015;;;;;;;;;;;1;3/09/2014;;;;;;;;;;;;;18/09/2021;1;;;;;;;;;;;;;;
2;12/02/2015;;;;;;;;;;;2;4/09/2014;;;;;;;;;;;;;19/09/2021;1;;;;;;;;;;;;;;
3;11/02/2015;;;;;;;;;;;2;9/09/2014;;;;;;;;;;;;;20/09/2021;1;;;;;;;;;;;;;;
3;10/02/2015;;;;;;;;;;;1;10/09/2014;;;;;;;;;;;;;21/09/2021;1;;;;;;;;;;;;;;
1;9/02/2015;;;;;;;;;;;2;11/09/2014;;;;;;;;;;;;;23/09/2021;1;;;;;;;;;;;;;;
2;7/02/2015;;;;;;;;;;;1;12/09/2014;;;;;;;;;;;;;24/09/2021;1;;;;;;;;;;;;;;
2;6/02/2015;;;;;;;;;;;2;13/09/2014;;;;;;;;;;;;;25/09/2021;1;;;;;;;;;;;;;;
4;5/02/2015;;;;;;;;;;;1;14/09/2014;;;;;;;;;;;;;26/09/2021;1;;;;;;;;;;;;;;
2;4/02/2015;;;;;;;;;;;1;16/09/2014;;;;;;;;;;;;;27/09/2021;1;;;;;;;;;;;;;;
2;3/02/2015;;;;;;;;;;;1;17/09/2014;;;;;;;;;;;;;28/09/2021;1;;;;;;;;;;;;;;
2;2/02/2015;;;;;;;;;;;2;18/09/2014;;;;;;;;;;;;;29/09/2021;1;;;;;;;;;;;;;;
1;1/02/2015;;;;;;;;;;;2;19/09/2014;;;;;;;;;;;;;30/09/2021;1;;;;;;;;;;;;;;
2;31/01/2015;;;;;;;;;;;1;22/09/2014;;;;;;;;;;;;;1/10/2021;1;;;;;;;;;;;;;;
4;30/01/2015;;;;;;;;;;;1;23/09/2014;;;;;;;;;;;;;2/10/2021;1;;;;;;;;;;;;;;
2;29/01/2015;;;;;;;;;;;1;24/09/2014;;;;;;;;;;;;;3/10/2021;1;;;;;;;;;;;;;;
2;28/01/2015;;;;;;;;;;;1;25/09/2014;;;;;;;;;;;;;4/10/2021;1;;;;;;;;;;;;;;
1;27/01/2015;;;;;;;;;;;1;26/09/2014;;;;;;;;;;;;;5/10/2021;1;;;;;;;;;;;;;;
2;26/01/2015;;;;;;;;;;;2;30/09/2014;;;;;;;;;;;;;6/10/2021;1;;;;;;;;;;;;;;
3;24/01/2015;;;;;;;;;;;1;4/08/2014;;;;;;;;;;;;;7/10/2021;1;;;;;;;;;;;;;;
1;23/01/2015;;;;;;;;;;;1;5/08/2014;;;;;;;;;;;;;8/10/2021;1;;;;;;;;;;;;;;
2;22/01/2015;;;;;;;;;;;2;6/08/2014;;;;;;;;;;;;;9/10/2021;1;;;;;;;;;;;;;;
1;21/01/2015;;;;;;;;;;;1;7/08/2014;;;;;;;;;;;;;11/10/2021;1;;;;;;;;;;;;;;
1;20/01/2015;;;;;;;;;;;3;8/08/2014;;;;;;;;;;;;;12/10/2021;1;;;;;;;;;;;;;;
3;19/01/2015;;;;;;;;;;;1;9/08/2014;;;;;;;;;;;;;13/10/2021;1;;;;;;;;;;;;;;
1;17/01/2015;;;;;;;;;;;1;13/08/2014;;;;;;;;;;;;;14/10/2021;1;;;;;;;;;;;;;;
2;16/01/2015;;;;;;;;;;;2;14/08/2014;;;;;;;;;;;;;15/10/2021;1;;;;;;;;;;;;;;
2;15/01/2015;;;;;;;;;;;2;15/08/2014;;;;;;;;;;;;;16/10/2021;1;;;;;;;;;;;;;;
1;14/01/2015;;;;;;;;;;;1;17/08/2014;;;;;;;;;;;;;19/10/2021;1;;;;;;;;;;;;;;
2;13/01/2015;;;;;;;;;;;1;18/08/2014;;;;;;;;;;;;;20/10/2021;1;;;;;;;;;;;;;;
4;10/01/2015;;;;;;;;;;;1;21/08/2014;;;;;;;;;;;;;21/10/2021;1;;;;;;;;;;;;;;
1;9/01/2015;;;;;;;;;;;1;22/08/2014;;;;;;;;;;;;;22/10/2021;1;;;;;;;;;;;;;;
1;8/01/2015;;;;;;;;;;;1;23/08/2014;;;;;;;;;;;;;23/10/2021;1;;;;;;;;;;;;;;
3;7/01/2015;;;;;;;;;;;1;24/08/2014;;;;;;;;;;;;;24/10/2021;1;;;;;;;;;;;;;;
1;6/01/2015;;;;;;;;;;;2;25/08/2014;;;;;;;;;;;;;25/10/2021;1;;;;;;;;;;;;;;
1;5/01/2015;;;;;;;;;;;2;26/08/2014;;;;;;;;;;;;;26/10/2021;1;;;;;;;;;;;;;;
1;4/01/2015;;;;;;;;;;;1;27/08/2014;;;;;;;;;;;;;28/10/2021;1;;;;;;;;;;;;;;
2;30/12/2014;;;;;;;;;;;2;28/08/2014;;;;;;;;;;;;;29/10/2021;1;;;;;;;;;;;;;;
2;29/12/2014;;;;;;;;;;;1;29/08/2014;;;;;;;;;;;;;30/10/2021;1;;;;;;;;;;;;;;
1;24/12/2014;;;;;;;;;;;2;30/08/2014;;;;;;;;;;;;;2/11/2021;1;;;;;;;;;;;;;;
4;23/12/2014;;;;;;;;;;;1;1/07/2014;;;;;;;;;;;;;3/11/2021;1;;;;;;;;;;;;;;
2;22/12/2014;;;;;;;;;;;1;2/07/2014;;;;;;;;;;;;;4/11/2021;1;;;;;;;;;;;;;;
2;21/12/2014;;;;;;;;;;;3;4/07/2014;;;;;;;;;;;;;5/11/2021;1;;;;;;;;;;;;;;
1;20/12/2014;;;;;;;;;;;1;6/07/2014;;;;;;;;;;;;;6/11/2021;1;;;;;;;;;;;;;;
2;19/12/2014;;;;;;;;;;;1;7/07/2014;;;;;;;;;;;;;7/11/2021;1;;;;;;;;;;;;;;
1;18/12/2014;;;;;;;;;;;1;8/07/2014;;;;;;;;;;;;;8/11/2021;1;;;;;;;;;;;;;;
2;17/12/2014;;;;;;;;;;;1;9/07/2014;;;;;;;;;;;;;9/11/2021;1;;;;;;;;;;;;;;
2;16/12/2014;;;;;;;;;;;1;11/07/2014;;;;;;;;;;;;;10/11/2021;1;;;;;;;;;;;;;;
2;15/12/2014;;;;;;;;;;;1;13/07/2014;;;;;;;;;;;;;11/11/2021;1;;;;;;;;;;;;;;
1;14/12/2014;;;;;;;;;;;1;14/07/2014;;;;;;;;;;;;;12/11/2021;1;;;;;;;;;;;;;;
1;13/12/2014;;;;;;;;;;;1;15/07/2014;;;;;;;;;;;;;13/11/2021;1;;;;;;;;;;;;;;
3;12/12/2014;;;;;;;;;;;1;16/07/2014;;;;;;;;;;;;;14/11/2021;1;;;;;;;;;;;;;;
7;11/12/2014;;;;;;;;;;;1;17/07/2014;;;;;;;;;;;;;15/11/2021;1;;;;;;;;;;;;;;
4;10/12/2014;;;;;;;;;;;1;18/07/2014;;;;;;;;;;;;;16/11/2021;1;;;;;;;;;;;;;;
5;9/12/2014;;;;;;;;;;;1;20/07/2014;;;;;;;;;;;;;17/11/2021;1;;;;;;;;;;;;;;
1;8/12/2014;;;;;;;;;;;2;21/07/2014;;;;;;;;;;;;;18/11/2021;1;;;;;;;;;;;;;;
1;5/12/2014;;;;;;;;;;;2;22/07/2014;;;;;;;;;;;;;20/11/2021;1;;;;;;;;;;;;;;
3;4/12/2014;;;;;;;;;;;4;23/07/2014;;;;;;;;;;;;;22/11/2021;1;;;;;;;;;;;;;;
2;2/12/2014;;;;;;;;;;;1;24/07/2014;;;;;;;;;;;;;23/11/2021;1;;;;;;;;;;;;;;
1;1/12/2014;;;;;;;;;;;1;25/07/2014;;;;;;;;;;;;;24/11/2021;1;;;;;;;;;;;;;;
1;29/11/2014;;;;;;;;;;;3;28/07/2014;;;;;;;;;;;;;25/11/2021;1;;;;;;;;;;;;;;
2;28/11/2014;;;;;;;;;;;1;29/07/2014;;;;;;;;;;;;;26/11/2021;1;;;;;;;;;;;;;;
6;27/11/2014;;;;;;;;;;;1;30/07/2014;;;;;;;;;;;;;1/12/2021;1;;;;;;;;;;;;;;
2;26/11/2014;;;;;;;;;;;1;3/06/2014;;;;;;;;;;;;;2/12/2021;1;;;;;;;;;;;;;;
1;25/11/2014;;;;;;;;;;;2;4/06/2014;;;;;;;;;;;;;3/12/2021;1;;;;;;;;;;;;;;
1;22/11/2014;;;;;;;;;;;1;5/06/2014;;;;;;;;;;;;;7/12/2021;1;;;;;;;;;;;;;;
1;21/11/2014;;;;;;;;;;;1;6/06/2014;;;;;;;;;;;;;8/12/2021;1;;;;;;;;;;;;;;
2;20/11/2014;;;;;;;;;;;1;7/06/2014;;;;;;;;;;;;;9/12/2021;1;;;;;;;;;;;;;;
2;19/11/2014;;;;;;;;;;;1;9/06/2014;;;;;;;;;;;;;10/12/2021;1;;;;;;;;;;;;;;
2;18/11/2014;;;;;;;;;;;2;11/06/2014;;;;;;;;;;;;;11/12/2021;1;;;;;;;;;;;;;;
2;17/11/2014;;;;;;;;;;;1;13/06/2014;;;;;;;;;;;;;12/12/2021;1;;;;;;;;;;;;;;
1;15/11/2014;;;;;;;;;;;2;14/06/2014;;;;;;;;;;;;;13/12/2021;1;;;;;;;;;;;;;;
1;14/11/2014;;;;;;;;;;;3;17/06/2014;;;;;;;;;;;;;14/12/2021;1;;;;;;;;;;;;;;
1;13/11/2014;;;;;;;;;;;2;18/06/2014;;;;;;;;;;;;;15/12/2021;1;;;;;;;;;;;;;;
1;12/11/2014;;;;;;;;;;;1;19/06/2014;;;;;;;;;;;;;16/12/2021;1;;;;;;;;;;;;;;
1;11/11/2014;;;;;;;;;;;1;20/06/2014;;;;;;;;;;;;;17/12/2021;1;;;;;;;;;;;;;;
1;10/11/2014;;;;;;;;;;;1;23/06/2014;;;;;;;;;;;;;19/12/2021;1;;;;;;;;;;;;;;
1;9/11/2014;;;;;;;;;;;2;24/06/2014;;;;;;;;;;;;;20/12/2021;1;;;;;;;;;;;;;;
1;8/11/2014;;;;;;;;;;;2;25/06/2014;;;;;;;;;;;;;21/12/2021;1;;;;;;;;;;;;;;
1;7/11/2014;;;;;;;;;;;1;26/06/2014;;;;;;;;;;;;;22/12/2021;1;;;;;;;;;;;;;;
2;6/11/2014;;;;;;;;;;;1;28/06/2014;;;;;;;;;;;;;27/12/2021;1;;;;;;;;;;;;;;
3;5/11/2014;;;;;;;;;;;1;29/06/2014;;;;;;;;;;;;;28/12/2021;1;;;;;;;;;;;;;;
3;4/11/2014;;;;;;;;;;;1;30/06/2014;;;;;;;;;;;;;29/12/2021;1;;;;;;;;;;;;;;
2;3/11/2014;;;;;;;;;;;2;1/05/2014;;;;;;;;;;;;;31/12/2021;1;;;;;;;;;;;;;;
2;2/11/2014;;;;;;;;;;;1;2/05/2014;;;;;;;;;;;;;4/01/2022;1;;;;;;;;;;;;;;
1;1/11/2014;;;;;;;;;;;1;4/05/2014;;;;;;;;;;;;;5/01/2022;1;;;;;;;;;;;;;;
1;31/10/2014;;;;;;;;;;;1;5/05/2014;;;;;;;;;;;;;6/01/2022;1;;;;;;;;;;;;;;
1;30/10/2014;;;;;;;;;;;1;6/05/2014;;;;;;;;;;;;;7/01/2022;1;;;;;;;;;;;;;;
1;29/10/2014;;;;;;;;;;;2;7/05/2014;;;;;;;;;;;;;8/01/2022;1;;;;;;;;;;;;;;
3;28/10/2014;;;;;;;;;;;2;9/05/2014;;;;;;;;;;;;;10/01/2022;1;;;;;;;;;;;;;;
3;27/10/2014;;;;;;;;;;;2;12/05/2014;;;;;;;;;;;;;11/01/2022;1;;;;;;;;;;;;;;
1;26/10/2014;;;;;;;;;;;2;14/05/2014;;;;;;;;;;;;;12/01/2022;1;;;;;;;;;;;;;;
1;25/10/2014;;;;;;;;;;;4;15/05/2014;;;;;;;;;;;;;13/01/2022;1;;;;;;;;;;;;;;
3;24/10/2014;;;;;;;;;;;2;16/05/2014;;;;;;;;;;;;;14/01/2022;1;;;;;;;;;;;;;;
2;23/10/2014;;;;;;;;;;;1;17/05/2014;;;;;;;;;;;;;15/01/2022;1;;;;;;;;;;;;;;
2;22/10/2014;;;;;;;;;;;1;18/05/2014;;;;;;;;;;;;;18/01/2022;1;;;;;;;;;;;;;;
1;21/10/2014;;;;;;;;;;;1;19/05/2014;;;;;;;;;;;;;19/01/2022;1;;;;;;;;;;;;;;
2;20/10/2014;;;;;;;;;;;1;21/05/2014;;;;;;;;;;;;;20/01/2022;1;;;;;;;;;;;;;;
1;19/10/2014;;;;;;;;;;;1;22/05/2014;;;;;;;;;;;;;21/01/2022;1;;;;;;;;;;;;;;
2;18/10/2014;;;;;;;;;;;2;23/05/2014;;;;;;;;;;;;;24/01/2022;1;;;;;;;;;;;;;;
1;17/10/2014;;;;;;;;;;;1;24/05/2014;;;;;;;;;;;;;25/01/2022;1;;;;;;;;;;;;;;
2;16/10/2014;;;;;;;;;;;1;27/05/2014;;;;;;;;;;;;;26/01/2022;1;;;;;;;;;;;;;;
2;15/10/2014;;;;;;;;;;;2;28/05/2014;;;;;;;;;;;;;27/01/2022;1;;;;;;;;;;;;;;
1;14/10/2014;;;;;;;;;;;2;29/05/2014;;;;;;;;;;;;;28/01/2022;1;;;;;;;;;;;;;;
1;13/10/2014;;;;;;;;;;;1;30/05/2014;;;;;;;;;;;;;29/01/2022;1;;;;;;;;;;;;;;
1;12/10/2014;;;;;;;;;;;2;1/04/2014;;;;;;;;;;;;;30/01/2022;1;;;;;;;;;;;;;;
2;11/10/2014;;;;;;;;;;;1;2/04/2014;;;;;;;;;;;;;1/02/2022;1;;;;;;;;;;;;;;
1;10/10/2014;;;;;;;;;;;1;3/04/2014;;;;;;;;;;;;;2/02/2022;1;;;;;;;;;;;;;;
1;8/10/2014;;;;;;;;;;;2;4/04/2014;;;;;;;;;;;;;3/02/2022;1;;;;;;;;;;;;;;
1;6/10/2014;;;;;;;;;;;2;5/04/2014;;;;;;;;;;;;;8/02/2022;1;;;;;;;;;;;;;;
2;3/10/2014;;;;;;;;;;;2;7/04/2014;;;;;;;;;;;;;9/02/2022;1;;;;;;;;;;;;;;
1;2/10/2014;;;;;;;;;;;2;8/04/2014;;;;;;;;;;;;;10/02/2022;1;;;;;;;;;;;;;;
2;1/10/2014;;;;;;;;;;;1;9/04/2014;;;;;;;;;;;;;12/02/2022;1;;;;;;;;;;;;;;
2;30/09/2014;;;;;;;;;;;1;10/04/2014;;;;;;;;;;;;;14/02/2022;1;;;;;;;;;;;;;;
1;26/09/2014;;;;;;;;;;;1;11/04/2014;;;;;;;;;;;;;16/02/2022;1;;;;;;;;;;;;;;
1;25/09/2014;;;;;;;;;;;1;12/04/2014;;;;;;;;;;;;;17/02/2022;1;;;;;;;;;;;;;;
1;24/09/2014;;;;;;;;;;;1;13/04/2014;;;;;;;;;;;;;18/02/2022;1;;;;;;;;;;;;;;
1;23/09/2014;;;;;;;;;;;1;14/04/2014;;;;;;;;;;;;;21/02/2022;1;;;;;;;;;;;;;;
1;22/09/2014;;;;;;;;;;;1;15/04/2014;;;;;;;;;;;;;22/02/2022;1;;;;;;;;;;;;;;
2;19/09/2014;;;;;;;;;;;1;16/04/2014;;;;;;;;;;;;;23/02/2022;1;;;;;;;;;;;;;;
2;18/09/2014;;;;;;;;;;;1;21/04/2014;;;;;;;;;;;;;24/02/2022;1;;;;;;;;;;;;;;
1;17/09/2014;;;;;;;;;;;2;22/04/2014;;;;;;;;;;;;;25/02/2022;1;;;;;;;;;;;;;;
1;16/09/2014;;;;;;;;;;;1;23/04/2014;;;;;;;;;;;;;27/02/2022;1;;;;;;;;;;;;;;
1;14/09/2014;;;;;;;;;;;2;24/04/2014;;;;;;;;;;;;;28/02/2022;1;;;;;;;;;;;;;;
2;13/09/2014;;;;;;;;;;;2;26/04/2014;;;;;;;;;;;;;1/03/2022;1;;;;;;;;;;;;;;
1;12/09/2014;;;;;;;;;;;3;28/04/2014;;;;;;;;;;;;;2/03/2022;1;;;;;;;;;;;;;;
2;11/09/2014;;;;;;;;;;;4;30/04/2014;;;;;;;;;;;;;4/03/2022;1;;;;;;;;;;;;;;
1;10/09/2014;;;;;;;;;;;2;1/03/2014;;;;;;;;;;;;;5/03/2022;1;;;;;;;;;;;;;;
2;9/09/2014;;;;;;;;;;;4;4/03/2014;;;;;;;;;;;;;6/03/2022;1;;;;;;;;;;;;;;
2;4/09/2014;;;;;;;;;;;2;5/03/2014;;;;;;;;;;;;;7/03/2022;1;;;;;;;;;;;;;;
1;3/09/2014;;;;;;;;;;;1;6/03/2014;;;;;;;;;;;;;8/03/2022;1;;;;;;;;;;;;;;
2;2/09/2014;;;;;;;;;;;3;7/03/2014;;;;;;;;;;;;;9/03/2022;1;;;;;;;;;;;;;;
1;1/09/2014;;;;;;;;;;;1;8/03/2014;;;;;;;;;;;;;10/03/2022;1;;;;;;;;;;;;;;
2;30/08/2014;;;;;;;;;;;4;10/03/2014;;;;;;;;;;;;;11/03/2022;1;;;;;;;;;;;;;;
1;29/08/2014;;;;;;;;;;;4;12/03/2014;;;;;;;;;;;;;15/03/2022;1;;;;;;;;;;;;;;
2;28/08/2014;;;;;;;;;;;1;13/03/2014;;;;;;;;;;;;;16/03/2022;1;;;;;;;;;;;;;;
1;27/08/2014;;;;;;;;;;;2;15/03/2014;;;;;;;;;;;;;17/03/2022;1;;;;;;;;;;;;;;
2;26/08/2014;;;;;;;;;;;1;16/03/2014;;;;;;;;;;;;;18/03/2022;1;;;;;;;;;;;;;;
2;25/08/2014;;;;;;;;;;;3;17/03/2014;;;;;;;;;;;;;19/03/2022;1;;;;;;;;;;;;;;
1;24/08/2014;;;;;;;;;;;3;18/03/2014;;;;;;;;;;;;;21/03/2022;1;;;;;;;;;;;;;;
1;23/08/2014;;;;;;;;;;;1;19/03/2014;;;;;;;;;;;;;22/03/2022;1;;;;;;;;;;;;;;
1;22/08/2014;;;;;;;;;;;1;20/03/2014;;;;;;;;;;;;;23/03/2022;1;;;;;;;;;;;;;;
1;21/08/2014;;;;;;;;;;;1;21/03/2014;;;;;;;;;;;;;24/03/2022;1;;;;;;;;;;;;;;
1;18/08/2014;;;;;;;;;;;2;22/03/2014;;;;;;;;;;;;;25/03/2022;1;;;;;;;;;;;;;;
1;17/08/2014;;;;;;;;;;;2;26/03/2014;;;;;;;;;;;;;28/03/2022;1;;;;;;;;;;;;;;
2;15/08/2014;;;;;;;;;;;3;27/03/2014;;;;;;;;;;;;;30/03/2022;1;;;;;;;;;;;;;;
2;14/08/2014;;;;;;;;;;;2;28/03/2014;;;;;;;;;;;;;31/03/2022;1;;;;;;;;;;;;;;
1;13/08/2014;;;;;;;;;;;2;1/02/2014;;;;;;;;;;;;;1/04/2022;1;;;;;;;;;;;;;;
1;9/08/2014;;;;;;;;;;;1;4/02/2014;;;;;;;;;;;;;2/04/2022;1;;;;;;;;;;;;;;
3;8/08/2014;;;;;;;;;;;1;5/02/2014;;;;;;;;;;;;;3/04/2022;1;;;;;;;;;;;;;;
1;7/08/2014;;;;;;;;;;;3;6/02/2014;;;;;;;;;;;;;4/04/2022;1;;;;;;;;;;;;;;
2;6/08/2014;;;;;;;;;;;4;7/02/2014;;;;;;;;;;;;;5/04/2022;1;;;;;;;;;;;;;;
1;5/08/2014;;;;;;;;;;;2;8/02/2014;;;;;;;;;;;;;6/04/2022;1;;;;;;;;;;;;;;
1;4/08/2014;;;;;;;;;;;1;9/02/2014;;;;;;;;;;;;;7/04/2022;1;;;;;;;;;;;;;;
1;30/07/2014;;;;;;;;;;;1;10/02/2014;;;;;;;;;;;;;8/04/2022;1;;;;;;;;;;;;;;
1;29/07/2014;;;;;;;;;;;1;11/02/2014;;;;;;;;;;;;;12/04/2022;1;;;;;;;;;;;;;;
3;28/07/2014;;;;;;;;;;;1;12/02/2014;;;;;;;;;;;;;13/04/2022;1;;;;;;;;;;;;;;
1;25/07/2014;;;;;;;;;;;1;14/02/2014;;;;;;;;;;;;;18/04/2022;1;;;;;;;;;;;;;;
1;24/07/2014;;;;;;;;;;;3;15/02/2014;;;;;;;;;;;;;19/04/2022;1;;;;;;;;;;;;;;
4;23/07/2014;;;;;;;;;;;1;16/02/2014;;;;;;;;;;;;;20/04/2022;1;;;;;;;;;;;;;;
2;22/07/2014;;;;;;;;;;;1;17/02/2014;;;;;;;;;;;;;21/04/2022;1;;;;;;;;;;;;;;
2;21/07/2014;;;;;;;;;;;1;18/02/2014;;;;;;;;;;;;;22/04/2022;1;;;;;;;;;;;;;;
1;20/07/2014;;;;;;;;;;;1;19/02/2014;;;;;;;;;;;;;25/04/2022;1;;;;;;;;;;;;;;
1;18/07/2014;;;;;;;;;;;1;20/02/2014;;;;;;;;;;;;;26/04/2022;1;;;;;;;;;;;;;;
1;17/07/2014;;;;;;;;;;;1;21/02/2014;;;;;;;;;;;;;27/04/2022;1;;;;;;;;;;;;;;
1;16/07/2014;;;;;;;;;;;4;22/02/2014;;;;;;;;;;;;;28/04/2022;1;;;;;;;;;;;;;;
1;15/07/2014;;;;;;;;;;;1;24/02/2014;;;;;;;;;;;;;29/04/2022;1;;;;;;;;;;;;;;
1;14/07/2014;;;;;;;;;;;1;26/02/2014;;;;;;;;;;;;;1/05/2022;1;;;;;;;;;;;;;;
1;13/07/2014;;;;;;;;;;;3;27/02/2014;;;;;;;;;;;;;2/05/2022;1;;;;;;;;;;;;;;
1;11/07/2014;;;;;;;;;;;2;28/02/2014;;;;;;;;;;;;;4/05/2022;1;;;;;;;;;;;;;;
1;9/07/2014;;;;;;;;;;;1;2/01/2014;;;;;;;;;;;;;5/05/2022;1;;;;;;;;;;;;;;
1;8/07/2014;;;;;;;;;;;1;3/01/2014;;;;;;;;;;;;;6/05/2022;1;;;;;;;;;;;;;;
1;7/07/2014;;;;;;;;;;;3;4/01/2014;;;;;;;;;;;;;10/05/2022;1;;;;;;;;;;;;;;
1;6/07/2014;;;;;;;;;;;2;7/01/2014;;;;;;;;;;;;;11/05/2022;1;;;;;;;;;;;;;;
3;4/07/2014;;;;;;;;;;;1;8/01/2014;;;;;;;;;;;;;12/05/2022;1;;;;;;;;;;;;;;
1;2/07/2014;;;;;;;;;;;1;9/01/2014;;;;;;;;;;;;;13/05/2022;1;;;;;;;;;;;;;;
1;1/07/2014;;;;;;;;;;;1;10/01/2014;;;;;;;;;;;;;15/05/2022;1;;;;;;;;;;;;;;
1;30/06/2014;;;;;;;;;;;2;13/01/2014;;;;;;;;;;;;;16/05/2022;1;;;;;;;;;;;;;;
1;29/06/2014;;;;;;;;;;;1;16/01/2014;;;;;;;;;;;;;17/05/2022;1;;;;;;;;;;;;;;
1;28/06/2014;;;;;;;;;;;1;17/01/2014;;;;;;;;;;;;;18/05/2022;1;;;;;;;;;;;;;;
1;26/06/2014;;;;;;;;;;;2;18/01/2014;;;;;;;;;;;;;19/05/2022;1;;;;;;;;;;;;;;
2;25/06/2014;;;;;;;;;;;1;19/01/2014;;;;;;;;;;;;;20/05/2022;1;;;;;;;;;;;;;;
2;24/06/2014;;;;;;;;;;;1;21/01/2014;;;;;;;;;;;;;22/05/2022;1;;;;;;;;;;;;;;
1;23/06/2014;;;;;;;;;;;1;22/01/2014;;;;;;;;;;;;;23/05/2022;1;;;;;;;;;;;;;;
1;20/06/2014;;;;;;;;;;;1;23/01/2014;;;;;;;;;;;;;24/05/2022;1;;;;;;;;;;;;;;
1;19/06/2014;;;;;;;;;;;1;24/01/2014;;;;;;;;;;;;;25/05/2022;1;;;;;;;;;;;;;;
2;18/06/2014;;;;;;;;;;;2;27/01/2014;;;;;;;;;;;;;27/05/2022;1;;;;;;;;;;;;;;
3;17/06/2014;;;;;;;;;;;1;29/01/2014;;;;;;;;;;;;;28/05/2022;1;;;;;;;;;;;;;;
2;14/06/2014;;;;;;;;;;;1;30/01/2014;;;;;;;;;;;;;29/05/2022;1;;;;;;;;;;;;;;
1;13/06/2014;;;;;;;;;;;1;31/01/2014;;;;;;;;;;;;;30/05/2022;1;;;;;;;;;;;;;;
2;11/06/2014;;;;;;;;;;;1;1/12/2013;;;;;;;;;;;;;31/05/2022;1;;;;;;;;;;;;;;
1;9/06/2014;;;;;;;;;;;2;2/12/2013;;;;;;;;;;;;;1/06/2022;1;;;;;;;;;;;;;;
1;7/06/2014;;;;;;;;;;;1;4/12/2013;;;;;;;;;;;;;3/06/2022;1;;;;;;;;;;;;;;
1;6/06/2014;;;;;;;;;;;3;5/12/2013;;;;;;;;;;;;;4/06/2022;1;;;;;;;;;;;;;;
1;5/06/2014;;;;;;;;;;;3;6/12/2013;;;;;;;;;;;;;6/06/2022;1;;;;;;;;;;;;;;
2;4/06/2014;;;;;;;;;;;2;7/12/2013;;;;;;;;;;;;;7/06/2022;1;;;;;;;;;;;;;;
1;3/06/2014;;;;;;;;;;;1;9/12/2013;;;;;;;;;;;;;8/06/2022;1;;;;;;;;;;;;;;
1;30/05/2014;;;;;;;;;;;2;10/12/2013;;;;;;;;;;;;;9/06/2022;1;;;;;;;;;;;;;;
2;29/05/2014;;;;;;;;;;;2;11/12/2013;;;;;;;;;;;;;10/06/2022;1;;;;;;;;;;;;;;
2;28/05/2014;;;;;;;;;;;1;12/12/2013;;;;;;;;;;;;;11/06/2022;1;;;;;;;;;;;;;;
1;27/05/2014;;;;;;;;;;;2;13/12/2013;;;;;;;;;;;;;12/06/2022;1;;;;;;;;;;;;;;
1;24/05/2014;;;;;;;;;;;4;14/12/2013;;;;;;;;;;;;;14/06/2022;1;;;;;;;;;;;;;;
2;23/05/2014;;;;;;;;;;;1;15/12/2013;;;;;;;;;;;;;15/06/2022;1;;;;;;;;;;;;;;
1;22/05/2014;;;;;;;;;;;2;16/12/2013;;;;;;;;;;;;;16/06/2022;1;;;;;;;;;;;;;;
1;21/05/2014;;;;;;;;;;;4;17/12/2013;;;;;;;;;;;;;17/06/2022;1;;;;;;;;;;;;;;
1;19/05/2014;;;;;;;;;;;1;18/12/2013;;;;;;;;;;;;;18/06/2022;1;;;;;;;;;;;;;;
1;18/05/2014;;;;;;;;;;;1;20/12/2013;;;;;;;;;;;;;20/06/2022;1;;;;;;;;;;;;;;
1;17/05/2014;;;;;;;;;;;2;21/12/2013;;;;;;;;;;;;;21/06/2022;1;;;;;;;;;;;;;;
2;16/05/2014;;;;;;;;;;;1;22/12/2013;;;;;;;;;;;;;22/06/2022;1;;;;;;;;;;;;;;
4;15/05/2014;;;;;;;;;;;1;23/12/2013;;;;;;;;;;;;;23/06/2022;1;;;;;;;;;;;;;;
2;14/05/2014;;;;;;;;;;;2;26/12/2013;;;;;;;;;;;;;24/06/2022;1;;;;;;;;;;;;;;
2;12/05/2014;;;;;;;;;;;2;28/12/2013;;;;;;;;;;;;;27/06/2022;1;;;;;;;;;;;;;;
2;9/05/2014;;;;;;;;;;;1;29/12/2013;;;;;;;;;;;;;28/06/2022;1;;;;;;;;;;;;;;
2;7/05/2014;;;;;;;;;;;1;2/11/2013;;;;;;;;;;;;;29/06/2022;1;;;;;;;;;;;;;;
1;6/05/2014;;;;;;;;;;;3;4/11/2013;;;;;;;;;;;;;30/06/2022;1;;;;;;;;;;;;;;
1;5/05/2014;;;;;;;;;;;3;5/11/2013;;;;;;;;;;;;;1/07/2022;1;;;;;;;;;;;;;;
1;4/05/2014;;;;;;;;;;;1;6/11/2013;;;;;;;;;;;;;4/07/2022;1;;;;;;;;;;;;;;
1;2/05/2014;;;;;;;;;;;3;7/11/2013;;;;;;;;;;;;;5/07/2022;1;;;;;;;;;;;;;;
2;1/05/2014;;;;;;;;;;;2;8/11/2013;;;;;;;;;;;;;6/07/2022;1;;;;;;;;;;;;;;
4;30/04/2014;;;;;;;;;;;2;9/11/2013;;;;;;;;;;;;;7/07/2022;1;;;;;;;;;;;;;;
3;28/04/2014;;;;;;;;;;;3;11/11/2013;;;;;;;;;;;;;8/07/2022;1;;;;;;;;;;;;;;
2;26/04/2014;;;;;;;;;;;1;12/11/2013;;;;;;;;;;;;;9/07/2022;1;;;;;;;;;;;;;;
2;24/04/2014;;;;;;;;;;;1;14/11/2013;;;;;;;;;;;;;12/07/2022;1;;;;;;;;;;;;;;
1;23/04/2014;;;;;;;;;;;2;15/11/2013;;;;;;;;;;;;;14/07/2022;1;;;;;;;;;;;;;;
2;22/04/2014;;;;;;;;;;;1;16/11/2013;;;;;;;;;;;;;16/07/2022;1;;;;;;;;;;;;;;
1;21/04/2014;;;;;;;;;;;1;17/11/2013;;;;;;;;;;;;;19/07/2022;1;;;;;;;;;;;;;;
1;16/04/2014;;;;;;;;;;;1;19/11/2013;;;;;;;;;;;;;20/07/2022;1;;;;;;;;;;;;;;
1;15/04/2014;;;;;;;;;;;1;20/11/2013;;;;;;;;;;;;;21/07/2022;1;;;;;;;;;;;;;;
1;14/04/2014;;;;;;;;;;;2;22/11/2013;;;;;;;;;;;;;22/07/2022;1;;;;;;;;;;;;;;
1;13/04/2014;;;;;;;;;;;1;25/11/2013;;;;;;;;;;;;;25/07/2022;1;;;;;;;;;;;;;;
1;12/04/2014;;;;;;;;;;;3;29/11/2013;;;;;;;;;;;;;26/07/2022;1;;;;;;;;;;;;;;
1;11/04/2014;;;;;;;;;;;1;30/11/2013;;;;;;;;;;;;;27/07/2022;1;;;;;;;;;;;;;;
1;10/04/2014;;;;;;;;;;;1;3/10/2013;;;;;;;;;;;;;28/07/2022;1;;;;;;;;;;;;;;
1;9/04/2014;;;;;;;;;;;1;4/10/2013;;;;;;;;;;;;;29/07/2022;1;;;;;;;;;;;;;;
2;8/04/2014;;;;;;;;;;;1;5/10/2013;;;;;;;;;;;;;30/07/2022;1;;;;;;;;;;;;;;
2;7/04/2014;;;;;;;;;;;1;6/10/2013;;;;;;;;;;;;;3/08/2022;1;;;;;;;;;;;;;;
2;5/04/2014;;;;;;;;;;;1;7/10/2013;;;;;;;;;;;;;5/08/2022;1;;;;;;;;;;;;;;
2;4/04/2014;;;;;;;;;;;1;8/10/2013;;;;;;;;;;;;;6/08/2022;1;;;;;;;;;;;;;;
1;3/04/2014;;;;;;;;;;;1;10/10/2013;;;;;;;;;;;;;8/08/2022;1;;;;;;;;;;;;;;
1;2/04/2014;;;;;;;;;;;2;14/10/2013;;;;;;;;;;;;;9/08/2022;1;;;;;;;;;;;;;;
2;1/04/2014;;;;;;;;;;;2;15/10/2013;;;;;;;;;;;;;10/08/2022;1;;;;;;;;;;;;;;
2;28/03/2014;;;;;;;;;;;1;16/10/2013;;;;;;;;;;;;;11/08/2022;1;;;;;;;;;;;;;;
3;27/03/2014;;;;;;;;;;;2;17/10/2013;;;;;;;;;;;;;12/08/2022;1;;;;;;;;;;;;;;
2;26/03/2014;;;;;;;;;;;1;18/10/2013;;;;;;;;;;;;;13/08/2022;1;;;;;;;;;;;;;;
2;22/03/2014;;;;;;;;;;;1;21/10/2013;;;;;;;;;;;;;14/08/2022;1;;;;;;;;;;;;;;
1;21/03/2014;;;;;;;;;;;2;22/10/2013;;;;;;;;;;;;;15/08/2022;1;;;;;;;;;;;;;;
1;20/03/2014;;;;;;;;;;;2;23/10/2013;;;;;;;;;;;;;16/08/2022;1;;;;;;;;;;;;;;
1;19/03/2014;;;;;;;;;;;2;28/10/2013;;;;;;;;;;;;;17/08/2022;1;;;;;;;;;;;;;;
3;18/03/2014;;;;;;;;;;;1;29/10/2013;;;;;;;;;;;;;18/08/2022;1;;;;;;;;;;;;;;
3;17/03/2014;;;;;;;;;;;1;30/10/2013;;;;;;;;;;;;;19/08/2022;1;;;;;;;;;;;;;;
1;16/03/2014;;;;;;;;;;;1;31/10/2013;;;;;;;;;;;;;21/08/2022;1;;;;;;;;;;;;;;
2;15/03/2014;;;;;;;;;;;1;2/09/2013;;;;;;;;;;;;;22/08/2022;1;;;;;;;;;;;;;;
1;13/03/2014;;;;;;;;;;;2;4/09/2013;;;;;;;;;;;;;23/08/2022;1;;;;;;;;;;;;;;
4;12/03/2014;;;;;;;;;;;2;5/09/2013;;;;;;;;;;;;;24/08/2022;1;;;;;;;;;;;;;;
4;10/03/2014;;;;;;;;;;;2;6/09/2013;;;;;;;;;;;;;25/08/2022;1;;;;;;;;;;;;;;
1;8/03/2014;;;;;;;;;;;2;9/09/2013;;;;;;;;;;;;;26/08/2022;1;;;;;;;;;;;;;;
3;7/03/2014;;;;;;;;;;;3;10/09/2013;;;;;;;;;;;;;28/08/2022;1;;;;;;;;;;;;;;
1;6/03/2014;;;;;;;;;;;1;11/09/2013;;;;;;;;;;;;;29/08/2022;1;;;;;;;;;;;;;;
2;5/03/2014;;;;;;;;;;;1;12/09/2013;;;;;;;;;;;;;31/08/2022;1;;;;;;;;;;;;;;
4;4/03/2014;;;;;;;;;;;1;13/09/2013;;;;;;;;;;;;;2/09/2022;1;;;;;;;;;;;;;;
2;1/03/2014;;;;;;;;;;;2;15/09/2013;;;;;;;;;;;;;5/09/2022;1;;;;;;;;;;;;;;
2;28/02/2014;;;;;;;;;;;1;16/09/2013;;;;;;;;;;;;;6/09/2022;1;;;;;;;;;;;;;;
3;27/02/2014;;;;;;;;;;;2;18/09/2013;;;;;;;;;;;;;7/09/2022;1;;;;;;;;;;;;;;
1;26/02/2014;;;;;;;;;;;1;19/09/2013;;;;;;;;;;;;;8/09/2022;1;;;;;;;;;;;;;;
1;24/02/2014;;;;;;;;;;;2;20/09/2013;;;;;;;;;;;;;9/09/2022;1;;;;;;;;;;;;;;
4;22/02/2014;;;;;;;;;;;1;21/09/2013;;;;;;;;;;;;;11/09/2022;1;;;;;;;;;;;;;;
1;21/02/2014;;;;;;;;;;;1;23/09/2013;;;;;;;;;;;;;12/09/2022;1;;;;;;;;;;;;;;
1;20/02/2014;;;;;;;;;;;1;24/09/2013;;;;;;;;;;;;;13/09/2022;1;;;;;;;;;;;;;;
1;19/02/2014;;;;;;;;;;;1;25/09/2013;;;;;;;;;;;;;14/09/2022;1;;;;;;;;;;;;;;
1;18/02/2014;;;;;;;;;;;1;26/09/2013;;;;;;;;;;;;;15/09/2022;1;;;;;;;;;;;;;;
1;17/02/2014;;;;;;;;;;;1;27/09/2013;;;;;;;;;;;;;16/09/2022;1;;;;;;;;;;;;;;
1;16/02/2014;;;;;;;;;;;1;30/09/2013;;;;;;;;;;;;;18/09/2022;1;;;;;;;;;;;;;;
3;15/02/2014;;;;;;;;;;;1;2/08/2013;;;;;;;;;;;;;19/09/2022;1;;;;;;;;;;;;;;
1;14/02/2014;;;;;;;;;;;2;5/08/2013;;;;;;;;;;;;;20/09/2022;1;;;;;;;;;;;;;;
1;12/02/2014;;;;;;;;;;;4;6/08/2013;;;;;;;;;;;;;21/09/2022;1;;;;;;;;;;;;;;
1;11/02/2014;;;;;;;;;;;1;7/08/2013;;;;;;;;;;;;;23/09/2022;1;;;;;;;;;;;;;;
1;10/02/2014;;;;;;;;;;;2;8/08/2013;;;;;;;;;;;;;24/09/2022;1;;;;;;;;;;;;;;
1;9/02/2014;;;;;;;;;;;1;9/08/2013;;;;;;;;;;;;;26/09/2022;1;;;;;;;;;;;;;;
2;8/02/2014;;;;;;;;;;;1;10/08/2013;;;;;;;;;;;;;27/09/2022;1;;;;;;;;;;;;;;
4;7/02/2014;;;;;;;;;;;2;12/08/2013;;;;;;;;;;;;;28/09/2022;1;;;;;;;;;;;;;;
3;6/02/2014;;;;;;;;;;;1;13/08/2013;;;;;;;;;;;;;29/09/2022;1;;;;;;;;;;;;;;
1;5/02/2014;;;;;;;;;;;2;14/08/2013;;;;;;;;;;;;;2/10/2022;1;;;;;;;;;;;;;;
1;4/02/2014;;;;;;;;;;;1;17/08/2013;;;;;;;;;;;;;3/10/2022;1;;;;;;;;;;;;;;
2;1/02/2014;;;;;;;;;;;1;18/08/2013;;;;;;;;;;;;;4/10/2022;1;;;;;;;;;;;;;;
1;31/01/2014;;;;;;;;;;;1;19/08/2013;;;;;;;;;;;;;5/10/2022;1;;;;;;;;;;;;;;
1;30/01/2014;;;;;;;;;;;1;20/08/2013;;;;;;;;;;;;;6/10/2022;1;;;;;;;;;;;;;;
1;29/01/2014;;;;;;;;;;;3;21/08/2013;;;;;;;;;;;;;8/10/2022;1;;;;;;;;;;;;;;
2;27/01/2014;;;;;;;;;;;1;22/08/2013;;;;;;;;;;;;;9/10/2022;1;;;;;;;;;;;;;;
1;24/01/2014;;;;;;;;;;;1;24/08/2013;;;;;;;;;;;;;10/10/2022;1;;;;;;;;;;;;;;
1;23/01/2014;;;;;;;;;;;1;26/08/2013;;;;;;;;;;;;;11/10/2022;1;;;;;;;;;;;;;;
1;22/01/2014;;;;;;;;;;;1;28/08/2013;;;;;;;;;;;;;12/10/2022;1;;;;;;;;;;;;;;
1;21/01/2014;;;;;;;;;;;3;29/08/2013;;;;;;;;;;;;;13/10/2022;1;;;;;;;;;;;;;;
1;19/01/2014;;;;;;;;;;;1;30/08/2013;;;;;;;;;;;;;14/10/2022;1;;;;;;;;;;;;;;
2;18/01/2014;;;;;;;;;;;1;31/08/2013;;;;;;;;;;;;;15/10/2022;1;;;;;;;;;;;;;;
1;17/01/2014;;;;;;;;;;;2;1/07/2013;;;;;;;;;;;;;16/10/2022;1;;;;;;;;;;;;;;
1;16/01/2014;;;;;;;;;;;1;3/07/2013;;;;;;;;;;;;;17/10/2022;1;;;;;;;;;;;;;;
2;13/01/2014;;;;;;;;;;;1;4/07/2013;;;;;;;;;;;;;18/10/2022;1;;;;;;;;;;;;;;
1;10/01/2014;;;;;;;;;;;1;6/07/2013;;;;;;;;;;;;;19/10/2022;1;;;;;;;;;;;;;;
1;9/01/2014;;;;;;;;;;;1;9/07/2013;;;;;;;;;;;;;20/10/2022;1;;;;;;;;;;;;;;
1;8/01/2014;;;;;;;;;;;2;10/07/2013;;;;;;;;;;;;;21/10/2022;1;;;;;;;;;;;;;;
2;7/01/2014;;;;;;;;;;;3;11/07/2013;;;;;;;;;;;;;22/10/2022;1;;;;;;;;;;;;;;
3;4/01/2014;;;;;;;;;;;2;12/07/2013;;;;;;;;;;;;;23/10/2022;1;;;;;;;;;;;;;;
1;3/01/2014;;;;;;;;;;;3;13/07/2013;;;;;;;;;;;;;24/10/2022;1;;;;;;;;;;;;;;
1;2/01/2014;;;;;;;;;;;1;14/07/2013;;;;;;;;;;;;;25/10/2022;1;;;;;;;;;;;;;;
1;29/12/2013;;;;;;;;;;;1;16/07/2013;;;;;;;;;;;;;26/10/2022;1;;;;;;;;;;;;;;
2;28/12/2013;;;;;;;;;;;3;17/07/2013;;;;;;;;;;;;;27/10/2022;1;;;;;;;;;;;;;;
2;26/12/2013;;;;;;;;;;;1;20/07/2013;;;;;;;;;;;;;28/10/2022;1;;;;;;;;;;;;;;
1;23/12/2013;;;;;;;;;;;1;21/07/2013;;;;;;;;;;;;;29/10/2022;1;;;;;;;;;;;;;;
1;22/12/2013;;;;;;;;;;;3;23/07/2013;;;;;;;;;;;;;1/11/2022;1;;;;;;;;;;;;;;
2;21/12/2013;;;;;;;;;;;2;24/07/2013;;;;;;;;;;;;;2/11/2022;1;;;;;;;;;;;;;;
1;20/12/2013;;;;;;;;;;;3;25/07/2013;;;;;;;;;;;;;3/11/2022;1;;;;;;;;;;;;;;
1;18/12/2013;;;;;;;;;;;4;26/07/2013;;;;;;;;;;;;;4/11/2022;1;;;;;;;;;;;;;;
4;17/12/2013;;;;;;;;;;;4;28/07/2013;;;;;;;;;;;;;5/11/2022;1;;;;;;;;;;;;;;
2;16/12/2013;;;;;;;;;;;1;29/07/2013;;;;;;;;;;;;;7/11/2022;1;;;;;;;;;;;;;;
1;15/12/2013;;;;;;;;;;;2;3/06/2013;;;;;;;;;;;;;8/11/2022;1;;;;;;;;;;;;;;
4;14/12/2013;;;;;;;;;;;1;4/06/2013;;;;;;;;;;;;;9/11/2022;1;;;;;;;;;;;;;;
2;13/12/2013;;;;;;;;;;;1;5/06/2013;;;;;;;;;;;;;10/11/2022;1;;;;;;;;;;;;;;
1;12/12/2013;;;;;;;;;;;3;6/06/2013;;;;;;;;;;;;;11/11/2022;1;;;;;;;;;;;;;;
2;11/12/2013;;;;;;;;;;;1;7/06/2013;;;;;;;;;;;;;12/11/2022;1;;;;;;;;;;;;;;
2;10/12/2013;;;;;;;;;;;2;8/06/2013;;;;;;;;;;;;;14/11/2022;1;;;;;;;;;;;;;;
1;9/12/2013;;;;;;;;;;;2;9/06/2013;;;;;;;;;;;;;15/11/2022;1;;;;;;;;;;;;;;
2;7/12/2013;;;;;;;;;;;1;10/06/2013;;;;;;;;;;;;;16/11/2022;1;;;;;;;;;;;;;;
3;6/12/2013;;;;;;;;;;;1;11/06/2013;;;;;;;;;;;;;17/11/2022;1;;;;;;;;;;;;;;
3;5/12/2013;;;;;;;;;;;1;12/06/2013;;;;;;;;;;;;;18/11/2022;1;;;;;;;;;;;;;;
1;4/12/2013;;;;;;;;;;;1;13/06/2013;;;;;;;;;;;;;19/11/2022;1;;;;;;;;;;;;;;
2;2/12/2013;;;;;;;;;;;2;14/06/2013;;;;;;;;;;;;;21/11/2022;1;;;;;;;;;;;;;;
1;1/12/2013;;;;;;;;;;;1;15/06/2013;;;;;;;;;;;;;22/11/2022;1;;;;;;;;;;;;;;
1;30/11/2013;;;;;;;;;;;2;17/06/2013;;;;;;;;;;;;;23/11/2022;1;;;;;;;;;;;;;;
3;29/11/2013;;;;;;;;;;;1;18/06/2013;;;;;;;;;;;;;24/11/2022;1;;;;;;;;;;;;;;
1;25/11/2013;;;;;;;;;;;2;19/06/2013;;;;;;;;;;;;;25/11/2022;1;;;;;;;;;;;;;;
2;22/11/2013;;;;;;;;;;;1;20/06/2013;;;;;;;;;;;;;26/11/2022;1;;;;;;;;;;;;;;
1;20/11/2013;;;;;;;;;;;2;21/06/2013;;;;;;;;;;;;;28/11/2022;1;;;;;;;;;;;;;;
1;19/11/2013;;;;;;;;;;;2;22/06/2013;;;;;;;;;;;;;29/11/2022;1;;;;;;;;;;;;;;
1;17/11/2013;;;;;;;;;;;1;23/06/2013;;;;;;;;;;;;;30/11/2022;1;;;;;;;;;;;;;;
1;16/11/2013;;;;;;;;;;;3;24/06/2013;;;;;;;;;;;;;1/12/2022;1;;;;;;;;;;;;;;
2;15/11/2013;;;;;;;;;;;2;25/06/2013;;;;;;;;;;;;;2/12/2022;1;;;;;;;;;;;;;;
1;14/11/2013;;;;;;;;;;;1;26/06/2013;;;;;;;;;;;;;5/12/2022;1;;;;;;;;;;;;;;
1;12/11/2013;;;;;;;;;;;1;27/06/2013;;;;;;;;;;;;;6/12/2022;1;;;;;;;;;;;;;;
3;11/11/2013;;;;;;;;;;;2;1/05/2013;;;;;;;;;;;;;7/12/2022;1;;;;;;;;;;;;;;
2;9/11/2013;;;;;;;;;;;1;2/05/2013;;;;;;;;;;;;;8/12/2022;1;;;;;;;;;;;;;;
2;8/11/2013;;;;;;;;;;;2;3/05/2013;;;;;;;;;;;;;9/12/2022;1;;;;;;;;;;;;;;
3;7/11/2013;;;;;;;;;;;3;4/05/2013;;;;;;;;;;;;;10/12/2022;1;;;;;;;;;;;;;;
1;6/11/2013;;;;;;;;;;;1;5/05/2013;;;;;;;;;;;;;11/12/2022;1;;;;;;;;;;;;;;
3;5/11/2013;;;;;;;;;;;1;8/05/2013;;;;;;;;;;;;;12/12/2022;1;;;;;;;;;;;;;;
3;4/11/2013;;;;;;;;;;;1;9/05/2013;;;;;;;;;;;;;13/12/2022;1;;;;;;;;;;;;;;
1;2/11/2013;;;;;;;;;;;1;10/05/2013;;;;;;;;;;;;;14/12/2022;1;;;;;;;;;;;;;;
1;31/10/2013;;;;;;;;;;;1;14/05/2013;;;;;;;;;;;;;15/12/2022;1;;;;;;;;;;;;;;
1;30/10/2013;;;;;;;;;;;2;15/05/2013;;;;;;;;;;;;;16/12/2022;1;;;;;;;;;;;;;;
1;29/10/2013;;;;;;;;;;;2;16/05/2013;;;;;;;;;;;;;17/12/2022;1;;;;;;;;;;;;;;
2;28/10/2013;;;;;;;;;;;4;17/05/2013;;;;;;;;;;;;;18/12/2022;1;;;;;;;;;;;;;;
2;23/10/2013;;;;;;;;;;;2;18/05/2013;;;;;;;;;;;;;19/12/2022;1;;;;;;;;;;;;;;
2;22/10/2013;;;;;;;;;;;1;19/05/2013;;;;;;;;;;;;;20/12/2022;1;;;;;;;;;;;;;;
1;21/10/2013;;;;;;;;;;;1;20/05/2013;;;;;;;;;;;;;21/12/2022;1;;;;;;;;;;;;;;
1;18/10/2013;;;;;;;;;;;3;22/05/2013;;;;;;;;;;;;;22/12/2022;1;;;;;;;;;;;;;;
2;17/10/2013;;;;;;;;;;;1;23/05/2013;;;;;;;;;;;;;24/12/2022;1;;;;;;;;;;;;;;
1;16/10/2013;;;;;;;;;;;1;27/05/2013;;;;;;;;;;;;;27/12/2022;1;;;;;;;;;;;;;;
2;15/10/2013;;;;;;;;;;;3;28/05/2013;;;;;;;;;;;;;28/12/2022;1;;;;;;;;;;;;;;
2;14/10/2013;;;;;;;;;;;3;30/05/2013;;;;;;;;;;;;;29/12/2022;1;;;;;;;;;;;;;;
1;10/10/2013;;;;;;;;;;;1;31/05/2013;;;;;;;;;;;;;30/12/2022;1;;;;;;;;;;;;;;
1;8/10/2013;;;;;;;;;;;3;2/04/2013;;;;;;;;;;;;;31/12/2022;1;;;;;;;;;;;;;;
1;7/10/2013;;;;;;;;;;;2;3/04/2013;;;;;;;;;;;;;1/01/2023;1;;;;;;;;;;;;;;
1;6/10/2013;;;;;;;;;;;1;4/04/2013;;;;;;;;;;;;;2/01/2023;1;;;;;;;;;;;;;;
1;5/10/2013;;;;;;;;;;;1;5/04/2013;;;;;;;;;;;;;3/01/2023;1;;;;;;;;;;;;;;
1;4/10/2013;;;;;;;;;;;1;6/04/2013;;;;;;;;;;;;;4/01/2023;1;;;;;;;;;;;;;;
1;3/10/2013;;;;;;;;;;;1;7/04/2013;;;;;;;;;;;;;5/01/2023;1;;;;;;;;;;;;;;
1;30/09/2013;;;;;;;;;;;1;8/04/2013;;;;;;;;;;;;;6/01/2023;1;;;;;;;;;;;;;;
1;27/09/2013;;;;;;;;;;;1;9/04/2013;;;;;;;;;;;;;8/01/2023;1;;;;;;;;;;;;;;
1;26/09/2013;;;;;;;;;;;1;10/04/2013;;;;;;;;;;;;;9/01/2023;1;;;;;;;;;;;;;;
1;25/09/2013;;;;;;;;;;;1;11/04/2013;;;;;;;;;;;;;11/01/2023;1;;;;;;;;;;;;;;
1;24/09/2013;;;;;;;;;;;1;13/04/2013;;;;;;;;;;;;;12/01/2023;1;;;;;;;;;;;;;;
1;23/09/2013;;;;;;;;;;;2;15/04/2013;;;;;;;;;;;;;13/01/2023;1;;;;;;;;;;;;;;
1;21/09/2013;;;;;;;;;;;1;16/04/2013;;;;;;;;;;;;;16/01/2023;1;;;;;;;;;;;;;;
2;20/09/2013;;;;;;;;;;;1;17/04/2013;;;;;;;;;;;;;17/01/2023;1;;;;;;;;;;;;;;
1;19/09/2013;;;;;;;;;;;3;18/04/2013;;;;;;;;;;;;;18/01/2023;1;;;;;;;;;;;;;;
2;18/09/2013;;;;;;;;;;;1;19/04/2013;;;;;;;;;;;;;19/01/2023;1;;;;;;;;;;;;;;
1;16/09/2013;;;;;;;;;;;2;20/04/2013;;;;;;;;;;;;;20/01/2023;1;;;;;;;;;;;;;;
2;15/09/2013;;;;;;;;;;;1;21/04/2013;;;;;;;;;;;;;23/01/2023;1;;;;;;;;;;;;;;
1;13/09/2013;;;;;;;;;;;1;22/04/2013;;;;;;;;;;;;;24/01/2023;1;;;;;;;;;;;;;;
1;12/09/2013;;;;;;;;;;;1;23/04/2013;;;;;;;;;;;;;25/01/2023;1;;;;;;;;;;;;;;
1;11/09/2013;;;;;;;;;;;5;24/04/2013;;;;;;;;;;;;;26/01/2023;1;;;;;;;;;;;;;;
3;10/09/2013;;;;;;;;;;;3;26/04/2013;;;;;;;;;;;;;27/01/2023;1;;;;;;;;;;;;;;
2;9/09/2013;;;;;;;;;;;2;29/04/2013;;;;;;;;;;;;;29/01/2023;1;;;;;;;;;;;;;;
2;6/09/2013;;;;;;;;;;;2;30/04/2013;;;;;;;;;;;;;30/01/2023;1;;;;;;;;;;;;;;
2;5/09/2013;;;;;;;;;;;1;1/03/2013;;;;;;;;;;;;;31/01/2023;1;;;;;;;;;;;;;;
2;4/09/2013;;;;;;;;;;;1;2/03/2013;;;;;;;;;;;;;1/02/2023;1;;;;;;;;;;;;;;
1;2/09/2013;;;;;;;;;;;1;4/03/2013;;;;;;;;;;;;;2/02/2023;1;;;;;;;;;;;;;;
1;31/08/2013;;;;;;;;;;;1;5/03/2013;;;;;;;;;;;;;3/02/2023;1;;;;;;;;;;;;;;
1;30/08/2013;;;;;;;;;;;3;7/03/2013;;;;;;;;;;;;;6/02/2023;1;;;;;;;;;;;;;;
3;29/08/2013;;;;;;;;;;;1;8/03/2013;;;;;;;;;;;;;7/02/2023;1;;;;;;;;;;;;;;
1;28/08/2013;;;;;;;;;;;1;10/03/2013;;;;;;;;;;;;;8/02/2023;1;;;;;;;;;;;;;;
1;26/08/2013;;;;;;;;;;;3;11/03/2013;;;;;;;;;;;;;9/02/2023;1;;;;;;;;;;;;;;
1;24/08/2013;;;;;;;;;;;3;12/03/2013;;;;;;;;;;;;;10/02/2023;1;;;;;;;;;;;;;;
1;22/08/2013;;;;;;;;;;;3;13/03/2013;;;;;;;;;;;;;11/02/2023;1;;;;;;;;;;;;;;
3;21/08/2013;;;;;;;;;;;2;15/03/2013;;;;;;;;;;;;;13/02/2023;1;;;;;;;;;;;;;;
1;20/08/2013;;;;;;;;;;;2;16/03/2013;;;;;;;;;;;;;14/02/2023;1;;;;;;;;;;;;;;
1;19/08/2013;;;;;;;;;;;1;18/03/2013;;;;;;;;;;;;;15/02/2023;1;;;;;;;;;;;;;;
1;18/08/2013;;;;;;;;;;;1;19/03/2013;;;;;;;;;;;;;16/02/2023;1;;;;;;;;;;;;;;
1;17/08/2013;;;;;;;;;;;2;20/03/2013;;;;;;;;;;;;;17/02/2023;1;;;;;;;;;;;;;;
2;14/08/2013;;;;;;;;;;;1;22/03/2013;;;;;;;;;;;;;18/02/2023;1;;;;;;;;;;;;;;
1;13/08/2013;;;;;;;;;;;1;26/03/2013;;;;;;;;;;;;;19/02/2023;1;;;;;;;;;;;;;;
2;12/08/2013;;;;;;;;;;;1;27/03/2013;;;;;;;;;;;;;20/02/2023;1;;;;;;;;;;;;;;
1;10/08/2013;;;;;;;;;;;1;28/03/2013;;;;;;;;;;;;;21/02/2023;1;;;;;;;;;;;;;;
1;9/08/2013;;;;;;;;;;;1;29/03/2013;;;;;;;;;;;;;22/02/2023;1;;;;;;;;;;;;;;
2;8/08/2013;;;;;;;;;;;2;1/02/2013;;;;;;;;;;;;;24/02/2023;1;;;;;;;;;;;;;;
1;7/08/2013;;;;;;;;;;;1;4/02/2013;;;;;;;;;;;;;27/02/2023;1;;;;;;;;;;;;;;
4;6/08/2013;;;;;;;;;;;1;7/02/2013;;;;;;;;;;;;;1/03/2023;1;;;;;;;;;;;;;;
2;5/08/2013;;;;;;;;;;;1;8/02/2013;;;;;;;;;;;;;2/03/2023;1;;;;;;;;;;;;;;
1;2/08/2013;;;;;;;;;;;1;9/02/2013;;;;;;;;;;;;;3/03/2023;1;;;;;;;;;;;;;;
1;29/07/2013;;;;;;;;;;;1;10/02/2013;;;;;;;;;;;;;6/03/2023;1;;;;;;;;;;;;;;
4;28/07/2013;;;;;;;;;;;1;11/02/2013;;;;;;;;;;;;;7/03/2023;1;;;;;;;;;;;;;;
4;26/07/2013;;;;;;;;;;;1;12/02/2013;;;;;;;;;;;;;8/03/2023;1;;;;;;;;;;;;;;
3;25/07/2013;;;;;;;;;;;3;13/02/2013;;;;;;;;;;;;;9/03/2023;1;;;;;;;;;;;;;;
2;24/07/2013;;;;;;;;;;;1;14/02/2013;;;;;;;;;;;;;10/03/2023;1;;;;;;;;;;;;;;
3;23/07/2013;;;;;;;;;;;1;15/02/2013;;;;;;;;;;;;;11/03/2023;1;;;;;;;;;;;;;;
1;21/07/2013;;;;;;;;;;;2;17/02/2013;;;;;;;;;;;;;12/03/2023;1;;;;;;;;;;;;;;
1;20/07/2013;;;;;;;;;;;2;18/02/2013;;;;;;;;;;;;;13/03/2023;1;;;;;;;;;;;;;;
3;17/07/2013;;;;;;;;;;;2;19/02/2013;;;;;;;;;;;;;14/03/2023;1;;;;;;;;;;;;;;
1;16/07/2013;;;;;;;;;;;2;20/02/2013;;;;;;;;;;;;;15/03/2023;1;;;;;;;;;;;;;;
1;14/07/2013;;;;;;;;;;;2;21/02/2013;;;;;;;;;;;;;16/03/2023;1;;;;;;;;;;;;;;
3;13/07/2013;;;;;;;;;;;2;23/02/2013;;;;;;;;;;;;;17/03/2023;1;;;;;;;;;;;;;;
2;12/07/2013;;;;;;;;;;;1;24/02/2013;;;;;;;;;;;;;20/03/2023;1;;;;;;;;;;;;;;
3;11/07/2013;;;;;;;;;;;1;25/02/2013;;;;;;;;;;;;;21/03/2023;1;;;;;;;;;;;;;;
2;10/07/2013;;;;;;;;;;;1;27/02/2013;;;;;;;;;;;;;22/03/2023;1;;;;;;;;;;;;;;
1;9/07/2013;;;;;;;;;;;2;28/02/2013;;;;;;;;;;;;;23/03/2023;1;;;;;;;;;;;;;;
1;6/07/2013;;;;;;;;;;;2;2/01/2013;;;;;;;;;;;;;24/03/2023;1;;;;;;;;;;;;;;
1;4/07/2013;;;;;;;;;;;3;3/01/2013;;;;;;;;;;;;;27/03/2023;1;;;;;;;;;;;;;;
1;3/07/2013;;;;;;;;;;;1;4/01/2013;;;;;;;;;;;;;28/03/2023;1;;;;;;;;;;;;;;
2;1/07/2013;;;;;;;;;;;2;5/01/2013;;;;;;;;;;;;;29/03/2023;1;;;;;;;;;;;;;;
1;27/06/2013;;;;;;;;;;;2;7/01/2013;;;;;;;;;;;;;30/03/2023;1;;;;;;;;;;;;;;
1;26/06/2013;;;;;;;;;;;1;8/01/2013;;;;;;;;;;;;;31/03/2023;1;;;;;;;;;;;;;;
2;25/06/2013;;;;;;;;;;;1;9/01/2013;;;;;;;;;;;;;3/04/2023;1;;;;;;;;;;;;;;
3;24/06/2013;;;;;;;;;;;2;10/01/2013;;;;;;;;;;;;;4/04/2023;1;;;;;;;;;;;;;;
1;23/06/2013;;;;;;;;;;;1;12/01/2013;;;;;;;;;;;;;5/04/2023;1;;;;;;;;;;;;;;
2;22/06/2013;;;;;;;;;;;1;14/01/2013;;;;;;;;;;;;;7/04/2023;1;;;;;;;;;;;;;;
2;21/06/2013;;;;;;;;;;;2;15/01/2013;;;;;;;;;;;;;10/04/2023;1;;;;;;;;;;;;;;
1;20/06/2013;;;;;;;;;;;2;16/01/2013;;;;;;;;;;;;;11/04/2023;1;;;;;;;;;;;;;;
2;19/06/2013;;;;;;;;;;;2;17/01/2013;;;;;;;;;;;;;12/04/2023;1;;;;;;;;;;;;;;
1;18/06/2013;;;;;;;;;;;1;18/01/2013;;;;;;;;;;;;;13/04/2023;1;;;;;;;;;;;;;;
2;17/06/2013;;;;;;;;;;;1;20/01/2013;;;;;;;;;;;;;14/04/2023;1;;;;;;;;;;;;;;
1;15/06/2013;;;;;;;;;;;3;22/01/2013;;;;;;;;;;;;;17/04/2023;1;;;;;;;;;;;;;;
2;14/06/2013;;;;;;;;;;;1;23/01/2013;;;;;;;;;;;;;18/04/2023;1;;;;;;;;;;;;;;
1;13/06/2013;;;;;;;;;;;3;24/01/2013;;;;;;;;;;;;;19/04/2023;1;;;;;;;;;;;;;;
1;12/06/2013;;;;;;;;;;;2;26/01/2013;;;;;;;;;;;;;20/04/2023;1;;;;;;;;;;;;;;
1;11/06/2013;;;;;;;;;;;1;27/01/2013;;;;;;;;;;;;;21/04/2023;1;;;;;;;;;;;;;;
1;10/06/2013;;;;;;;;;;;2;29/01/2013;;;;;;;;;;;;;23/04/2023;1;;;;;;;;;;;;;;
2;9/06/2013;;;;;;;;;;;1;30/01/2013;;;;;;;;;;;;;24/04/2023;1;;;;;;;;;;;;;;
2;8/06/2013;;;;;;;;;;;1;31/01/2013;;;;;;;;;;;;;25/04/2023;1;;;;;;;;;;;;;;
1;7/06/2013;;;;;;;;;;;1;3/12/2012;;;;;;;;;;;;;26/04/2023;1;;;;;;;;;;;;;;
3;6/06/2013;;;;;;;;;;;3;4/12/2012;;;;;;;;;;;;;27/04/2023;1;;;;;;;;;;;;;;
1;5/06/2013;;;;;;;;;;;1;5/12/2012;;;;;;;;;;;;;29/04/2023;1;;;;;;;;;;;;;;
1;4/06/2013;;;;;;;;;;;2;6/12/2012;;;;;;;;;;;;;1/05/2023;1;;;;;;;;;;;;;;
2;3/06/2013;;;;;;;;;;;1;8/12/2012;;;;;;;;;;;;;2/05/2023;1;;;;;;;;;;;;;;
1;31/05/2013;;;;;;;;;;;2;9/12/2012;;;;;;;;;;;;;3/05/2023;1;;;;;;;;;;;;;;
3;30/05/2013;;;;;;;;;;;1;10/12/2012;;;;;;;;;;;;;4/05/2023;1;;;;;;;;;;;;;;
3;28/05/2013;;;;;;;;;;;1;11/12/2012;;;;;;;;;;;;;5/05/2023;1;;;;;;;;;;;;;;
1;27/05/2013;;;;;;;;;;;3;12/12/2012;;;;;;;;;;;;;8/05/2023;1;;;;;;;;;;;;;;
1;23/05/2013;;;;;;;;;;;4;13/12/2012;;;;;;;;;;;;;9/05/2023;1;;;;;;;;;;;;;;
3;22/05/2013;;;;;;;;;;;2;15/12/2012;;;;;;;;;;;;;10/05/2023;1;;;;;;;;;;;;;;
1;20/05/2013;;;;;;;;;;;1;16/12/2012;;;;;;;;;;;;;11/05/2023;1;;;;;;;;;;;;;;
1;19/05/2013;;;;;;;;;;;2;17/12/2012;;;;;;;;;;;;;12/05/2023;1;;;;;;;;;;;;;;
2;18/05/2013;;;;;;;;;;;2;18/12/2012;;;;;;;;;;;;;13/05/2023;1;;;;;;;;;;;;;;
4;17/05/2013;;;;;;;;;;;3;19/12/2012;;;;;;;;;;;;;15/05/2023;1;;;;;;;;;;;;;;
2;16/05/2013;;;;;;;;;;;3;20/12/2012;;;;;;;;;;;;;16/05/2023;1;;;;;;;;;;;;;;
2;15/05/2013;;;;;;;;;;;3;21/12/2012;;;;;;;;;;;;;17/05/2023;1;;;;;;;;;;;;;;
1;14/05/2013;;;;;;;;;;;1;22/12/2012;;;;;;;;;;;;;18/05/2023;1;;;;;;;;;;;;;;
1;10/05/2013;;;;;;;;;;;1;24/12/2012;;;;;;;;;;;;;19/05/2023;1;;;;;;;;;;;;;;
1;9/05/2013;;;;;;;;;;;2;27/12/2012;;;;;;;;;;;;;24/05/2023;1;;;;;;;;;;;;;;
1;8/05/2013;;;;;;;;;;;3;28/12/2012;;;;;;;;;;;;;25/05/2023;1;;;;;;;;;;;;;;
1;5/05/2013;;;;;;;;;;;1;29/12/2012;;;;;;;;;;;;;26/05/2023;1;;;;;;;;;;;;;;
3;4/05/2013;;;;;;;;;;;1;30/12/2012;;;;;;;;;;;;;29/05/2023;1;;;;;;;;;;;;;;
2;3/05/2013;;;;;;;;;;;1;6/11/2012;;;;;;;;;;;;;30/05/2023;1;;;;;;;;;;;;;;
1;2/05/2013;;;;;;;;;;;1;9/11/2012;;;;;;;;;;;;;31/05/2023;1;;;;;;;;;;;;;;
2;1/05/2013;;;;;;;;;;;2;10/11/2012;;;;;;;;;;;;;5/06/2023;1;;;;;;;;;;;;;;
2;30/04/2013;;;;;;;;;;;2;11/11/2012;;;;;;;;;;;;;7/06/2023;1;;;;;;;;;;;;;;
2;29/04/2013;;;;;;;;;;;1;12/11/2012;;;;;;;;;;;;;8/06/2023;1;;;;;;;;;;;;;;
3;26/04/2013;;;;;;;;;;;1;13/11/2012;;;;;;;;;;;;;9/06/2023;1;;;;;;;;;;;;;;
5;24/04/2013;;;;;;;;;;;1;14/11/2012;;;;;;;;;;;;;12/06/2023;1;;;;;;;;;;;;;;
1;23/04/2013;;;;;;;;;;;1;15/11/2012;;;;;;;;;;;;;13/06/2023;1;;;;;;;;;;;;;;
1;22/04/2013;;;;;;;;;;;1;16/11/2012;;;;;;;;;;;;;14/06/2023;1;;;;;;;;;;;;;;
1;21/04/2013;;;;;;;;;;;1;17/11/2012;;;;;;;;;;;;;15/06/2023;1;;;;;;;;;;;;;;
2;20/04/2013;;;;;;;;;;;1;18/11/2012;;;;;;;;;;;;;16/06/2023;1;;;;;;;;;;;;;;
1;19/04/2013;;;;;;;;;;;1;19/11/2012;;;;;;;;;;;;;17/06/2023;1;;;;;;;;;;;;;;
3;18/04/2013;;;;;;;;;;;3;21/11/2012;;;;;;;;;;;;;19/06/2023;1;;;;;;;;;;;;;;
1;17/04/2013;;;;;;;;;;;4;23/11/2012;;;;;;;;;;;;;20/06/2023;1;;;;;;;;;;;;;;
1;16/04/2013;;;;;;;;;;;1;24/11/2012;;;;;;;;;;;;;21/06/2023;1;;;;;;;;;;;;;;
2;15/04/2013;;;;;;;;;;;1;25/11/2012;;;;;;;;;;;;;23/06/2023;1;;;;;;;;;;;;;;
1;13/04/2013;;;;;;;;;;;2;26/11/2012;;;;;;;;;;;;;24/06/2023;1;;;;;;;;;;;;;;
1;11/04/2013;;;;;;;;;;;2;27/11/2012;;;;;;;;;;;;;26/06/2023;1;;;;;;;;;;;;;;
1;10/04/2013;;;;;;;;;;;4;28/11/2012;;;;;;;;;;;;;27/06/2023;1;;;;;;;;;;;;;;
1;9/04/2013;;;;;;;;;;;2;29/11/2012;;;;;;;;;;;;;28/06/2023;1;;;;;;;;;;;;;;
1;8/04/2013;;;;;;;;;;;1;30/11/2012;;;;;;;;;;;;;5/07/2023;1;;;;;;;;;;;;;;
1;7/04/2013;;;;;;;;;;;2;1/10/2012;;;;;;;;;;;;;10/07/2023;1;;;;;;;;;;;;;;
1;6/04/2013;;;;;;;;;;;3;2/10/2012;;;;;;;;;;;;;11/07/2023;1;;;;;;;;;;;;;;
1;5/04/2013;;;;;;;;;;;2;3/10/2012;;;;;;;;;;;;;12/07/2023;1;;;;;;;;;;;;;;
1;4/04/2013;;;;;;;;;;;1;4/10/2012;;;;;;;;;;;;;13/07/2023;1;;;;;;;;;;;;;;
2;3/04/2013;;;;;;;;;;;1;5/10/2012;;;;;;;;;;;;;14/07/2023;1;;;;;;;;;;;;;;
3;2/04/2013;;;;;;;;;;;1;9/10/2012;;;;;;;;;;;;;17/07/2023;1;;;;;;;;;;;;;;
1;29/03/2013;;;;;;;;;;;2;10/10/2012;;;;;;;;;;;;;18/07/2023;1;;;;;;;;;;;;;;
1;28/03/2013;;;;;;;;;;;2;15/10/2012;;;;;;;;;;;;;19/07/2023;1;;;;;;;;;;;;;;
1;27/03/2013;;;;;;;;;;;3;16/10/2012;;;;;;;;;;;;;20/07/2023;1;;;;;;;;;;;;;;
1;26/03/2013;;;;;;;;;;;2;18/10/2012;;;;;;;;;;;;;21/07/2023;1;;;;;;;;;;;;;;
1;22/03/2013;;;;;;;;;;;1;19/10/2012;;;;;;;;;;;;;23/07/2023;1;;;;;;;;;;;;;;
2;20/03/2013;;;;;;;;;;;1;21/10/2012;;;;;;;;;;;;;24/07/2023;1;;;;;;;;;;;;;;
1;19/03/2013;;;;;;;;;;;1;22/10/2012;;;;;;;;;;;;;25/07/2023;1;;;;;;;;;;;;;;
1;18/03/2013;;;;;;;;;;;2;24/10/2012;;;;;;;;;;;;;26/07/2023;1;;;;;;;;;;;;;;
2;16/03/2013;;;;;;;;;;;2;26/10/2012;;;;;;;;;;;;;28/07/2023;1;;;;;;;;;;;;;;
2;15/03/2013;;;;;;;;;;;1;30/10/2012;;;;;;;;;;;;;29/07/2023;1;;;;;;;;;;;;;;
3;13/03/2013;;;;;;;;;;;2;31/10/2012;;;;;;;;;;;;;1/08/2023;1;;;;;;;;;;;;;;
3;12/03/2013;;;;;;;;;;;1;3/09/2012;;;;;;;;;;;;;2/08/2023;1;;;;;;;;;;;;;;
3;11/03/2013;;;;;;;;;;;1;5/09/2012;;;;;;;;;;;;;3/08/2023;1;;;;;;;;;;;;;;
1;10/03/2013;;;;;;;;;;;1;6/09/2012;;;;;;;;;;;;;4/08/2023;1;;;;;;;;;;;;;;
1;8/03/2013;;;;;;;;;;;1;7/09/2012;;;;;;;;;;;;;6/08/2023;1;;;;;;;;;;;;;;
3;7/03/2013;;;;;;;;;;;2;8/09/2012;;;;;;;;;;;;;7/08/2023;1;;;;;;;;;;;;;;
1;5/03/2013;;;;;;;;;;;1;9/09/2012;;;;;;;;;;;;;8/08/2023;1;;;;;;;;;;;;;;
1;4/03/2013;;;;;;;;;;;1;10/09/2012;;;;;;;;;;;;;9/08/2023;1;;;;;;;;;;;;;;
1;2/03/2013;;;;;;;;;;;1;12/09/2012;;;;;;;;;;;;;10/08/2023;1;;;;;;;;;;;;;;
1;1/03/2013;;;;;;;;;;;1;13/09/2012;;;;;;;;;;;;;11/08/2023;1;;;;;;;;;;;;;;
2;28/02/2013;;;;;;;;;;;2;14/09/2012;;;;;;;;;;;;;13/08/2023;1;;;;;;;;;;;;;;
1;27/02/2013;;;;;;;;;;;1;16/09/2012;;;;;;;;;;;;;14/08/2023;1;;;;;;;;;;;;;;
1;25/02/2013;;;;;;;;;;;1;18/09/2012;;;;;;;;;;;;;15/08/2023;1;;;;;;;;;;;;;;
1;24/02/2013;;;;;;;;;;;2;19/09/2012;;;;;;;;;;;;;16/08/2023;1;;;;;;;;;;;;;;
2;23/02/2013;;;;;;;;;;;1;23/09/2012;;;;;;;;;;;;;17/08/2023;1;;;;;;;;;;;;;;
2;21/02/2013;;;;;;;;;;;1;1/08/2012;;;;;;;;;;;;;18/08/2023;1;;;;;;;;;;;;;;
2;20/02/2013;;;;;;;;;;;1;4/08/2012;;;;;;;;;;;;;21/08/2023;1;;;;;;;;;;;;;;
2;19/02/2013;;;;;;;;;;;2;6/08/2012;;;;;;;;;;;;;22/08/2023;1;;;;;;;;;;;;;;
2;18/02/2013;;;;;;;;;;;1;7/08/2012;;;;;;;;;;;;;23/08/2023;1;;;;;;;;;;;;;;
2;17/02/2013;;;;;;;;;;;2;10/08/2012;;;;;;;;;;;;;24/08/2023;1;;;;;;;;;;;;;;
1;15/02/2013;;;;;;;;;;;1;11/08/2012;;;;;;;;;;;;;25/08/2023;1;;;;;;;;;;;;;;
1;14/02/2013;;;;;;;;;;;1;13/08/2012;;;;;;;;;;;;;27/08/2023;1;;;;;;;;;;;;;;
3;13/02/2013;;;;;;;;;;;3;14/08/2012;;;;;;;;;;;;;28/08/2023;1;;;;;;;;;;;;;;
1;12/02/2013;;;;;;;;;;;4;15/08/2012;;;;;;;;;;;;;29/08/2023;1;;;;;;;;;;;;;;
1;11/02/2013;;;;;;;;;;;1;17/08/2012;;;;;;;;;;;;;30/08/2023;1;;;;;;;;;;;;;;
1;10/02/2013;;;;;;;;;;;1;18/08/2012;;;;;;;;;;;;;31/08/2023;1;;;;;;;;;;;;;;
1;9/02/2013;;;;;;;;;;;1;19/08/2012;;;;;;;;;;;;;1/09/2023;1;;;;;;;;;;;;;;
1;8/02/2013;;;;;;;;;;;1;22/08/2012;;;;;;;;;;;;;4/09/2023;1;;;;;;;;;;;;;;
1;7/02/2013;;;;;;;;;;;3;23/08/2012;;;;;;;;;;;;;5/09/2023;1;;;;;;;;;;;;;;
1;4/02/2013;;;;;;;;;;;1;24/08/2012;;;;;;;;;;;;;6/09/2023;1;;;;;;;;;;;;;;
2;1/02/2013;;;;;;;;;;;2;27/08/2012;;;;;;;;;;;;;7/09/2023;1;;;;;;;;;;;;;;
1;31/01/2013;;;;;;;;;;;1;2/07/2012;;;;;;;;;;;;;8/09/2023;1;;;;;;;;;;;;;;
1;30/01/2013;;;;;;;;;;;1;3/07/2012;;;;;;;;;;;;;10/09/2023;1;;;;;;;;;;;;;;
2;29/01/2013;;;;;;;;;;;1;4/07/2012;;;;;;;;;;;;;11/09/2023;1;;;;;;;;;;;;;;
1;27/01/2013;;;;;;;;;;;2;6/07/2012;;;;;;;;;;;;;12/09/2023;1;;;;;;;;;;;;;;
2;26/01/2013;;;;;;;;;;;1;7/07/2012;;;;;;;;;;;;;13/09/2023;1;;;;;;;;;;;;;;
3;24/01/2013;;;;;;;;;;;1;10/07/2012;;;;;;;;;;;;;14/09/2023;1;;;;;;;;;;;;;;
1;23/01/2013;;;;;;;;;;;2;11/07/2012;;;;;;;;;;;;;15/09/2023;1;;;;;;;;;;;;;;
3;22/01/2013;;;;;;;;;;;2;12/07/2012;;;;;;;;;;;;;17/09/2023;1;;;;;;;;;;;;;;
1;20/01/2013;;;;;;;;;;;6;14/07/2012;;;;;;;;;;;;;18/09/2023;1;;;;;;;;;;;;;;
1;18/01/2013;;;;;;;;;;;1;17/07/2012;;;;;;;;;;;;;19/09/2023;1;;;;;;;;;;;;;;
2;17/01/2013;;;;;;;;;;;1;19/07/2012;;;;;;;;;;;;;20/09/2023;1;;;;;;;;;;;;;;
2;16/01/2013;;;;;;;;;;;1;20/07/2012;;;;;;;;;;;;;21/09/2023;1;;;;;;;;;;;;;;
2;15/01/2013;;;;;;;;;;;1;21/07/2012;;;;;;;;;;;;;22/09/2023;1;;;;;;;;;;;;;;
1;14/01/2013;;;;;;;;;;;1;23/07/2012;;;;;;;;;;;;;25/09/2023;1;;;;;;;;;;;;;;
1;12/01/2013;;;;;;;;;;;2;24/07/2012;;;;;;;;;;;;;26/09/2023;1;;;;;;;;;;;;;;
2;10/01/2013;;;;;;;;;;;1;26/07/2012;;;;;;;;;;;;;27/09/2023;1;;;;;;;;;;;;;;
1;9/01/2013;;;;;;;;;;;4;28/07/2012;;;;;;;;;;;;;28/09/2023;1;;;;;;;;;;;;;;
1;8/01/2013;;;;;;;;;;;1;29/07/2012;;;;;;;;;;;;;1/10/2023;1;;;;;;;;;;;;;;
2;7/01/2013;;;;;;;;;;;1;1/06/2012;;;;;;;;;;;;;2/10/2023;1;;;;;;;;;;;;;;
2;5/01/2013;;;;;;;;;;;1;4/06/2012;;;;;;;;;;;;;4/10/2023;1;;;;;;;;;;;;;;
1;4/01/2013;;;;;;;;;;;1;5/06/2012;;;;;;;;;;;;;5/10/2023;1;;;;;;;;;;;;;;
3;3/01/2013;;;;;;;;;;;5;6/06/2012;;;;;;;;;;;;;6/10/2023;1;;;;;;;;;;;;;;
2;2/01/2013;;;;;;;;;;;2;7/06/2012;;;;;;;;;;;;;8/10/2023;1;;;;;;;;;;;;;;
1;30/12/2012;;;;;;;;;;;5;8/06/2012;;;;;;;;;;;;;9/10/2023;1;;;;;;;;;;;;;;
1;29/12/2012;;;;;;;;;;;1;10/06/2012;;;;;;;;;;;;;10/10/2023;1;;;;;;;;;;;;;;
3;28/12/2012;;;;;;;;;;;2;11/06/2012;;;;;;;;;;;;;11/10/2023;1;;;;;;;;;;;;;;
2;27/12/2012;;;;;;;;;;;3;12/06/2012;;;;;;;;;;;;;12/10/2023;1;;;;;;;;;;;;;;
1;24/12/2012;;;;;;;;;;;3;13/06/2012;;;;;;;;;;;;;13/10/2023;1;;;;;;;;;;;;;;
1;22/12/2012;;;;;;;;;;;1;14/06/2012;;;;;;;;;;;;;14/10/2023;1;;;;;;;;;;;;;;
3;21/12/2012;;;;;;;;;;;1;15/06/2012;;;;;;;;;;;;;15/10/2023;1;;;;;;;;;;;;;;
3;20/12/2012;;;;;;;;;;;1;16/06/2012;;;;;;;;;;;;;16/10/2023;1;;;;;;;;;;;;;;
3;19/12/2012;;;;;;;;;;;1;17/06/2012;;;;;;;;;;;;;17/10/2023;1;;;;;;;;;;;;;;
2;18/12/2012;;;;;;;;;;;1;18/06/2012;;;;;;;;;;;;;18/10/2023;1;;;;;;;;;;;;;;
2;17/12/2012;;;;;;;;;;;3;19/06/2012;;;;;;;;;;;;;19/10/2023;1;;;;;;;;;;;;;;
1;16/12/2012;;;;;;;;;;;1;21/06/2012;;;;;;;;;;;;;20/10/2023;1;;;;;;;;;;;;;;
2;15/12/2012;;;;;;;;;;;1;24/06/2012;;;;;;;;;;;;;23/10/2023;1;;;;;;;;;;;;;;
4;13/12/2012;;;;;;;;;;;1;25/06/2012;;;;;;;;;;;;;24/10/2023;1;;;;;;;;;;;;;;
3;12/12/2012;;;;;;;;;;;2;26/06/2012;;;;;;;;;;;;;25/10/2023;1;;;;;;;;;;;;;;
1;11/12/2012;;;;;;;;;;;1;27/06/2012;;;;;;;;;;;;;26/10/2023;1;;;;;;;;;;;;;;
1;10/12/2012;;;;;;;;;;;1;28/06/2012;;;;;;;;;;;;;27/10/2023;1;;;;;;;;;;;;;;
2;9/12/2012;;;;;;;;;;;1;3/05/2012;;;;;;;;;;;;;30/10/2023;1;;;;;;;;;;;;;;
1;8/12/2012;;;;;;;;;;;1;4/05/2012;;;;;;;;;;;;;31/10/2023;1;;;;;;;;;;;;;;
2;6/12/2012;;;;;;;;;;;2;5/05/2012;;;;;;;;;;;;;1/11/2023;1;;;;;;;;;;;;;;
1;5/12/2012;;;;;;;;;;;1;6/05/2012;;;;;;;;;;;;;2/11/2023;1;;;;;;;;;;;;;;
3;4/12/2012;;;;;;;;;;;2;8/05/2012;;;;;;;;;;;;;3/11/2023;1;;;;;;;;;;;;;;
1;3/12/2012;;;;;;;;;;;5;9/05/2012;;;;;;;;;;;;;4/11/2023;1;;;;;;;;;;;;;;
1;30/11/2012;;;;;;;;;;;2;10/05/2012;;;;;;;;;;;;;6/11/2023;1;;;;;;;;;;;;;;
2;29/11/2012;;;;;;;;;;;4;11/05/2012;;;;;;;;;;;;;7/11/2023;1;;;;;;;;;;;;;;
4;28/11/2012;;;;;;;;;;;1;12/05/2012;;;;;;;;;;;;;8/11/2023;1;;;;;;;;;;;;;;
2;27/11/2012;;;;;;;;;;;1;14/05/2012;;;;;;;;;;;;;9/11/2023;1;;;;;;;;;;;;;;
2;26/11/2012;;;;;;;;;;;1;17/05/2012;;;;;;;;;;;;;10/11/2023;1;;;;;;;;;;;;;;
1;25/11/2012;;;;;;;;;;;2;18/05/2012;;;;;;;;;;;;;13/11/2023;1;;;;;;;;;;;;;;
1;24/11/2012;;;;;;;;;;;2;20/05/2012;;;;;;;;;;;;;14/11/2023;1;;;;;;;;;;;;;;
4;23/11/2012;;;;;;;;;;;1;21/05/2012;;;;;;;;;;;;;15/11/2023;1;;;;;;;;;;;;;;
3;21/11/2012;;;;;;;;;;;1;22/05/2012;;;;;;;;;;;;;16/11/2023;1;;;;;;;;;;;;;;
1;19/11/2012;;;;;;;;;;;1;24/05/2012;;;;;;;;;;;;;17/11/2023;1;;;;;;;;;;;;;;
1;18/11/2012;;;;;;;;;;;1;26/05/2012;;;;;;;;;;;;;18/11/2023;1;;;;;;;;;;;;;;
1;17/11/2012;;;;;;;;;;;1;28/05/2012;;;;;;;;;;;;;20/11/2023;1;;;;;;;;;;;;;;
1;16/11/2012;;;;;;;;;;;1;30/05/2012;;;;;;;;;;;;;21/11/2023;1;;;;;;;;;;;;;;
1;15/11/2012;;;;;;;;;;;1;31/05/2012;;;;;;;;;;;;;22/11/2023;1;;;;;;;;;;;;;;
1;14/11/2012;;;;;;;;;;;1;1/04/2012;;;;;;;;;;;;;23/11/2023;1;;;;;;;;;;;;;;
1;13/11/2012;;;;;;;;;;;4;3/04/2012;;;;;;;;;;;;;24/11/2023;1;;;;;;;;;;;;;;
1;12/11/2012;;;;;;;;;;;1;4/04/2012;;;;;;;;;;;;;25/11/2023;1;;;;;;;;;;;;;;
2;11/11/2012;;;;;;;;;;;1;5/04/2012;;;;;;;;;;;;;26/11/2023;1;;;;;;;;;;;;;;
2;10/11/2012;;;;;;;;;;;1;6/04/2012;;;;;;;;;;;;;27/11/2023;1;;;;;;;;;;;;;;
1;9/11/2012;;;;;;;;;;;1;9/04/2012;;;;;;;;;;;;;28/11/2023;1;;;;;;;;;;;;;;
1;6/11/2012;;;;;;;;;;;1;10/04/2012;;;;;;;;;;;;;29/11/2023;1;;;;;;;;;;;;;;
2;31/10/2012;;;;;;;;;;;1;11/04/2012;;;;;;;;;;;;;30/11/2023;1;;;;;;;;;;;;;;
1;30/10/2012;;;;;;;;;;;1;12/04/2012;;;;;;;;;;;;;1/12/2023;1;;;;;;;;;;;;;;
2;26/10/2012;;;;;;;;;;;1;13/04/2012;;;;;;;;;;;;;3/12/2023;1;;;;;;;;;;;;;;
2;24/10/2012;;;;;;;;;;;1;14/04/2012;;;;;;;;;;;;;4/12/2023;1;;;;;;;;;;;;;;
1;22/10/2012;;;;;;;;;;;1;15/04/2012;;;;;;;;;;;;;5/12/2023;1;;;;;;;;;;;;;;
1;21/10/2012;;;;;;;;;;;1;18/04/2012;;;;;;;;;;;;;6/12/2023;1;;;;;;;;;;;;;;
1;19/10/2012;;;;;;;;;;;1;21/04/2012;;;;;;;;;;;;;7/12/2023;1;;;;;;;;;;;;;;
2;18/10/2012;;;;;;;;;;;2;27/04/2012;;;;;;;;;;;;;9/12/2023;1;;;;;;;;;;;;;;
3;16/10/2012;;;;;;;;;;;1;29/04/2012;;;;;;;;;;;;;11/12/2023;1;;;;;;;;;;;;;;
2;15/10/2012;;;;;;;;;;;3;1/03/2012;;;;;;;;;;;;;13/12/2023;1;;;;;;;;;;;;;;
2;10/10/2012;;;;;;;;;;;1;2/03/2012;;;;;;;;;;;;;14/12/2023;1;;;;;;;;;;;;;;
1;9/10/2012;;;;;;;;;;;2;3/03/2012;;;;;;;;;;;;;15/12/2023;1;;;;;;;;;;;;;;
1;5/10/2012;;;;;;;;;;;1;5/03/2012;;;;;;;;;;;;;16/12/2023;1;;;;;;;;;;;;;;
1;4/10/2012;;;;;;;;;;;1;7/03/2012;;;;;;;;;;;;;18/12/2023;1;;;;;;;;;;;;;;
2;3/10/2012;;;;;;;;;;;3;8/03/2012;;;;;;;;;;;;;19/12/2023;1;;;;;;;;;;;;;;
3;2/10/2012;;;;;;;;;;;1;9/03/2012;;;;;;;;;;;;;20/12/2023;1;;;;;;;;;;;;;;
2;1/10/2012;;;;;;;;;;;2;10/03/2012;;;;;;;;;;;;;21/12/2023;1;;;;;;;;;;;;;;
1;23/09/2012;;;;;;;;;;;1;12/03/2012;;;;;;;;;;;;;22/12/2023;1;;;;;;;;;;;;;;
2;19/09/2012;;;;;;;;;;;1;13/03/2012;;;;;;;;;;;;;23/12/2023;1;;;;;;;;;;;;;;
1;18/09/2012;;;;;;;;;;;1;15/03/2012;;;;;;;;;;;;;24/12/2023;1;;;;;;;;;;;;;;
1;16/09/2012;;;;;;;;;;;2;16/03/2012;;;;;;;;;;;;;27/12/2023;1;;;;;;;;;;;;;;
2;14/09/2012;;;;;;;;;;;1;17/03/2012;;;;;;;;;;;;;28/12/2023;1;;;;;;;;;;;;;;
1;13/09/2012;;;;;;;;;;;1;18/03/2012;;;;;;;;;;;;;29/12/2023;1;;;;;;;;;;;;;;
1;12/09/2012;;;;;;;;;;;1;21/03/2012;;;;;;;;;;;;;31/12/2023;1;;;;;;;;;;;;;;
1;10/09/2012;;;;;;;;;;;1;22/03/2012;;;;;;;;;;;;;3/01/2024;1;;;;;;;;;;;;;;
1;9/09/2012;;;;;;;;;;;1;24/03/2012;;;;;;;;;;;;;6/01/2024;1;;;;;;;;;;;;;;
2;8/09/2012;;;;;;;;;;;1;25/03/2012;;;;;;;;;;;;;8/01/2024;1;;;;;;;;;;;;;;
1;7/09/2012;;;;;;;;;;;1;26/03/2012;;;;;;;;;;;;;9/01/2024;1;;;;;;;;;;;;;;
1;6/09/2012;;;;;;;;;;;1;29/03/2012;;;;;;;;;;;;;10/01/2024;1;;;;;;;;;;;;;;
1;5/09/2012;;;;;;;;;;;2;30/03/2012;;;;;;;;;;;;;11/01/2024;1;;;;;;;;;;;;;;
1;3/09/2012;;;;;;;;;;;2;2/02/2012;;;;;;;;;;;;;12/01/2024;1;;;;;;;;;;;;;;
2;27/08/2012;;;;;;;;;;;2;4/02/2012;;;;;;;;;;;;;15/01/2024;1;;;;;;;;;;;;;;
1;24/08/2012;;;;;;;;;;;1;5/02/2012;;;;;;;;;;;;;16/01/2024;1;;;;;;;;;;;;;;
3;23/08/2012;;;;;;;;;;;2;9/02/2012;;;;;;;;;;;;;17/01/2024;1;;;;;;;;;;;;;;
1;22/08/2012;;;;;;;;;;;1;11/02/2012;;;;;;;;;;;;;18/01/2024;1;;;;;;;;;;;;;;
1;19/08/2012;;;;;;;;;;;3;12/02/2012;;;;;;;;;;;;;19/01/2024;1;;;;;;;;;;;;;;
1;18/08/2012;;;;;;;;;;;1;15/02/2012;;;;;;;;;;;;;20/01/2024;1;;;;;;;;;;;;;;
1;17/08/2012;;;;;;;;;;;2;16/02/2012;;;;;;;;;;;;;21/01/2024;1;;;;;;;;;;;;;;
4;15/08/2012;;;;;;;;;;;2;17/02/2012;;;;;;;;;;;;;22/01/2024;1;;;;;;;;;;;;;;
3;14/08/2012;;;;;;;;;;;1;24/02/2012;;;;;;;;;;;;;23/01/2024;1;;;;;;;;;;;;;;
1;13/08/2012;;;;;;;;;;;3;28/02/2012;;;;;;;;;;;;;25/01/2024;1;;;;;;;;;;;;;;
1;11/08/2012;;;;;;;;;;;7;29/02/2012;;;;;;;;;;;;;26/01/2024;1;;;;;;;;;;;;;;
2;10/08/2012;;;;;;;;;;;5;7/01/2012;;;;;;;;;;;;;27/01/2024;1;;;;;;;;;;;;;;
1;7/08/2012;;;;;;;;;;;1;10/01/2012;;;;;;;;;;;;;29/01/2024;1;;;;;;;;;;;;;;
2;6/08/2012;;;;;;;;;;;2;12/01/2012;;;;;;;;;;;;;30/01/2024;1;;;;;;;;;;;;;;
1;4/08/2012;;;;;;;;;;;1;15/01/2012;;;;;;;;;;;;;31/01/2024;1;;;;;;;;;;;;;;
1;1/08/2012;;;;;;;;;;;1;17/01/2012;;;;;;;;;;;;;1/02/2024;1;;;;;;;;;;;;;;
1;29/07/2012;;;;;;;;;;;2;18/01/2012;;;;;;;;;;;;;2/02/2024;1;;;;;;;;;;;;;;
4;28/07/2012;;;;;;;;;;;1;20/01/2012;;;;;;;;;;;;;5/02/2024;1;;;;;;;;;;;;;;
1;26/07/2012;;;;;;;;;;;3;21/01/2012;;;;;;;;;;;;;6/02/2024;1;;;;;;;;;;;;;;
2;24/07/2012;;;;;;;;;;;1;22/01/2012;;;;;;;;;;;;;7/02/2024;1;;;;;;;;;;;;;;
1;23/07/2012;;;;;;;;;;;1;23/01/2012;;;;;;;;;;;;;8/02/2024;1;;;;;;;;;;;;;;
1;21/07/2012;;;;;;;;;;;1;24/01/2012;;;;;;;;;;;;;9/02/2024;1;;;;;;;;;;;;;;
1;20/07/2012;;;;;;;;;;;4;25/01/2012;;;;;;;;;;;;;12/02/2024;1;;;;;;;;;;;;;;
1;19/07/2012;;;;;;;;;;;5;26/01/2012;;;;;;;;;;;;;13/02/2024;1;;;;;;;;;;;;;;
1;17/07/2012;;;;;;;;;;;2;27/01/2012;;;;;;;;;;;;;15/02/2024;1;;;;;;;;;;;;;;
6;14/07/2012;;;;;;;;;;;4;28/01/2012;;;;;;;;;;;;;16/02/2024;1;;;;;;;;;;;;;;
2;12/07/2012;;;;;;;;;;;1;31/01/2012;;;;;;;;;;;;;19/02/2024;1;;;;;;;;;;;;;;
2;11/07/2012;;;;;;;;;;;1;1/12/2011;;;;;;;;;;;;;20/02/2024;1;;;;;;;;;;;;;;
1;10/07/2012;;;;;;;;;;;1;4/12/2011;;;;;;;;;;;;;21/02/2024;1;;;;;;;;;;;;;;
1;7/07/2012;;;;;;;;;;;2;6/12/2011;;;;;;;;;;;;;22/02/2024;1;;;;;;;;;;;;;;
2;6/07/2012;;;;;;;;;;;1;7/12/2011;;;;;;;;;;;;;23/02/2024;1;;;;;;;;;;;;;;
1;4/07/2012;;;;;;;;;;;1;9/12/2011;;;;;;;;;;;;;26/02/2024;1;;;;;;;;;;;;;;
1;3/07/2012;;;;;;;;;;;1;11/12/2011;;;;;;;;;;;;;27/02/2024;1;;;;;;;;;;;;;;
1;2/07/2012;;;;;;;;;;;3;12/12/2011;;;;;;;;;;;;;28/02/2024;1;;;;;;;;;;;;;;
1;28/06/2012;;;;;;;;;;;2;13/12/2011;;;;;;;;;;;;;29/02/2024;1;;;;;;;;;;;;;;
1;27/06/2012;;;;;;;;;;;1;14/12/2011;;;;;;;;;;;;;1/03/2024;1;;;;;;;;;;;;;;
2;26/06/2012;;;;;;;;;;;2;16/12/2011;;;;;;;;;;;;;4/03/2024;1;;;;;;;;;;;;;;
1;25/06/2012;;;;;;;;;;;1;17/12/2011;;;;;;;;;;;;;6/03/2024;1;;;;;;;;;;;;;;
1;24/06/2012;;;;;;;;;;;1;18/12/2011;;;;;;;;;;;;;7/03/2024;1;;;;;;;;;;;;;;
1;21/06/2012;;;;;;;;;;;2;20/12/2011;;;;;;;;;;;;;8/03/2024;1;;;;;;;;;;;;;;
3;19/06/2012;;;;;;;;;;;3;21/12/2011;;;;;;;;;;;;;11/03/2024;1;;;;;;;;;;;;;;
1;18/06/2012;;;;;;;;;;;5;22/12/2011;;;;;;;;;;;;;12/03/2024;1;;;;;;;;;;;;;;
1;17/06/2012;;;;;;;;;;;3;23/12/2011;;;;;;;;;;;;;13/03/2024;1;;;;;;;;;;;;;;
1;16/06/2012;;;;;;;;;;;1;28/12/2011;;;;;;;;;;;;;14/03/2024;1;;;;;;;;;;;;;;
1;15/06/2012;;;;;;;;;;;1;29/12/2011;;;;;;;;;;;;;15/03/2024;1;;;;;;;;;;;;;;
1;14/06/2012;;;;;;;;;;;3;30/12/2011;;;;;;;;;;;;;18/03/2024;1;;;;;;;;;;;;;;
3;13/06/2012;;;;;;;;;;;1;2/11/2011;;;;;;;;;;;;;20/03/2024;1;;;;;;;;;;;;;;
3;12/06/2012;;;;;;;;;;;1;3/11/2011;;;;;;;;;;;;;21/03/2024;1;;;;;;;;;;;;;;
2;11/06/2012;;;;;;;;;;;4;4/11/2011;;;;;;;;;;;;;22/03/2024;1;;;;;;;;;;;;;;
1;10/06/2012;;;;;;;;;;;2;5/11/2011;;;;;;;;;;;;;25/03/2024;1;;;;;;;;;;;;;;
5;8/06/2012;;;;;;;;;;;2;6/11/2011;;;;;;;;;;;;;26/03/2024;1;;;;;;;;;;;;;;
2;7/06/2012;;;;;;;;;;;2;7/11/2011;;;;;;;;;;;;;27/03/2024;1;;;;;;;;;;;;;;
5;6/06/2012;;;;;;;;;;;6;8/11/2011;;;;;;;;;;;;;30/03/2024;1;;;;;;;;;;;;;;
1;5/06/2012;;;;;;;;;;;1;9/11/2011;;;;;;;;;;;;;31/03/2024;1;;;;;;;;;;;;;;
1;4/06/2012;;;;;;;;;;;1;10/11/2011;;;;;;;;;;;;;1/04/2024;1;;;;;;;;;;;;;;
1;1/06/2012;;;;;;;;;;;5;11/11/2011;;;;;;;;;;;;;2/04/2024;1;;;;;;;;;;;;;;
1;31/05/2012;;;;;;;;;;;5;12/11/2011;;;;;;;;;;;;;3/04/2024;1;;;;;;;;;;;;;;
1;30/05/2012;;;;;;;;;;;6;13/11/2011;;;;;;;;;;;;;4/04/2024;1;;;;;;;;;;;;;;
1;28/05/2012;;;;;;;;;;;1;16/11/2011;;;;;;;;;;;;;5/04/2024;1;;;;;;;;;;;;;;
1;26/05/2012;;;;;;;;;;;2;18/11/2011;;;;;;;;;;;;;9/04/2024;1;;;;;;;;;;;;;;
1;24/05/2012;;;;;;;;;;;4;21/11/2011;;;;;;;;;;;;;10/04/2024;1;;;;;;;;;;;;;;
1;22/05/2012;;;;;;;;;;;1;22/11/2011;;;;;;;;;;;;;11/04/2024;1;;;;;;;;;;;;;;
1;21/05/2012;;;;;;;;;;;1;23/11/2011;;;;;;;;;;;;;12/04/2024;1;;;;;;;;;;;;;;
2;20/05/2012;;;;;;;;;;;1;24/11/2011;;;;;;;;;;;;;13/04/2024;1;;;;;;;;;;;;;;
2;18/05/2012;;;;;;;;;;;3;25/11/2011;;;;;;;;;;;;;15/04/2024;1;;;;;;;;;;;;;;
1;17/05/2012;;;;;;;;;;;1;26/11/2011;;;;;;;;;;;;;16/04/2024;1;;;;;;;;;;;;;;
1;14/05/2012;;;;;;;;;;;1;28/11/2011;;;;;;;;;;;;;17/04/2024;1;;;;;;;;;;;;;;
1;12/05/2012;;;;;;;;;;;3;29/11/2011;;;;;;;;;;;;;18/04/2024;1;;;;;;;;;;;;;;
4;11/05/2012;;;;;;;;;;;1;30/11/2011;;;;;;;;;;;;;19/04/2024;1;;;;;;;;;;;;;;
2;10/05/2012;;;;;;;;;;;1;2/10/2011;;;;;;;;;;;;;22/04/2024;1;;;;;;;;;;;;;;
5;9/05/2012;;;;;;;;;;;3;4/10/2011;;;;;;;;;;;;;23/04/2024;1;;;;;;;;;;;;;;
2;8/05/2012;;;;;;;;;;;1;5/10/2011;;;;;;;;;;;;;25/04/2024;1;;;;;;;;;;;;;;
1;6/05/2012;;;;;;;;;;;2;7/10/2011;;;;;;;;;;;;;29/04/2024;1;;;;;;;;;;;;;;
2;5/05/2012;;;;;;;;;;;5;8/10/2011;;;;;;;;;;;;;30/04/2024;1;;;;;;;;;;;;;;
1;4/05/2012;;;;;;;;;;;3;12/10/2011;;;;;;;;;;;;;1/05/2024;1;;;;;;;;;;;;;;
1;3/05/2012;;;;;;;;;;;1;13/10/2011;;;;;;;;;;;;;2/05/2024;1;;;;;;;;;;;;;;
1;29/04/2012;;;;;;;;;;;2;14/10/2011;;;;;;;;;;;;;3/05/2024;1;;;;;;;;;;;;;;
2;27/04/2012;;;;;;;;;;;3;15/10/2011;;;;;;;;;;;;;6/05/2024;1;;;;;;;;;;;;;;
1;21/04/2012;;;;;;;;;;;1;17/10/2011;;;;;;;;;;;;;7/05/2024;1;;;;;;;;;;;;;;
1;18/04/2012;;;;;;;;;;;3;18/10/2011;;;;;;;;;;;;;8/05/2024;1;;;;;;;;;;;;;;
1;15/04/2012;;;;;;;;;;;1;19/10/2011;;;;;;;;;;;;;10/05/2024;1;;;;;;;;;;;;;;
1;14/04/2012;;;;;;;;;;;2;20/10/2011;;;;;;;;;;;;;13/05/2024;1;;;;;;;;;;;;;;
1;13/04/2012;;;;;;;;;;;3;21/10/2011;;;;;;;;;;;;;14/05/2024;1;;;;;;;;;;;;;;
1;12/04/2012;;;;;;;;;;;1;22/10/2011;;;;;;;;;;;;;15/05/2024;1;;;;;;;;;;;;;;
1;11/04/2012;;;;;;;;;;;1;24/10/2011;;;;;;;;;;;;;16/05/2024;1;;;;;;;;;;;;;;
1;10/04/2012;;;;;;;;;;;1;25/10/2011;;;;;;;;;;;;;17/05/2024;1;;;;;;;;;;;;;;
1;9/04/2012;;;;;;;;;;;1;26/10/2011;;;;;;;;;;;;;19/05/2024;1;;;;;;;;;;;;;;
1;6/04/2012;;;;;;;;;;;1;27/10/2011;;;;;;;;;;;;;20/05/2024;1;;;;;;;;;;;;;;
1;5/04/2012;;;;;;;;;;;7;28/10/2011;;;;;;;;;;;;;21/05/2024;1;;;;;;;;;;;;;;
1;4/04/2012;;;;;;;;;;;4;29/10/2011;;;;;;;;;;;;;22/05/2024;1;;;;;;;;;;;;;;
4;3/04/2012;;;;;;;;;;;1;30/10/2011;;;;;;;;;;;;;23/05/2024;1;;;;;;;;;;;;;;
1;1/04/2012;;;;;;;;;;;3;1/09/2011;;;;;;;;;;;;;24/05/2024;1;;;;;;;;;;;;;;
2;30/03/2012;;;;;;;;;;;3;2/09/2011;;;;;;;;;;;;;26/05/2024;1;;;;;;;;;;;;;;
1;29/03/2012;;;;;;;;;;;1;3/09/2011;;;;;;;;;;;;;28/05/2024;1;;;;;;;;;;;;;;
1;26/03/2012;;;;;;;;;;;2;6/09/2011;;;;;;;;;;;;;29/05/2024;1;;;;;;;;;;;;;;
1;25/03/2012;;;;;;;;;;;1;7/09/2011;;;;;;;;;;;;;30/05/2024;1;;;;;;;;;;;;;;
1;24/03/2012;;;;;;;;;;;1;8/09/2011;;;;;;;;;;;;;31/05/2024;1;;;;;;;;;;;;;;
1;22/03/2012;;;;;;;;;;;1;9/09/2011;;;;;;;;;;;;;4/06/2024;1;;;;;;;;;;;;;;
1;21/03/2012;;;;;;;;;;;3;11/09/2011;;;;;;;;;;;;;5/06/2024;1;;;;;;;;;;;;;;
1;18/03/2012;;;;;;;;;;;2;12/09/2011;;;;;;;;;;;;;7/06/2024;1;;;;;;;;;;;;;;
1;17/03/2012;;;;;;;;;;;2;13/09/2011;;;;;;;;;;;;;10/06/2024;1;;;;;;;;;;;;;;
2;16/03/2012;;;;;;;;;;;2;14/09/2011;;;;;;;;;;;;;11/06/2024;1;;;;;;;;;;;;;;
1;15/03/2012;;;;;;;;;;;5;15/09/2011;;;;;;;;;;;;;12/06/2024;1;;;;;;;;;;;;;;
1;13/03/2012;;;;;;;;;;;2;16/09/2011;;;;;;;;;;;;;13/06/2024;1;;;;;;;;;;;;;;
1;12/03/2012;;;;;;;;;;;1;17/09/2011;;;;;;;;;;;;;14/06/2024;1;;;;;;;;;;;;;;
2;10/03/2012;;;;;;;;;;;2;18/09/2011;;;;;;;;;;;;;17/06/2024;1;;;;;;;;;;;;;;
1;9/03/2012;;;;;;;;;;;3;19/09/2011;;;;;;;;;;;;;18/06/2024;1;;;;;;;;;;;;;;
3;8/03/2012;;;;;;;;;;;3;20/09/2011;;;;;;;;;;;;;19/06/2024;1;;;;;;;;;;;;;;
1;7/03/2012;;;;;;;;;;;5;21/09/2011;;;;;;;;;;;;;20/06/2024;1;;;;;;;;;;;;;;
1;5/03/2012;;;;;;;;;;;3;22/09/2011;;;;;;;;;;;;;21/06/2024;1;;;;;;;;;;;;;;
2;3/03/2012;;;;;;;;;;;1;23/09/2011;;;;;;;;;;;;;23/06/2024;1;;;;;;;;;;;;;;
1;2/03/2012;;;;;;;;;;;1;25/09/2011;;;;;;;;;;;;;24/06/2024;1;;;;;;;;;;;;;;
3;1/03/2012;;;;;;;;;;;2;28/09/2011;;;;;;;;;;;;;25/06/2024;1;;;;;;;;;;;;;;
7;29/02/2012;;;;;;;;;;;3;29/09/2011;;;;;;;;;;;;;26/06/2024;1;;;;;;;;;;;;;;
3;28/02/2012;;;;;;;;;;;1;30/09/2011;;;;;;;;;;;;;27/06/2024;1;;;;;;;;;;;;;;
1;24/02/2012;;;;;;;;;;;1;1/08/2011;;;;;;;;;;;;;28/06/2024;1;;;;;;;;;;;;;;
2;17/02/2012;;;;;;;;;;;2;2/08/2011;;;;;;;;;;;;;29/06/2024;1;;;;;;;;;;;;;;
2;16/02/2012;;;;;;;;;;;1;3/08/2011;;;;;;;;;;;;;30/06/2024;1;;;;;;;;;;;;;;
1;15/02/2012;;;;;;;;;;;2;4/08/2011;;;;;;;;;;;;;3/07/2024;1;;;;;;;;;;;;;;
3;12/02/2012;;;;;;;;;;;1;7/08/2011;;;;;;;;;;;;;4/07/2024;1;;;;;;;;;;;;;;
1;11/02/2012;;;;;;;;;;;1;9/08/2011;;;;;;;;;;;;;5/07/2024;1;;;;;;;;;;;;;;
2;9/02/2012;;;;;;;;;;;1;10/08/2011;;;;;;;;;;;;;6/07/2024;1;;;;;;;;;;;;;;
1;5/02/2012;;;;;;;;;;;1;12/08/2011;;;;;;;;;;;;;8/07/2024;1;;;;;;;;;;;;;;
2;4/02/2012;;;;;;;;;;;6;13/08/2011;;;;;;;;;;;;;9/07/2024;1;;;;;;;;;;;;;;
2;2/02/2012;;;;;;;;;;;1;14/08/2011;;;;;;;;;;;;;10/07/2024;1;;;;;;;;;;;;;;
1;31/01/2012;;;;;;;;;;;1;15/08/2011;;;;;;;;;;;;;11/07/2024;1;;;;;;;;;;;;;;
4;28/01/2012;;;;;;;;;;;1;17/08/2011;;;;;;;;;;;;;12/07/2024;1;;;;;;;;;;;;;;
2;27/01/2012;;;;;;;;;;;3;18/08/2011;;;;;;;;;;;;;15/07/2024;1;;;;;;;;;;;;;;
5;26/01/2012;;;;;;;;;;;2;19/08/2011;;;;;;;;;;;;;16/07/2024;1;;;;;;;;;;;;;;
4;25/01/2012;;;;;;;;;;;2;21/08/2011;;;;;;;;;;;;;17/07/2024;1;;;;;;;;;;;;;;
1;24/01/2012;;;;;;;;;;;2;22/08/2011;;;;;;;;;;;;;18/07/2024;1;;;;;;;;;;;;;;
1;23/01/2012;;;;;;;;;;;1;23/08/2011;;;;;;;;;;;;;22/07/2024;1;;;;;;;;;;;;;;
1;22/01/2012;;;;;;;;;;;1;24/08/2011;;;;;;;;;;;;;23/07/2024;1;;;;;;;;;;;;;;
3;21/01/2012;;;;;;;;;;;1;26/08/2011;;;;;;;;;;;;;24/07/2024;1;;;;;;;;;;;;;;
1;20/01/2012;;;;;;;;;;;4;28/08/2011;;;;;;;;;;;;;25/07/2024;1;;;;;;;;;;;;;;
2;18/01/2012;;;;;;;;;;;2;31/08/2011;;;;;;;;;;;;;26/07/2024;1;;;;;;;;;;;;;;
1;17/01/2012;;;;;;;;;;;2;28/07/2011;;;;;;;;;;;;;28/07/2024;1;;;;;;;;;;;;;;
1;15/01/2012;;;;;;;;;;;1;29/07/2011;;;;;;;;;;;;;29/07/2024;1;;;;;;;;;;;;;;
2;12/01/2012;;;;;;;;;;;2;30/07/2011;;;;;;;;;;;;;31/07/2024;1;;;;;;;;;;;;;;
1;10/01/2012;;;;;;;;;;;2;2/08/2024;;;;;;;;;;;;;2/08/2024;1;;;;;;;;;;;;;;
5;7/01/2012;;;;;;;;;;;3;5/08/2024;;;;;;;;;;;;;5/08/2024;1;;;;;;;;;;;;;;
3;30/12/2011;;;;;;;;;;;2;7/08/2024;;;;;;;;;;;;;7/08/2024;1;;;;;;;;;;;;;;
1;29/12/2011;;;;;;;;;;;1;8/08/2024;;;;;;;;;;;;;8/08/2024;1;;;;;;;;;;;;;;
1;28/12/2011;;;;;;;;;;;1;11/08/2024;;;;;;;;;;;;;11/08/2024;1;;;;;;;;;;;;;;
3;23/12/2011;;;;;;;;;;;1;12/08/2024;;;;;;;;;;;;;12/08/2024;1;;;;;;;;;;;;;;
5;22/12/2011;;;;;;;;;;;3;13/08/2024;;;;;;;;;;;;;13/08/2024;1;;;;;;;;;;;;;;
3;21/12/2011;;;;;;;;;;;2;14/08/2024;;;;;;;;;;;;;14/08/2024;1;;;;;;;;;;;;;;
2;20/12/2011;;;;;;;;;;;5;15/08/2024;;;;;;;;;;;;;15/08/2024;1;;;;;;;;;;;;;;
1;18/12/2011;;;;;;;;;;;5;16/08/2024;;;;;;;;;;;;;16/08/2024;1;;;;;;;;;;;;;;
1;17/12/2011;;;;;;;;;;;3;18/08/2024;;;;;;;;;;;;;18/08/2024;1;;;;;;;;;;;;;;
2;16/12/2011;;;;;;;;;;;2;19/08/2024;;;;;;;;;;;;;19/08/2024;1;;;;;;;;;;;;;;
1;14/12/2011;;;;;;;;;;;1;20/08/2024;;;;;;;;;;;;;20/08/2024;1;;;;;;;;;;;;;;
2;13/12/2011;;;;;;;;;;;2;21/08/2024;;;;;;;;;;;;;21/08/2024;1;;;;;;;;;;;;;;
3;12/12/2011;;;;;;;;;;;3;22/08/2024;;;;;;;;;;;;;22/08/2024;1;;;;;;;;;;;;;;
1;11/12/2011;;;;;;;;;;;3;23/08/2024;;;;;;;;;;;;;23/08/2024;1;;;;;;;;;;;;;;
1;9/12/2011;;;;;;;;;;;1;26/08/2024;;;;;;;;;;;;;26/08/2024;1;;;;;;;;;;;;;;
1;7/12/2011;;;;;;;;;;;2;27/08/2024;;;;;;;;;;;;;27/08/2024;1;;;;;;;;;;;;;;
2;6/12/2011;;;;;;;;;;;3;28/08/2024;;;;;;;;;;;;;28/08/2024;1;;;;;;;;;;;;;;
1;4/12/2011;;;;;;;;;;;3;29/08/2024;;;;;;;;;;;;;29/08/2024;1;;;;;;;;;;;;;;
1;1/12/2011;;;;;;;;;;;1;30/08/2024;;;;;;;;;;;;;30/08/2024;1;;;;;;;;;;;;;;
1;30/11/2011;;;;;;;;;;;2;2/09/2024;;;;;;;;;;;;;2/09/2024;1;;;;;;;;;;;;;;
3;29/11/2011;;;;;;;;;;;3;3/09/2024;;;;;;;;;;;;;3/09/2024;1;;;;;;;;;;;;;;
1;28/11/2011;;;;;;;;;;;2;4/09/2024;;;;;;;;;;;;;4/09/2024;1;;;;;;;;;;;;;;
1;26/11/2011;;;;;;;;;;;2;5/09/2024;;;;;;;;;;;;;5/09/2024;1;;;;;;;;;;;;;;
3;25/11/2011;;;;;;;;;;;1;6/09/2024;;;;;;;;;;;;;6/09/2024;1;;;;;;;;;;;;;;
1;24/11/2011;;;;;;;;;;;1;9/09/2024;;;;;;;;;;;;;9/09/2024;1;;;;;;;;;;;;;;
1;23/11/2011;;;;;;;;;;;2;10/09/2024;;;;;;;;;;;;;10/09/2024;1;;;;;;;;;;;;;;
1;22/11/2011;;;;;;;;;;;1;11/09/2024;;;;;;;;;;;;;11/09/2024;1;;;;;;;;;;;;;;
4;21/11/2011;;;;;;;;;;;2;12/09/2024;;;;;;;;;;;;;12/09/2024;1;;;;;;;;;;;;;;
2;18/11/2011;;;;;;;;;;;1;13/09/2024;;;;;;;;;;;;;13/09/2024;1;;;;;;;;;;;;;;
1;16/11/2011;;;;;;;;;;;2;14/09/2024;;;;;;;;;;;;;14/09/2024;1;;;;;;;;;;;;;;
6;13/11/2011;;;;;;;;;;;3;16/09/2024;;;;;;;;;;;;;16/09/2024;1;;;;;;;;;;;;;;
5;12/11/2011;;;;;;;;;;;3;17/09/2024;;;;;;;;;;;;;17/09/2024;1;;;;;;;;;;;;;;
5;11/11/2011;;;;;;;;;;;3;18/09/2024;;;;;;;;;;;;;18/09/2024;1;;;;;;;;;;;;;;
1;10/11/2011;;;;;;;;;;;5;19/09/2024;;;;;;;;;;;;;19/09/2024;1;;;;;;;;;;;;;;
1;9/11/2011;;;;;;;;;;;3;20/09/2024;;;;;;;;;;;;;20/09/2024;1;;;;;;;;;;;;;;
6;8/11/2011;;;;;;;;;;;1;23/09/2024;;;;;;;;;;;;;23/09/2024;1;;;;;;;;;;;;;;
2;7/11/2011;;;;;;;;;;;3;24/09/2024;;;;;;;;;;;;;24/09/2024;1;;;;;;;;;;;;;;
2;6/11/2011;;;;;;;;;;;1;25/09/2024;;;;;;;;;;;;;25/09/2024;1;;;;;;;;;;;;;;
2;5/11/2011;;;;;;;;;;;1;27/09/2024;;;;;;;;;;;;;27/09/2024;1;;;;;;;;;;;;;;
4;4/11/2011;;;;;;;;;;;1;28/09/2024;;;;;;;;;;;;;28/09/2024;1;;;;;;;;;;;;;;
1;3/11/2011;;;;;;;;;;;1;29/09/2024;;;;;;;;;;;;;29/09/2024;1;;;;;;;;;;;;;;
1;2/11/2011;;;;;;;;;;;4;30/09/2024;;;;;;;;;;;;;30/09/2024;1;;;;;;;;;;;;;;
1;30/10/2011;;;;;;;;;;;1;1/10/2024;;;;;;;;;;;;;1/10/2024;1;;;;;;;;;;;;;;
4;29/10/2011;;;;;;;;;;;4;2/10/2024;;;;;;;;;;;;;2/10/2024;1;;;;;;;;;;;;;;
7;28/10/2011;;;;;;;;;;;2;3/10/2024;;;;;;;;;;;;;3/10/2024;1;;;;;;;;;;;;;;
1;27/10/2011;;;;;;;;;;;3;4/10/2024;;;;;;;;;;;;;4/10/2024;1;;;;;;;;;;;;;;
1;26/10/2011;;;;;;;;;;;1;8/10/2024;;;;;;;;;;;;;8/10/2024;1;;;;;;;;;;;;;;
1;25/10/2011;;;;;;;;;;;2;9/10/2024;;;;;;;;;;;;;9/10/2024;1;;;;;;;;;;;;;;
1;24/10/2011;;;;;;;;;;;2;10/10/2024;;;;;;;;;;;;;10/10/2024;1;;;;;;;;;;;;;;
1;22/10/2011;;;;;;;;;;;1;11/10/2024;;;;;;;;;;;;;11/10/2024;1;;;;;;;;;;;;;;
3;21/10/2011;;;;;;;;;;;1;12/10/2024;;;;;;;;;;;;;12/10/2024;1;;;;;;;;;;;;;;
2;20/10/2011;;;;;;;;;;;1;14/10/2024;;;;;;;;;;;;;14/10/2024;1;;;;;;;;;;;;;;
1;19/10/2011;;;;;;;;;;;1;15/10/2024;;;;;;;;;;;;;15/10/2024;1;;;;;;;;;;;;;;
3;18/10/2011;;;;;;;;;;;1;16/10/2024;;;;;;;;;;;;;16/10/2024;1;;;;;;;;;;;;;;
1;17/10/2011;;;;;;;;;;;3;17/10/2024;;;;;;;;;;;;;17/10/2024;1;;;;;;;;;;;;;;
3;15/10/2011;;;;;;;;;;;3;18/10/2024;;;;;;;;;;;;;18/10/2024;1;;;;;;;;;;;;;;
2;14/10/2011;;;;;;;;;;;1;19/10/2024;;;;;;;;;;;;;19/10/2024;1;;;;;;;;;;;;;;
1;13/10/2011;;;;;;;;;;;1;21/10/2024;;;;;;;;;;;;;21/10/2024;1;;;;;;;;;;;;;;
3;12/10/2011;;;;;;;;;;;3;22/10/2024;;;;;;;;;;;;;22/10/2024;1;;;;;;;;;;;;;;
5;8/10/2011;;;;;;;;;;;2;23/10/2024;;;;;;;;;;;;;23/10/2024;1;;;;;;;;;;;;;;
2;7/10/2011;;;;;;;;;;;1;24/10/2024;;;;;;;;;;;;;24/10/2024;1;;;;;;;;;;;;;;
1;5/10/2011;;;;;;;;;;;1;25/10/2024;;;;;;;;;;;;;25/10/2024;1;;;;;;;;;;;;;;
3;4/10/2011;;;;;;;;;;;1;28/10/2024;;;;;;;;;;;;;28/10/2024;1;;;;;;;;;;;;;;
1;2/10/2011;;;;;;;;;;;2;29/10/2024;;;;;;;;;;;;;29/10/2024;1;;;;;;;;;;;;;;
1;30/09/2011;;;;;;;;;;;4;30/10/2024;;;;;;;;;;;;;30/10/2024;1;;;;;;;;;;;;;;
3;29/09/2011;;;;;;;;;;;2;31/10/2024;;;;;;;;;;;;;31/10/2024;1;;;;;;;;;;;;;;
2;28/09/2011;;;;;;;;;;;1;2/11/2024;;;;;;;;;;;;;2/11/2024;1;;;;;;;;;;;;;;
1;25/09/2011;;;;;;;;;;;3;4/11/2024;;;;;;;;;;;;;4/11/2024;1;;;;;;;;;;;;;;
1;23/09/2011;;;;;;;;;;;3;5/11/2024;;;;;;;;;;;;;5/11/2024;1;;;;;;;;;;;;;;
3;22/09/2011;;;;;;;;;;;3;6/11/2024;;;;;;;;;;;;;6/11/2024;1;;;;;;;;;;;;;;
5;21/09/2011;;;;;;;;;;;1;7/11/2024;;;;;;;;;;;;;7/11/2024;1;;;;;;;;;;;;;;
3;20/09/2011;;;;;;;;;;;4;8/11/2024;;;;;;;;;;;;;8/11/2024;1;;;;;;;;;;;;;;
3;19/09/2011;;;;;;;;;;;5;12/11/2024;;;;;;;;;;;;;12/11/2024;1;;;;;;;;;;;;;;
2;18/09/2011;;;;;;;;;;;10;13/11/2024;;;;;;;;;;;;;13/11/2024;1;;;;;;;;;;;;;;
1;17/09/2011;;;;;;;;;;;16;14/11/2024;;;;;;;;;;;;;14/11/2024;1;;;;;;;;;;;;;;
2;16/09/2011;;;;;;;;;;;8;15/11/2024;;;;;;;;;;;;;15/11/2024;1;;;;;;;;;;;;;;
5;15/09/2011;;;;;;;;;;;12;16/11/2024;;;;;;;;;;;;;16/11/2024;1;;;;;;;;;;;;;;
2;14/09/2011;;;;;;;;;;;5;17/11/2024;;;;;;;;;;;;;17/11/2024;1;;;;;;;;;;;;;;
2;13/09/2011;;;;;;;;;;;2;19/11/2024;;;;;;;;;;;;;19/11/2024;1;;;;;;;;;;;;;;
2;12/09/2011;;;;;;;;;;;2;20/11/2024;;;;;;;;;;;;;20/11/2024;1;;;;;;;;;;;;;;
3;11/09/2011;;;;;;;;;;;3;21/11/2024;;;;;;;;;;;;;21/11/2024;1;;;;;;;;;;;;;;
1;9/09/2011;;;;;;;;;;;2;22/11/2024;;;;;;;;;;;;;22/11/2024;1;;;;;;;;;;;;;;
1;8/09/2011;;;;;;;;;;;3;25/11/2024;;;;;;;;;;;;;25/11/2024;1;;;;;;;;;;;;;;
1;7/09/2011;;;;;;;;;;;1;26/11/2024;;;;;;;;;;;;;26/11/2024;1;;;;;;;;;;;;;;
2;6/09/2011;;;;;;;;;;;3;27/11/2024;;;;;;;;;;;;;27/11/2024;1;;;;;;;;;;;;;;
1;3/09/2011;;;;;;;;;;;2;28/11/2024;;;;;;;;;;;;;28/11/2024;1;;;;;;;;;;;;;;
3;2/09/2011;;;;;;;;;;;1;29/11/2024;;;;;;;;;;;;;29/11/2024;1;;;;;;;;;;;;;;
3;1/09/2011;;;;;;;;;;;1;30/11/2024;;;;;;;;;;;;;30/11/2024;1;;;;;;;;;;;;;;
2;31/08/2011;;;;;;;;;;;2;2/12/2024;;;;;;;;;;;;;2/12/2024;1;;;;;;;;;;;;;;
4;28/08/2011;;;;;;;;;;;3;3/12/2024;;;;;;;;;;;;;3/12/2024;1;;;;;;;;;;;;;;
1;26/08/2011;;;;;;;;;;;5;4/12/2024;;;;;;;;;;;;;4/12/2024;1;;;;;;;;;;;;;;
1;24/08/2011;;;;;;;;;;;;;;;;;;;;;;;;;;;;;;;;;;;;;;;;
1;23/08/2011;;;;;;;;;;;;;;;;;;;;;;;;;;;;;;;;;;;;;;;;
2;22/08/2011;;;;;;;;;;;;;;;;;;;;;;;;;;;;;;;;;;;;;;;;
2;21/08/2011;;;;;;;;;;;;;;;;;;;;;;;;;;;;;;;;;;;;;;;;
2;19/08/2011;;;;;;;;;;;;;;;;;;;;;;;;;;;;;;;;;;;;;;;;
3;18/08/2011;;;;;;;;;;;;;;;;;;;;;;;;;;;;;;;;;;;;;;;;
1;17/08/2011;;;;;;;;;;;;;;;;;;;;;;;;;;;;;;;;;;;;;;;;
1;15/08/2011;;;;;;;;;;;;;;;;;;;;;;;;;;;;;;;;;;;;;;;;
1;14/08/2011;;;;;;;;;;;;;;;;;;;;;;;;;;;;;;;;;;;;;;;;
6;13/08/2011;;;;;;;;;;;;;;;;;;;;;;;;;;;;;;;;;;;;;;;;
1;12/08/2011;;;;;;;;;;;;;;;;;;;;;;;;;;;;;;;;;;;;;;;;
1;10/08/2011;;;;;;;;;;;;;;;;;;;;;;;;;;;;;;;;;;;;;;;;
1;9/08/2011;;;;;;;;;;;;;;;;;;;;;;;;;;;;;;;;;;;;;;;;
1;7/08/2011;;;;;;;;;;;;;;;;;;;;;;;;;;;;;;;;;;;;;;;;
2;4/08/2011;;;;;;;;;;;;;;;;;;;;;;;;;;;;;;;;;;;;;;;;
1;3/08/2011;;;;;;;;;;;;;;;;;;;;;;;;;;;;;;;;;;;;;;;;
2;2/08/2011;;;;;;;;;;;;;;;;;;;;;;;;;;;;;;;;;;;;;;;;
1;1/08/2011;;;;;;;;;;;;;;;;;;;;;;;;;;;;;;;;;;;;;;;;
2;30/07/2011;;;;;;;;;;;;;;;;;;;;;;;;;;;;;;;;;;;;;;;;
1;29/07/2011;;;;;;;;;;;;;;;;;;;;;;;;;;;;;;;;;;;;;;;;
2;28/07/2011;;;;;;;;;;;;;;;;;;;;;;;;;;;;;;;;;;;;;;;;
7260;;;;;;;;;;;;;;;;;;;;;;;;;;;;;;;;;;;;;;;;;
